"zcta","renter_hh","renter_hh_moe","total_hh","pct_renter","median_rent","rental_vacancy","median_income","median_income_renter","income_needed","severe_burden","cost_burden","poverty_rate","unemployment","renter_white_nh","renter_black","renter_asian","renter_hispanic","share_ny","county","nyc","acs_year"
"10001",11939,732,15737,0.758657939886891,3361,0.0811717352415027,129852,119009,134440,0.185278307612277,0.403069186752211,0.150816589476617,0.0568176017152484,0.473741519390234,0.098668230170031,0.187285367283692,0.181338470558673,1.00000000000006,"New York",TRUE,"2020-2024"
"10002",29732,1242,36556,0.813327497538024,1229,0.0586753731343284,48386,39920,49160,0.271543577178859,0.522366118305915,0.279341301600674,0.0814087915042344,0.245123099690569,0.0909121485268398,0.404446387730391,0.232712229247948,1.00000000000012,"New York",TRUE,"2020-2024"
"10003",15410,826,24503,0.62890258335714,3049,0.0519095506597686,154262,128120,121960,0.235708480086697,0.470468707667299,0.126166831035985,0.0624700239808153,0.74179104477612,0.0214795587280986,0.110188189487346,0.0961713173264114,1.00000000000002,"New York",TRUE,"2020-2024"
"10004",1060,283,1865,0.568364611260054,3501,0.0250648228176318,250001,201000,140040,0.194339622641509,0.511320754716981,0.0350257941895194,0.0069713400464756,0.795283018867925,0.0915094339622641,0.0716981132075472,0.0349056603773585,0.99999999999999,"New York",TRUE,"2020-2024"
"10005",4323,517,5248,0.82374237804878,3501,0.0892678034102307,190233,159691,140040,0.269257460097155,0.473513763590099,0.0425892573365823,0.0459594025277671,0.76382142030997,0.0589868147120056,0.0918343742771224,0.0448762433495258,1.00000000000003,"New York",TRUE,"2020-2024"
"10006",1812,292,2149,0.843182875756166,3501,0.0926389584376565,190170,172385,140040,0.249448123620309,0.408940397350993,0.146240234375,0.00873949579831933,0.719646799116998,0.0778145695364238,0.103752759381898,0.0612582781456954,1.00000000000003,"New York",TRUE,"2020-2024"
"10007",2326,463,3344,0.695574162679426,3501,0.0208919244676577,250001,250001,140040,0.147363872082973,0.342264477095938,0.0222160122956546,0.0180049668874172,0.767841788478074,0.0588993981083405,0.0803955288048151,0.0799656061908856,1.00000000000005,"New York",TRUE,"2020-2024"
"10009",26954,1381,30082,0.896017552024466,2006,0.0307467578737352,92876,87346,80240,0.208374481532688,0.433260912502469,0.196599803898759,0.058216231717809,0.566409438302293,0.0848111597536544,0.101061067003042,0.207390368776434,0.999999999999963,"New York",TRUE,"2020-2024"
"10010",11276,1092,15632,0.721340839303992,3326,0.0245763392498594,144969,136419,133040,0.225282743524261,0.437340386720175,0.109453617745022,0.0307610713338637,0.622472507981554,0.0830968428520752,0.139943242284498,0.0908123448031217,0.999999999999983,"New York",TRUE,"2020-2024"
"10011",17822,1215,27802,0.641033019207251,3050,0.0605339141887442,145987,126211,122000,0.199988393012594,0.440078927514364,0.0934555367146751,0.052587308015826,0.640107732016609,0.0349006845471889,0.115924138704971,0.154303669621816,1.00000000000002,"New York",TRUE,"2020-2024"
"10012",9229,823,11901,0.775481052012436,2895,0.0622568093385214,137106,133940,115800,0.198545861297539,0.39675615212528,0.107086845716526,0.0506168722907636,0.689348791851772,0.0174450102936396,0.146061328421281,0.10553689457146,1.00000000000012,"New York",TRUE,"2020-2024"
"10013",8548,879,12230,0.698937040065413,2598,0.0730142566191446,161154,126307,103920,0.246062992125984,0.466781496062992,0.123132710575066,0.0517616912235746,0.542700046794572,0.00620028076743098,0.357978474496958,0.0600140383715489,1.00000000000001,"New York",TRUE,"2020-2024"
"10014",11979,978,17218,0.695725403647346,3123,0.084915957214582,176395,154128,124920,0.197609975753377,0.382403879459647,0.0677377936634625,0.0699258291738583,0.788964020368979,0.0212872526922114,0.046414558811253,0.108857166708406,1.0000000000001,"New York",TRUE,"2020-2024"
"10016",22651,1491,30235,0.7491648751447,3433,0.0318281848561415,140381,129715,137320,0.24253164556962,0.471622554660529,0.10782908499264,0.0512449799196787,0.607876031963269,0.0367312701425986,0.200962429914794,0.11240121848925,0.999999999999955,"New York",TRUE,"2020-2024"
"10017",6602,945,9683,0.68181348755551,2925,0.0398132894014278,136705,116812,117000,0.338171036204744,0.577871410736579,0.10009188763455,0.050531914893617,0.663889730384732,0.0422599212359891,0.114510754316874,0.0870948197515904,1.00000000000008,"New York",TRUE,"2020-2024"
"10018",4254,414,4783,0.889399958185239,3501,0.0889123548046463,145958,125943,140040,0.247033179946718,0.494550738677646,0.155877844593798,0.0697975708502024,0.385049365303244,0.0578279266572638,0.330982604607428,0.159614480488952,1.00000000000007,"New York",TRUE,"2020-2024"
"10019",21120,1512,26682,0.79154486170452,2924,0.0901957545221772,128559,120106,116960,0.184941520467836,0.446150097465887,0.101555844505224,0.0449677398224871,0.543087121212121,0.0791193181818182,0.170596590909091,0.164772727272727,1.00000000000003,"New York",TRUE,"2020-2024"
"10020",0,14,0,NA,NA,NA,NA,NA,NA,NA,NA,NA,NA,NA,NA,NA,NA,0.999999999999602,"New York",TRUE,"2020-2024"
"10021",11579,1066,20953,0.552617763566077,3067,0.142888228040908,158677,122142,122680,0.206909090909091,0.390545454545455,0.0472074468085106,0.0497780976370397,0.761119267639693,0.0143362984713706,0.0812678124190345,0.118058554279299,0.999999999999972,"New York",TRUE,"2020-2024"
"10022",9018,905,18804,0.479578813018507,2985,0.0759276109594581,172026,135000,119400,0.268795424758728,0.477421660907899,0.0699486452983885,0.0560704355885079,0.758150365934797,0.0120869372366378,0.105233976491462,0.0883787979596363,1,"New York",TRUE,"2020-2024"
"10023",23354,1508,37708,0.619338071496765,3239,0.0745056497175141,159874,126611,129560,0.219610838988002,0.428616366332629,0.0843769521373115,0.0558652477135066,0.638605806285861,0.0689817590134452,0.126016956410037,0.117966943564272,1.00000000000002,"New York",TRUE,"2020-2024"
"10024",18943,1530,30120,0.628917662682603,3041,0.0823501872659176,181560,147700,121640,0.182170125819981,0.423217550274223,0.0823878287777205,0.0291021499387323,0.786517447078076,0.0316211793274561,0.0692076228686058,0.0823523201182495,1.00000000000002,"New York",TRUE,"2020-2024"
"10025",28474,1227,41334,0.688875985871196,2084,0.0677126605739119,108940,79849,83360,0.292114695340502,0.477299880525687,0.155826173803498,0.0867725492511464,0.504073891971623,0.141076069396643,0.0911708927442579,0.23554821942825,1.00000000000002,"New York",TRUE,"2020-2024"
"10026",11964,886,15634,0.765255212997314,1657,0.0385544045486409,81244,69217,66280,0.237086092715232,0.431523178807947,0.177333261443899,0.0767903767251026,0.233366766967569,0.46748579070545,0.0358575727181545,0.219324640588432,0.999999999999881,"New York",TRUE,"2020-2024"
"10027",20525,1112,24856,0.825756356614097,1531,0.0760945709281961,59587,49231,61240,0.298669634812106,0.50532676101129,0.260636293491719,0.120507011205682,0.23605359317905,0.425529841656516,0.0712302070645554,0.241071863580999,0.999999999999883,"New York",TRUE,"2020-2024"
"10028",16175,1304,26288,0.615299756542909,2825,0.023777053068485,175121,137518,113000,0.218185338151781,0.412493546721735,0.0492231148811223,0.0535800951240819,0.804884080370943,0.0158887171561051,0.046306027820711,0.0934775888717156,0.999999999999955,"New York",TRUE,"2020-2024"
"10029",31242,1523,33660,0.928163992869875,1247,0.0372382159454403,38695,35917,49880,0.296512412304371,0.532717215326498,0.309825388580333,0.115864726744673,0.151366749887971,0.289802189360476,0.099737532808399,0.433647013635491,0.999999999999973,"New York",TRUE,"2020-2024"
"10030",11306,889,13092,0.863580812710052,1282,0.0309157754010695,39802,33902,51280,0.382467895030709,0.64786897450214,0.364327545463886,0.12813840635769,0.08296479745268,0.580045993277906,0.0400672209446312,0.266937909074828,0.99999999999999,"New York",TRUE,"2020-2024"
"10031",19316,1007,22499,0.858527045646473,1769,0.0330165572646223,65283,61083,70760,0.316192560175055,0.523687089715536,0.239489812820938,0.105596651184128,0.213501760198799,0.281580037274798,0.0315282667218886,0.474114723545247,1.00000000000011,"New York",TRUE,"2020-2024"
"10032",19748,988,21584,0.914936990363232,1603,0.0284934976377186,56829,53917,64120,0.286178180484994,0.581364898130205,0.224128073184677,0.147235719868157,0.196424954425765,0.170700830463844,0.0503848490986429,0.546637634190804,1,"New York",TRUE,"2020-2024"
"10033",16811,833,19973,0.841686276473239,1726,0.0315576306463408,75040,64177,69040,0.296252416287336,0.53675874540126,0.181476544855419,0.121603806951545,0.26952590565701,0.0741776217952531,0.0446731306882398,0.627267860329546,0.999999999999949,"New York",TRUE,"2020-2024"
"10034",13527,710,15308,0.883655604912464,1629,0.0305354353074847,67754,62790,65160,0.278617710583153,0.523912372724468,0.161610268378063,0.0960062145859989,0.199748650846455,0.122052191912471,0.0379980779182376,0.645375914836993,0.999999999999856,"New York",TRUE,"2020-2024"
"10035",13939,830,15655,0.890386458000639,1326,0.0515457034118982,45121,37647,53040,0.301738473167045,0.541043083900227,0.342096269618024,0.109584630245787,0.140182222541072,0.373556209197216,0.0519405983212569,0.425640289834278,0.999999999999968,"New York",TRUE,"2020-2024"
"10036",17003,1425,18991,0.895318835237744,2358,0.0825587467362924,95638,83733,94320,0.225705892932078,0.492656315568611,0.139569752281617,0.0764134676467919,0.52214315120861,0.0843380579897665,0.150267599835323,0.164206316532377,0.999999999999951,"New York",TRUE,"2020-2024"
"10037",9014,677,9982,0.903025445802444,1445,0.0290958389821671,49153,45051,57800,0.309578730120189,0.571445914774797,0.290251975229554,0.110913466569007,0.108608830707788,0.689261149323275,0.0249611715109829,0.175948524517417,1.00000000000004,"New York",TRUE,"2020-2024"
"10038",6951,820,10162,0.68401889391852,3189,0.0301553858309191,105419,97951,127560,0.230568356374808,0.472811059907834,0.193757936895575,0.0510742110647674,0.435189181412746,0.0922169472018415,0.283987915407855,0.161847216227881,0.999999999999981,"New York",TRUE,"2020-2024"
"10039",11195,839,12966,0.863412000616998,1200,0.0483175866069949,45371,41751,48000,0.260773276737104,0.551536403063578,0.284726936130824,0.174579938900204,0.0598481464939705,0.586511835640911,0.0060741402411791,0.28164359088879,1.00000000000004,"New York",TRUE,"2020-2024"
"10040",13347,831,15861,0.841498013996595,1685,0.0249234196602618,65516,60690,67400,0.34214263174503,0.536289050173556,0.173281234038206,0.150829903667858,0.253090582153293,0.0862366074773357,0.0113134037611448,0.662171274443695,0.99999999999998,"New York",TRUE,"2020-2024"
"10044",4199,419,5175,0.811400966183575,3327,0.0129751877987708,103347,101861,133080,0.320067944673623,0.565154088813395,0.119545118343195,0.0430739109153206,0.398904501071684,0.115979995236961,0.309121219337938,0.126458680638247,0.999999999999498,"New York",TRUE,"2020-2024"
"10065",10336,880,16188,0.63849765258216,2907,0.103716360529688,155331,140708,116280,0.23685004525797,0.447953334003822,0.0626161217771114,0.0382799325463744,0.743614551083591,0.0230263157894737,0.107488390092879,0.0848490712074303,0.9999999999999,"New York",TRUE,"2020-2024"
"10069",2100,512,2934,0.715746421267894,3501,0,233636,180682,140040,0.207515423443634,0.417274256870443,0.254877861422646,0.210832700582131,0.494761904761905,0.0595238095238095,0.232380952380952,0.0866666666666667,1.00000000000015,"New York",TRUE,"2020-2024"
"10075",6328,845,11519,0.549353242468964,2658,0.0492083868207103,155902,123317,106320,0.211774744027304,0.48122866894198,0.1470918797415,0.0382109945980299,0.786346396965866,0.0225979772439949,0.0764854614412137,0.0870733249051833,1.00000000000006,"New York",TRUE,"2020-2024"
"10103",0,14,0,NA,NA,NA,NA,NA,NA,NA,NA,NA,NA,NA,NA,NA,NA,1,"New York",TRUE,"2020-2024"
"10110",0,14,0,NA,NA,NA,NA,NA,NA,NA,NA,NA,NA,NA,NA,NA,NA,1.00000000000014,"New York",TRUE,"2020-2024"
"10111",0,14,0,NA,NA,NA,NA,NA,NA,NA,NA,NA,NA,NA,NA,NA,NA,0.99999999999985,"New York",TRUE,"2020-2024"
"10112",0,14,0,NA,NA,NA,NA,NA,NA,NA,NA,NA,NA,NA,NA,NA,NA,0.999999999999099,"New York",TRUE,"2020-2024"
"10115",0,14,0,NA,NA,NA,NA,NA,NA,NA,NA,NA,NA,NA,NA,NA,NA,0.999999999999718,"New York",TRUE,"2020-2024"
"10119",0,14,0,NA,NA,NA,NA,NA,NA,NA,NA,NA,NA,NA,NA,NA,NA,1.0000000000004,"New York",TRUE,"2020-2024"
"10128",21089,1459,30601,0.689160484951472,2647,0.0537054100302751,147772,121734,105880,0.242094323749196,0.407878457960113,0.0892485789546652,0.0555555555555556,0.681729811750202,0.0582768267817346,0.102470482241927,0.12319218549955,1.00000000000012,"New York",TRUE,"2020-2024"
"10152",0,14,4,0,NA,NA,NA,NA,NA,NA,NA,0,0,NA,NA,NA,NA,0.9999999999997,"New York",TRUE,"2020-2024"
"10153",0,14,0,NA,NA,NA,NA,NA,NA,NA,NA,NA,NA,NA,NA,NA,NA,1.0000000000003,"New York",TRUE,"2020-2024"
"10154",0,14,0,NA,NA,NA,NA,NA,NA,NA,NA,NA,NA,NA,NA,NA,NA,0.999999999999398,"New York",TRUE,"2020-2024"
"10162",746,331,751,0.993342210386152,3501,0.0580808080808081,114139,114000,140040,0.495225102319236,0.51568894952251,0.0368059887710543,0,0.932975871313673,0.0254691689008043,0.0415549597855228,0,0.999999999999759,"New York",TRUE,"2020-2024"
"10165",0,14,0,NA,NA,NA,NA,NA,NA,NA,NA,NA,NA,NA,NA,NA,NA,1.00000000000029,"New York",TRUE,"2020-2024"
"10167",0,14,0,NA,NA,NA,NA,NA,NA,NA,NA,NA,NA,NA,NA,NA,NA,1,"New York",TRUE,"2020-2024"
"10168",0,14,0,NA,NA,NA,NA,NA,NA,NA,NA,NA,NA,NA,NA,NA,NA,0.999999999999859,"New York",TRUE,"2020-2024"
"10169",0,14,0,NA,NA,NA,NA,NA,NA,NA,NA,NA,NA,NA,NA,NA,NA,1,"New York",TRUE,"2020-2024"
"10170",0,14,0,NA,NA,NA,NA,NA,NA,NA,NA,NA,NA,NA,NA,NA,NA,1.0000000000003,"New York",TRUE,"2020-2024"
"10171",0,14,0,NA,NA,NA,NA,NA,NA,NA,NA,NA,NA,NA,NA,NA,NA,1.0000000000006,"New York",TRUE,"2020-2024"
"10172",0,14,0,NA,NA,NA,NA,NA,NA,NA,NA,NA,NA,NA,NA,NA,NA,1,"New York",TRUE,"2020-2024"
"10173",0,14,0,NA,NA,NA,NA,NA,NA,NA,NA,NA,NA,NA,NA,NA,NA,0.999999999999855,"New York",TRUE,"2020-2024"
"10174",0,14,0,NA,NA,NA,NA,NA,NA,NA,NA,NA,NA,NA,NA,NA,NA,0.999999999999718,"New York",TRUE,"2020-2024"
"10177",0,14,0,NA,NA,NA,NA,NA,NA,NA,NA,NA,NA,NA,NA,NA,NA,1.00000000000069,"New York",TRUE,"2020-2024"
"10199",0,14,0,NA,NA,NA,NA,NA,NA,NA,NA,NA,NA,NA,NA,NA,NA,1.00000000000006,"New York",TRUE,"2020-2024"
"10271",0,14,0,NA,NA,NA,NA,NA,NA,NA,NA,NA,NA,NA,NA,NA,NA,1,"New York",TRUE,"2020-2024"
"10278",0,14,0,NA,NA,NA,NA,NA,NA,NA,NA,NA,NA,NA,NA,NA,NA,1,"New York",TRUE,"2020-2024"
"10279",84,75,84,1,3501,0,250001,250001,140040,0,0,0,0,1,0,0,0,0.999999999999655,"New York",TRUE,"2020-2024"
"10280",2780,622,4237,0.65612461647392,3501,0,206299,250001,140040,0.219064748201439,0.342805755395683,0.037277510354864,0.0161729141475212,0.749640287769784,0.0158273381294964,0.215107913669065,0.0129496402877698,1.00000000000008,"New York",TRUE,"2020-2024"
"10282",2104,373,2353,0.894177645558861,3501,0,250001,250001,140040,0.171455938697318,0.399904214559387,0.0577543740445048,0.0639371845204711,0.753326996197719,0.0446768060836502,0.143060836501901,0.0204372623574144,1.00000000000014,"New York",TRUE,"2020-2024"
"10301",7900,618,14584,0.541689522764674,1701,0.0425660195345472,85609,63155,68040,0.275445816186557,0.554320987654321,0.187224889955982,0.0851531734260727,0.327848101265823,0.309493670886076,0.0593670886075949,0.278860759493671,0.999999999999994,"Richmond",TRUE,"2020-2024"
"10302",2722,451,6056,0.449471598414795,1800,0.0364601769911504,78263,46062,72000,0.428867689755288,0.728328494400664,0.170849776374638,0.0431978583596982,0.175238795003674,0.227406318883174,0.0536370315944159,0.542248346803821,1.00000000000003,"Richmond",TRUE,"2020-2024"
"10303",3053,408,8778,0.347801321485532,1596,0.0410015649452269,83947,37942,63840,0.414103007258901,0.608019357068787,0.178561972843148,0.0961687606638747,0.141172617097936,0.393056010481494,0.0317720275139207,0.439240091713069,1.00000000000009,"Richmond",TRUE,"2020-2024"
"10304",7988,617,15738,0.507561316558648,1500,0.0298704414587332,71561,42190,60000,0.316629302386918,0.558486087300541,0.183384448854411,0.0554032543332154,0.225212819228843,0.349023535302954,0.0618427641462193,0.36379569354031,0.999999999999965,"Richmond",TRUE,"2020-2024"
"10305",5537,556,15774,0.351020666920249,1667,0.0593177617207192,83413,51789,66680,0.32953181272509,0.55422168867547,0.111100222935398,0.0608794219052567,0.512010113780025,0.101499006682319,0.0888567816507134,0.292757811089037,1.00000000000002,"Richmond",TRUE,"2020-2024"
"10306",6163,680,20073,0.307029342898421,1842,0.0442640526880074,96866,62549,73680,0.340468909276249,0.597009853890588,0.0940041810867312,0.0713738089153372,0.64351776732111,0.0799935096543891,0.0313159175726107,0.242738925847801,0.999999999999955,"Richmond",TRUE,"2020-2024"
"10307",822,235,5211,0.157743235463443,1821,0.0486111111111111,147184,73824,72840,0.174174174174174,0.426426426426426,0.0601460042638413,0.0242127546970098,0.745742092457421,0,0,0.166666666666667,1.00000000000001,"Richmond",TRUE,"2020-2024"
"10308",2128,364,10510,0.202473834443387,1886,0.10210970464135,125850,81404,75440,0.225749559082892,0.580246913580247,0.0609999672571298,0.046855657340926,0.642387218045113,0.0422932330827068,0.0150375939849624,0.25093984962406,1.00000000000004,"Richmond",TRUE,"2020-2024"
"10309",2892,768,12222,0.236622484045164,1893,0.0505581089954038,116098,66566,75720,0.392897196261682,0.657196261682243,0.0709961950882048,0.043944143630664,0.791839557399723,0,0.0235131396957123,0.184647302904564,1.00000000000004,"Richmond",TRUE,"2020-2024"
"10310",3615,464,8921,0.405223629637933,1680,0.0582726326742976,106250,44057,67200,0.341776110068793,0.535647279549719,0.134162993016814,0.0400912646675359,0.247579529737206,0.345781466113416,0.0204702627939142,0.431258644536653,1.00000000000002,"Richmond",TRUE,"2020-2024"
"10311",0,14,0,NA,NA,NA,NA,NA,NA,NA,NA,NA,NA,NA,NA,NA,NA,1.00000000000006,"Richmond",TRUE,"2020-2024"
"10312",3779,641,21549,0.175367766485684,1937,0.035969387755102,110719,73772,77480,0.320391227030231,0.593953764078245,0.0614252163359236,0.0388647571769163,0.773220428684837,0.00344006350886478,0.0198465202434506,0.200317544323895,0.99999999999999,"Richmond",TRUE,"2020-2024"
"10314",8490,789,31361,0.270718408214024,1802,0.0524553571428571,104613,65175,72080,0.277877467316073,0.491796975134581,0.110250574390283,0.0504391468005019,0.527797408716137,0.067962308598351,0.117903415783274,0.261366313309776,1.00000000000001,"Richmond",TRUE,"2020-2024"
"10451",19333,1048,22376,0.864006077940651,1330,0.0240721156267311,38770,31903,53200,0.371881720430108,0.623440860215054,0.332500835775108,0.16172094209676,0.0199141364506285,0.51693994724047,0.0147416334764392,0.501732788496353,1.00000000000008,"Bronx",TRUE,"2020-2024"
"10452",27776,953,28719,0.967164594867509,1419,0.0110023144027061,41288,40111,56760,0.380808462410276,0.629920664903664,0.346256504273274,0.126669177070359,0.0191172235023041,0.35455069124424,0.00712845622119816,0.655781970046083,0.999999999999957,"Bronx",TRUE,"2020-2024"
"10453",26922,983,28279,0.952013861876304,1420,0.00682153392330383,33186,31455,56800,0.419785332408277,0.652777210953761,0.378972300809264,0.139994818205372,0.0296783299903425,0.354877052224946,0.0062402496099844,0.632196716440086,0.999999999999952,"Bronx",TRUE,"2020-2024"
"10454",14112,753,15135,0.932408325074331,1028,0.0117761828444011,24086,22506,41120,0.379169193450576,0.610066707095209,0.451966947176316,0.18090849242923,0.0239512471655329,0.281320861678005,0.00899943310657596,0.687854308390023,0.999999999999952,"Bronx",TRUE,"2020-2024"
"10455",15075,1009,16587,0.908844275637547,1136,0.00969855832241153,36115,35141,45440,0.349881796690307,0.612015018773467,0.367275658248254,0.126863618858998,0.015787728026534,0.250812603648425,0.023681592039801,0.748126036484245,1.00000000000001,"Bronx",TRUE,"2020-2024"
"10456",30406,1438,32645,0.931413692755399,1174,0.0206776603968049,34954,32900,46960,0.384113913192657,0.599245153542632,0.386069202067255,0.119990911930931,0.0109517858317437,0.458462145629152,0.012990857067684,0.54094586594751,1.00000000000006,"Bronx",TRUE,"2020-2024"
"10457",26242,968,27686,0.947843675503865,1382,0.0162069094583973,42683,41256,55280,0.345212209068213,0.581541435129258,0.327681296975605,0.124456197219142,0.010479384193278,0.34597210578462,0.0129944363996647,0.65303711607347,0.999999999999871,"Bronx",TRUE,"2020-2024"
"10458",27899,1183,29112,0.958333333333333,1558,0.036104693265285,40800,40268,62320,0.383701822527637,0.629257544069316,0.313287007791114,0.134097500345256,0.0915444998028603,0.208466253270727,0.022760672425535,0.681171368149396,0.999999999999985,"Bronx",TRUE,"2020-2024"
"10459",16123,921,17982,0.896618841063285,1325,0.0314726840855107,38006,34115,53000,0.41345774740439,0.631094756209752,0.33718689788054,0.153583784047167,0.0105439434348446,0.369720275382993,0.00626434286423122,0.669478384915959,1.00000000000003,"Bronx",TRUE,"2020-2024"
"10460",20818,899,22972,0.906233675779209,1323,0.0286894758831995,36309,32081,52920,0.398113877199209,0.610251990062364,0.342149823895963,0.161148483595776,0.0287251417042944,0.347583821692766,0.00456335863195312,0.658180420789701,0.999999999999914,"Bronx",TRUE,"2020-2024"
"10461",13645,706,19420,0.702626158599382,1813,0.027580324139892,67028,56075,72520,0.339489616062534,0.590926507778374,0.16022794262134,0.0730552512130224,0.270648589226823,0.134921216562844,0.0669109563942836,0.544888237449615,1.00000000000002,"Bronx",TRUE,"2020-2024"
"10462",22738,992,29723,0.764996803821956,1746,0.0546321243523316,60966,53974,69840,0.351594815699972,0.590403529736189,0.202423793395428,0.0888876910222893,0.112279004309966,0.299850470577887,0.0898495909930513,0.480209341190958,0.999999999999823,"Bronx",TRUE,"2020-2024"
"10463",18964,994,29349,0.646154894544959,1672,0.0194967590465983,74974,57044,66880,0.309079842859514,0.551319648093842,0.186908669627341,0.0823360028795105,0.247205230963932,0.156296140054841,0.0248892638683822,0.552045981860367,1.00000000000002,"Bronx",TRUE,"2020-2024"
"10464",500,205,1949,0.25654181631606,1826,0,103125,47564,73040,0.328638497652582,0.568075117370892,0.0519853709508882,0.120315581854043,0.858,0,0,0.092,0.999999999999917,"Bronx",TRUE,"2020-2024"
"10465",7102,625,16372,0.433789396530662,1904,0.0279222556802628,87985,47781,76160,0.338897916974442,0.553552962032797,0.141522642245633,0.0845432824848373,0.212756969867643,0.197972402140242,0.0239369191776964,0.585046465784286,1.00000000000003,"Bronx",TRUE,"2020-2024"
"10466",14987,985,24930,0.601163257119936,1549,0.0189650677789364,65969,44519,61960,0.330847317174228,0.577446308956564,0.221188475390156,0.110677045087384,0.024487889504237,0.571962367385067,0.0135450723960766,0.358177086808567,1.00000000000003,"Bronx",TRUE,"2020-2024"
"10467",32910,1037,38372,0.85765662462212,1522,0.0337088514996342,49330,43425,60880,0.353870560429954,0.579499465794671,0.276330368166134,0.0949418265127353,0.0791552719538134,0.309966575508964,0.0432999088422972,0.564691583105439,0.999999999999978,"Bronx",TRUE,"2020-2024"
"10468",26029,1399,28453,0.914806874494781,1604,0.0237321074858915,46233,44416,64160,0.390388812545469,0.659849648371191,0.27924092453565,0.109575545277907,0.0362672403857236,0.226516577663375,0.0256636828153214,0.737830880940489,1.00000000000011,"Bronx",TRUE,"2020-2024"
"10469",11632,768,23582,0.493257569332542,1680,0.0434996313590563,76020,48398,67200,0.346517064048621,0.596353436185133,0.166024798755531,0.0913839763358298,0.062843878954608,0.552355570839065,0.0447042640990371,0.318259972489684,1.00000000000004,"Bronx",TRUE,"2020-2024"
"10470",3790,436,6698,0.565840549417737,1669,0.0391414141414141,90046,68080,66760,0.223984418475237,0.471897607122983,0.110139416983523,0.0840099233198015,0.520580474934037,0.189182058047493,0.00606860158311346,0.266754617414248,1.00000000000006,"Bronx",TRUE,"2020-2024"
"10471",3785,498,9331,0.405637123566606,1699,0.0176485855177784,103046,78358,67960,0.158135544752645,0.453817557906777,0.0579222011385199,0.0737252663622527,0.444914134742404,0.166446499339498,0.0383091149273448,0.344782034346103,0.999999999999989,"Bronx",TRUE,"2020-2024"
"10472",18578,704,22224,0.835943124550036,1463,0.0243468244410702,41039,35600,58520,0.39770305470045,0.656819796353303,0.341629671609836,0.0948134240788547,0.0157175153407256,0.256001722467435,0.0333728065453762,0.685434384756163,1.00000000000005,"Bronx",TRUE,"2020-2024"
"10473",16300,913,22839,0.713691492622269,1183,0.0207269450285371,52462,43642,47320,0.252272580749146,0.538005286570821,0.226403422856848,0.116177741050971,0.00558282208588957,0.417055214723926,0.00558282208588957,0.609631901840491,0.999999999999966,"Bronx",TRUE,"2020-2024"
"10474",3501,378,3899,0.897922544242113,1387,0.0347394540942928,41586,43474,55480,0.406730490281404,0.59094865100087,0.293291731669267,0.158603680516031,0,0.253356183947444,0.00885461296772351,0.74921451013996,1.00000000000001,"Bronx",TRUE,"2020-2024"
"10475",10823,972,18821,0.575049147229159,1253,0.013040306401605,62712,56033,50120,0.181705574082897,0.481276798475465,0.148867779696795,0.0683098591549296,0.0838954079275617,0.591610459207244,0.0107179155502171,0.30684653053682,0.999999999999878,"Bronx",TRUE,"2020-2024"
"10501",20,32,482,0.04149377593361,NA,0,220449,NA,NA,NA,NA,0.101331789229878,0.150326797385621,0,0,0,0,1.00000000000005,"Westchester",FALSE,"2020-2024"
"10502",314,177,1945,0.161439588688946,3501,0.19693094629156,250001,NA,140040,0.403973509933775,0.490066225165563,0.0391806210372297,0.0449678800856531,0.54140127388535,0,0,0.0286624203821656,1.00000000000001,"Westchester",FALSE,"2020-2024"
"10503",0,14,75,0,NA,NA,243036,NA,NA,NA,NA,0,0,NA,NA,NA,NA,1.00000000000054,"Westchester",FALSE,"2020-2024"
"10504",243,105,2458,0.0988608624898291,3131,0.315492957746479,250001,NA,125240,0.147208121827411,0.258883248730964,0.046157915619627,0.0247538677918425,0.534979423868313,0,0.127572016460905,0.337448559670782,1.00000000000002,"Westchester",FALSE,"2020-2024"
"10505",140,60,440,0.318181818181818,1385,0,153426,34667,55400,0.585714285714286,0.85,0.0214477211796247,0.0277777777777778,0.671428571428571,0.0214285714285714,0.05,0.114285714285714,1.00000000000001,"Westchester",FALSE,"2020-2024"
"10506",58,45,2240,0.0258928571428571,2600,0.148148148148148,250001,NA,104000,0,0.103448275862069,0.0341400865523321,0.0420058612829697,0.793103448275862,0,0,0.206896551724138,1.00000000000001,"Westchester",FALSE,"2020-2024"
"10507",698,182,1759,0.39681637293917,1942,0.0420382165605096,107270,NA,77680,0.362043795620438,0.566423357664234,0.0953667953667954,0.0728043143297381,0.518624641833811,0.0100286532951289,0,0.396848137535817,1.00000000000001,"Westchester",FALSE,"2020-2024"
"10509",1610,274,7595,0.211981566820276,1784,0,116831,66667,71360,0.191628515369523,0.548724656638326,0.0780295765406551,0.045156782251725,0.41055900621118,0.0795031055900621,0.0093167701863354,0.460248447204969,1.00000000000001,"Putnam",FALSE,"2020-2024"
"10510",622,186,3757,0.165557625765238,2545,0,220771,NA,101800,0.597063621533442,0.629690048939641,0.0687556132122543,0.0380453752181501,0.802250803858521,0.0627009646302251,0.0466237942122186,0.0707395498392283,0.999999999999984,"Westchester",FALSE,"2020-2024"
"10511",108,64,831,0.129963898916967,1953,0,128218,128000,78120,0.271844660194175,0.339805825242718,0.0571547768043388,0.0106035889070147,0.444444444444444,0,0,0.555555555555556,0.999999999999979,"Westchester",FALSE,"2020-2024"
"10512",1597,286,9232,0.172985268630849,1492,0,117701,48319,59680,0.367533380182713,0.665495432185524,0.0681582333651571,0.0374859528014127,0.698810269254853,0.0538509705698184,0,0.247338760175329,0.999999999999983,"Putnam",FALSE,"2020-2024"
"10514",506,220,3999,0.126531632908227,2667,0,250001,164324,106680,0.178921568627451,0.424019607843137,0.0319762510602205,0.0601615295862865,0.549407114624506,0.16600790513834,0.150197628458498,0.134387351778656,0.999999999999997,"Westchester",FALSE,"2020-2024"
"10516",569,138,2213,0.257117035698147,1824,0.00698080279232112,140225,84095,72960,0.254817987152034,0.483940042826552,0.0563353921018155,0.0390599139357829,0.803163444639719,0.0562390158172232,0.0246045694200351,0.0720562390158172,1,"Putnam",FALSE,"2020-2024"
"10517",46,35,191,0.240837696335079,1600,0,117009,NA,64000,0.369565217391304,0.369565217391304,0.0393835616438356,0.0707547169811321,0.521739130434783,0,0,0.478260869565217,1.00000000000005,"Westchester",FALSE,"2020-2024"
"10518",27,29,379,0.0712401055408971,NA,0,250001,NA,NA,0,0.481481481481481,0,0.128301886792453,1,0,0,0,1.00000000000002,"Westchester",FALSE,"2020-2024"
"10519",99,93,99,1,NA,0,NA,NA,NA,0.464646464646465,0.464646464646465,0.464646464646465,0,0.535353535353535,0.464646464646465,0,0,0.999999999999964,"Westchester",FALSE,"2020-2024"
"10520",1728,238,5058,0.341637010676157,2002,0.0272628135223555,142791,86397,80080,0.297297297297297,0.54954954954955,0.0527927182457592,0.0668257756563246,0.64525462962963,0.121527777777778,0.0405092592592593,0.228587962962963,1.00000000000001,"Westchester",FALSE,"2020-2024"
"10522",1430,263,3962,0.36092882382635,2369,0,165417,99891,94760,0.291976225854383,0.511144130757801,0.0666542888971407,0.0517484710679003,0.635664335664336,0.072027972027972,0.10979020979021,0.163636363636364,0.999999999999998,"Westchester",FALSE,"2020-2024"
"10523",1530,289,3180,0.481132075471698,2978,0.114583333333333,118438,97361,119120,0.28780487804878,0.605574912891986,0.0719571045576407,0.0722935116573288,0.390196078431373,0.142483660130719,0.0843137254901961,0.345098039215686,0.999999999999984,"Westchester",FALSE,"2020-2024"
"10524",237,95,1679,0.141155449672424,2457,0,146250,91563,98280,0.169811320754717,0.476415094339623,0.0749889722099691,0.0528867342441604,0.814345991561181,0.0759493670886076,0,0.109704641350211,1.00000000000001,"Putnam",FALSE,"2020-2024"
"10526",79,54,651,0.121351766513057,2088,0,250001,NA,83520,0,0.215189873417722,0.0301318267419962,0.0269679300291545,0.531645569620253,0,0,0.392405063291139,1.00000000000005,"Westchester",FALSE,"2020-2024"
"10527",0,14,140,0,NA,NA,250001,NA,NA,NA,NA,0,0,NA,NA,NA,NA,1.00000000000002,"Westchester",FALSE,"2020-2024"
"10528",2343,359,5099,0.459501863110414,2658,0.0105574324324324,154416,112917,106320,0.231193580742227,0.5320962888666,0.0504052324754728,0.0390817163159333,0.566794707639778,0.0482287665386257,0.145539906103286,0.219376867264191,0.999999999999984,"Westchester",FALSE,"2020-2024"
"10530",925,288,6409,0.144328288344516,2396,0,121722,112529,95840,0.253748558246828,0.589388696655133,0.0626349892008639,0.0473018893570749,0.617297297297297,0.0875675675675676,0.138378378378378,0.180540540540541,1.00000000000004,"Westchester",FALSE,"2020-2024"
"10532",190,99,1804,0.105321507760532,2885,0,141157,90811,115400,0.389473684210526,0.631578947368421,0.0459506031016657,0.0938029122925838,0.678947368421053,0,0,0.273684210526316,1.00000000000006,"Westchester",FALSE,"2020-2024"
"10533",481,222,2636,0.18247344461305,2651,0,174038,160824,106040,0.394117647058824,0.494117647058824,0.0144237311198803,0.0234113712374582,0.733887733887734,0,0.024948024948025,0.241164241164241,1.00000000000005,"Westchester",FALSE,"2020-2024"
"10535",175,103,229,0.764192139737991,1898,0,66189,NA,75920,0.542857142857143,0.777142857142857,0.267857142857143,0,0.342857142857143,0.285714285714286,0,0.371428571428571,1.00000000000003,"Westchester",FALSE,"2020-2024"
"10536",342,166,3382,0.101123595505618,2483,0.0685279187817259,250001,93650,99320,0.461794019933555,0.461794019933555,0.0857449088960343,0.0268522148177185,0.81578947368421,0.0087719298245614,0.0526315789473684,0.0964912280701754,0.999999999999974,"Westchester",FALSE,"2020-2024"
"10537",160,106,887,0.180383314543405,2583,0,132117,131467,103320,0.0625,0.53125,0.048440065681445,0.0433673469387755,0.975,0.025,0,0,1.00000000000001,"Putnam",FALSE,"2020-2024"
"10538",1465,343,6743,0.217262346136734,2236,0.0680661577608142,207969,74339,89440,0.343837535014006,0.656162464985994,0.0301160486838381,0.0605493133583021,0.510580204778157,0.150170648464164,0.00819112627986348,0.178156996587031,0.999999999999902,"Westchester",FALSE,"2020-2024"
"10540",0,14,0,NA,NA,NA,NA,NA,NA,NA,NA,NA,NA,NA,NA,NA,NA,1,"Westchester",FALSE,"2020-2024"
"10541",1006,325,9011,0.111641327266674,1888,0.045822102425876,138617,41250,75520,0.46711259754738,0.814938684503902,0.0320568886184736,0.0471869328493648,0.635188866799205,0,0,0.321073558648111,1,"Putnam",FALSE,"2020-2024"
"10542",0,14,0,NA,NA,NA,NA,NA,NA,NA,NA,NA,NA,NA,NA,NA,NA,1,"Putnam",FALSE,"2020-2024"
"10543",3191,467,7630,0.41821756225426,2165,0.0289105295191722,126417,69479,86600,0.40097459101984,0.564566655064393,0.101653931714866,0.0446301564722617,0.423691632717017,0.10842995926042,0.0222500783453463,0.430272641805077,0.999999999999942,"Westchester",FALSE,"2020-2024"
"10545",0,14,0,NA,NA,NA,NA,NA,NA,NA,NA,0.616216216216216,0,NA,NA,NA,NA,0.999999999999918,"Westchester",FALSE,"2020-2024"
"10546",107,75,573,0.18673647469459,3501,0,206750,NA,140040,0.48,0.59,0.0387931034482759,0,0.710280373831776,0,0,0.289719626168224,1.00000000000001,"Westchester",FALSE,"2020-2024"
"10547",842,337,2663,0.316184754036801,2392,0,162605,141875,95680,0.0831202046035806,0.317135549872123,0.068076109936575,0.0452190296749882,0.418052256532067,0.382422802850356,0,0.171021377672209,0.999999999999939,"Westchester",FALSE,"2020-2024"
"10548",238,84,1128,0.210992907801418,2093,0,142273,82675,83720,0.176470588235294,0.504201680672269,0.0797530228968356,0.165849673202614,0.474789915966387,0.197478991596639,0,0.327731092436975,0.99999999999995,"Westchester",FALSE,"2020-2024"
"10549",1428,288,6158,0.231893471906463,1571,0,133988,71417,62840,0.279847908745247,0.525475285171103,0.0698540825830487,0.0494967436352872,0.315126050420168,0.163865546218487,0.0252100840336134,0.483193277310924,1.00000000000002,"Westchester",FALSE,"2020-2024"
"10550",10709,878,14912,0.718146459227468,1532,0.0238440616500453,60701,46375,61280,0.299625846900597,0.577105875214885,0.201915857605178,0.111720495632744,0.0552806050985153,0.69296853114203,0.0117658044635353,0.198991502474554,0.999999999999966,"Westchester",FALSE,"2020-2024"
"10552",3341,517,9470,0.352798310454065,1833,0.0217391304347826,96717,83468,73320,0.213071895424837,0.466013071895425,0.0670737222976029,0.075803249761047,0.27087698293924,0.387009877282251,0.0374139479197845,0.224782999102065,0.999999999999944,"Westchester",FALSE,"2020-2024"
"10553",1957,416,3642,0.537342119714443,1773,0.00710299340436327,84478,71330,70920,0.283343212803794,0.534084173088322,0.119045425228048,0.0667371016023948,0.0781808891159939,0.600408788962698,0.00715380684721512,0.274399591211037,1.00000000000008,"Westchester",FALSE,"2020-2024"
"10560",248,94,1633,0.151867728107777,2109,0.147766323024055,193906,116905,84360,0.167364016736402,0.276150627615063,0.0225675963380881,0.0285714285714286,0.491935483870968,0.0846774193548387,0.0362903225806452,0.350806451612903,0.999999999999998,"Westchester",FALSE,"2020-2024"
"10562",4634,534,11548,0.401281607204711,2184,0,115697,81094,87360,0.280323450134771,0.609613656783468,0.0784749155511072,0.0550818160866559,0.329305135951662,0.122788088044886,0.0345274061286146,0.495468277945619,1.00000000000002,"Westchester",FALSE,"2020-2024"
"10566",4371,538,10777,0.405585970121555,2036,0.044987146529563,85954,54284,81440,0.372466633712308,0.586999505684627,0.118859390363815,0.0671293115294764,0.282086479066575,0.204987417067033,0.0196751315488447,0.47654998856097,0.999999999999983,"Westchester",FALSE,"2020-2024"
"10567",541,151,6698,0.0807703792176769,1873,0,144194,60972,74920,0.400763358778626,0.562977099236641,0.0534789519561093,0.0843543826578699,0.534195933456562,0.0499075785582255,0,0.301293900184843,1.00000000000001,"Westchester",FALSE,"2020-2024"
"10570",767,198,4300,0.178372093023256,2112,0,183833,57871,84480,0.40431654676259,0.694964028776978,0.0385926973301173,0.0667417628836947,0.647979139504563,0,0.029986962190352,0.225554106910039,0.999999999999995,"Westchester",FALSE,"2020-2024"
"10573",6441,614,14412,0.44691923397169,2062,0.0037122969837587,105686,78633,82480,0.22875377897212,0.537117903930131,0.111643176264409,0.0521131805157593,0.292345909020338,0.0945505356311132,0.0119546654246235,0.571650364850179,1.00000000000001,"Westchester",FALSE,"2020-2024"
"10576",132,69,1757,0.0751280591918042,3501,0.185185185185185,250001,144886,140040,0.301724137931034,0.370689655172414,0.0460028624003271,0.0205353868720205,0.765151515151515,0.234848484848485,0,0,1.00000000000001,"Westchester",FALSE,"2020-2024"
"10577",7,12,794,0.00881612090680101,NA,0,250001,NA,NA,0,0,0.0383631713554987,0.101308285810131,1,0,0,0,1.00000000000001,"Westchester",FALSE,"2020-2024"
"10578",0,14,551,0,NA,NA,250001,NA,NA,NA,NA,0,0,NA,NA,NA,NA,1.00000000000013,"Westchester",FALSE,"2020-2024"
"10579",291,123,3102,0.0938104448742747,2638,0.120588235294118,132500,63969,105520,0.170854271356784,0.824120603015075,0.0406847487772343,0.0104803493449782,0.718213058419244,0,0,0.254295532646048,1.00000000000001,"Putnam",FALSE,"2020-2024"
"10580",1717,308,6213,0.276356027683889,3501,0.109901503369622,250001,119556,140040,0.34647550776583,0.516129032258065,0.0254850378165077,0.0632085194091378,0.686662783925451,0.0413511939429237,0.134536983110076,0.101921956901573,1.00000000000005,"Westchester",FALSE,"2020-2024"
"10583",2130,373,14032,0.151795895096921,2474,0.0478319177469826,250001,92891,98960,0.288659793814433,0.58298969072165,0.0333948523543496,0.0378841667511918,0.531924882629108,0.0713615023474178,0.22206572769953,0.116431924882629,0.999999999999981,"Westchester",FALSE,"2020-2024"
"10588",328,182,1045,0.313875598086124,1184,0,178977,212965,47360,0.0897009966777409,0.182724252491694,0.0118705035971223,0.0148791072535648,0.789634146341463,0.0396341463414634,0.0213414634146341,0.115853658536585,0.999999999999982,"Westchester",FALSE,"2020-2024"
"10589",315,191,3649,0.0863250205535763,3501,0,129214,NA,140040,0.503731343283582,0.626865671641791,0.0465673230441724,0.0471668249446027,0.926984126984127,0,0.0222222222222222,0.019047619047619,1.00000000000002,"Westchester",FALSE,"2020-2024"
"10590",180,92,2513,0.0716275368085953,2223,0,211734,79330,88920,0.166666666666667,0.611111111111111,0.0144574864013742,0.0444165621079046,0.805555555555556,0,0.0111111111111111,0.183333333333333,0.999999999999995,"Westchester",FALSE,"2020-2024"
"10591",5303,464,10245,0.517618350414837,2036,0.0280626011872639,104984,79743,81440,0.252027575020276,0.506082725060827,0.0822774117249535,0.0500335045789591,0.447671129549312,0.0341316236092778,0.063737507071469,0.411088063360362,0.999999999999995,"Westchester",FALSE,"2020-2024"
"10594",176,85,1698,0.103651354534747,2458,0,163542,91691,98320,0.261363636363636,0.607954545454545,0.0309786898184688,0.0405819295558959,0.551136363636364,0.0852272727272727,0,0.363636363636364,1,"Westchester",FALSE,"2020-2024"
"10595",595,217,2354,0.252761257434155,1726,0,123438,NA,69040,0.457680250783699,0.824451410658307,0.16896265560166,0.0497316636851521,0.346218487394958,0.0252100840336134,0.247058823529412,0.0974789915966387,1.00000000000006,"Westchester",FALSE,"2020-2024"
"10596",133,101,404,0.329207920792079,1850,0,98091,97523,74000,0.195488721804511,0.195488721804511,0.106153846153846,0.00215982721382289,0.548872180451128,0.195488721804511,0,0.255639097744361,0.999999999999975,"Westchester",FALSE,"2020-2024"
"10597",0,14,234,0,NA,NA,244853,NA,NA,NA,NA,0.04860088365243,0.0450819672131148,NA,NA,NA,NA,0.999999999999987,"Westchester",FALSE,"2020-2024"
"10598",1174,342,10321,0.113748667764751,2233,0.0337448559670782,173573,121646,89320,0.110576923076923,0.403846153846154,0.033831847045352,0.0584700560394302,0.568143100511073,0.0877342419080068,0.0383304940374787,0.201022146507666,0.999999999999998,"Westchester",FALSE,"2020-2024"
"10601",3817,418,5933,0.643350750042137,2197,0.0322016974538193,85859,66169,87880,0.260845537441282,0.53384912959381,0.181849227354222,0.0616599695164196,0.384857217710244,0.152475766308619,0.125491223473932,0.317788839402672,0.999999999999946,"Westchester",FALSE,"2020-2024"
"10603",2520,322,7128,0.353535353535354,1996,0.0274025472790428,121026,64850,79840,0.259350595972051,0.577476366625565,0.0764633690838269,0.0594356426361676,0.217063492063492,0.24047619047619,0.05,0.436111111111111,0.999999999999965,"Westchester",FALSE,"2020-2024"
"10604",2308,347,4517,0.510958600841266,2245,0.0081650193382037,117014,72440,89800,0.263273365511189,0.50636243966652,0.0527500804117079,0.0537634408602151,0.512998266897747,0.067157712305026,0.0550259965337955,0.288994800693241,0.999999999999973,"Westchester",FALSE,"2020-2024"
"10605",1890,389,8132,0.232415150024594,2297,0.0464177598385469,148982,60333,91880,0.321349557522124,0.553650442477876,0.0506486123313866,0.0611479665416787,0.566666666666667,0.137566137566138,0.107407407407407,0.165608465608466,1,"Westchester",FALSE,"2020-2024"
"10606",4425,412,6759,0.65468264536174,2561,0.0285216634008273,112270,95656,102440,0.292269938650307,0.557300613496932,0.157476608015065,0.0580625129372801,0.307570621468927,0.159322033898305,0.142598870056497,0.378079096045198,1.0000000000001,"Westchester",FALSE,"2020-2024"
"10607",429,215,2320,0.184913793103448,2141,0.0183066361556064,168603,51013,85640,0.216666666666667,0.393333333333333,0.0599906991164161,0.0854700854700855,0.461538461538462,0.216783216783217,0.107226107226107,0.289044289044289,0.999999999999984,"Westchester",FALSE,"2020-2024"
"10701",20200,1116,27547,0.733292191527208,1760,0.0201143854207057,64776,55766,70400,0.311421359023234,0.565864715882747,0.177761928535768,0.0916602188570797,0.153960396039604,0.299405940594059,0.0183168316831683,0.510643564356436,0.999999999999923,"Westchester",FALSE,"2020-2024"
"10703",3819,483,7752,0.492647058823529,1813,0.0516513533647877,89773,59757,72520,0.327674481271894,0.584209108057127,0.117723562651359,0.0607998635627185,0.170463472113119,0.249541764859911,0.0356114166012045,0.507462686567164,0.999999999999973,"Westchester",FALSE,"2020-2024"
"10704",4761,577,12166,0.391336511589676,1906,0.028169014084507,106786,77942,76240,0.234602829162133,0.484004352557127,0.114775187474507,0.0650740397963906,0.489182944759504,0.0961982776727578,0.028145347616047,0.340894770006301,1,"Westchester",FALSE,"2020-2024"
"10705",9514,704,15044,0.632411592661526,1601,0.0112976782752902,67918,49776,64040,0.308092549540573,0.551533266910218,0.158938857748043,0.0687022900763359,0.157347067479504,0.142737019129704,0.0131385326886693,0.685410973302502,1.00000000000001,"Westchester",FALSE,"2020-2024"
"10706",640,218,3468,0.184544405997693,1877,0,190833,86708,75080,0.181518151815182,0.417491749174917,0.0275445078938529,0.0378465897591581,0.7734375,0.065625,0.009375,0.0921875,1.00000000000001,"Westchester",FALSE,"2020-2024"
"10707",1771,349,4002,0.442528735632184,2161,0,130957,61412,86440,0.208860759493671,0.602416570771001,0.0434234044790243,0.0310283687943262,0.558441558441558,0.0654997176736307,0.225296442687747,0.133258046301525,0.999999999999936,"Westchester",FALSE,"2020-2024"
"10708",2338,555,9549,0.244842391873495,2234,0.020755500207555,126343,95375,89360,0.16589219330855,0.341542750929368,0.0709419219591214,0.0638315306456899,0.546193327630453,0.230966638152267,0.028229255774166,0.183490162532079,1.00000000000004,"Westchester",FALSE,"2020-2024"
"10709",721,142,3628,0.198732083792723,2093,0,170417,74519,83720,0.195987654320988,0.558641975308642,0.0436630602782071,0.0357288689260923,0.65880721220527,0.0305131761442441,0.149791955617198,0.160887656033287,0.999999999999943,"Westchester",FALSE,"2020-2024"
"10710",2968,339,10134,0.292875468719163,1866,0.0149352804513774,108845,67984,74640,0.323147172462241,0.54935019318581,0.0997322364080872,0.0362384998946555,0.330525606469003,0.320417789757412,0.0528975741239892,0.275606469002695,1.00000000000002,"Westchester",FALSE,"2020-2024"
"10801",9718,638,16497,0.589076801842759,1839,0.0267133566783392,85573,61127,73560,0.297489895766858,0.551797489895767,0.143381532280066,0.0630550621669627,0.233895863346368,0.330726486931467,0.0529944433010908,0.3458530561844,1.00000000000002,"Westchester",FALSE,"2020-2024"
"10803",903,166,4298,0.210097719869707,2308,0.0554393305439331,215208,112644,92320,0.149874055415617,0.410579345088161,0.0265696784073507,0.0526315789473684,0.554817275747508,0.112956810631229,0.0753045404208195,0.212624584717608,0.999999999999984,"Westchester",FALSE,"2020-2024"
"10804",232,111,5506,0.0421358517980385,2210,0,250001,147083,88400,0,0.142857142857143,0.0293733275250482,0.0302584834007105,0.711206896551724,0.0818965517241379,0,0.129310344827586,0.99999999999998,"Westchester",FALSE,"2020-2024"
"10805",4659,485,8636,0.539485873089393,2065,0.0057618437900128,102109,77197,82600,0.21455682071891,0.440053583389149,0.0834170349537967,0.0790308370044053,0.346211633397725,0.184588967589611,0.0512985619231595,0.371324318523288,0.999999999999966,"Westchester",FALSE,"2020-2024"
"10901",2678,385,9314,0.287524157182736,1774,0.0107129663834503,108041,54167,70960,0.32093023255814,0.59108527131783,0.0984808800419068,0.0428060907395898,0.531740104555639,0.183719193427931,0.0455563853622106,0.174757281553398,0.999999999999984,"Rockland",FALSE,"2020-2024"
"10910",0,14,0,NA,NA,NA,NA,NA,NA,NA,NA,NA,NA,NA,NA,NA,NA,0.999999999999973,"Orange",FALSE,"2020-2024"
"10911",0,14,0,NA,NA,NA,NA,NA,NA,NA,NA,NA,NA,NA,NA,NA,NA,1.00000000000011,"Rockland",FALSE,"2020-2024"
"10913",16,17,1458,0.0109739368998628,2900,0,175357,49500,116000,0.9375,1,0.0928243637880684,0.0775165319617928,0.9375,0,0.0625,0,0.999999999999999,"Rockland",FALSE,"2020-2024"
"10914",0,14,256,0,NA,NA,160132,NA,NA,NA,NA,0,0.0543130990415335,NA,NA,NA,NA,0.999999999999996,"Orange",FALSE,"2020-2024"
"10915",0,14,0,NA,NA,NA,NA,NA,NA,NA,NA,NA,NA,NA,NA,NA,NA,1.00000000000004,"Orange",FALSE,"2020-2024"
"10916",100,57,1310,0.0763358778625954,1394,0,135556,NA,55760,0.418918918918919,0.513513513513513,0.0246853823814134,0.0338983050847458,0.83,0,0,0.17,1.00000000000001,"Orange",FALSE,"2020-2024"
"10917",99,84,586,0.168941979522184,NA,0.25,121944,NA,NA,0.539325842696629,1,0.0759230369214769,0.125615763546798,0.484848484848485,0.101010101010101,0,0.414141414141414,0.999999999999969,"Orange",FALSE,"2020-2024"
"10918",850,189,4157,0.204474380562906,1967,0.0162037037037037,140550,96618,78680,0.141959798994975,0.262562814070352,0.0914426675740048,0.0348513011152416,0.577647058823529,0.1,0.0105882352941176,0.191764705882353,0.999999999999997,"Orange",FALSE,"2020-2024"
"10919",0,14,602,0,NA,NA,108859,NA,NA,NA,NA,0.0141843971631206,0,NA,NA,NA,NA,0.999999999999944,"Orange",FALSE,"2020-2024"
"10920",283,114,2835,0.0998236331569665,2239,0,145567,93988,89560,0.279569892473118,0.412186379928315,0.0579813039876938,0.0374626522638474,0.477031802120141,0.0318021201413428,0.0636042402826855,0.335689045936396,0.999999999999989,"Rockland",FALSE,"2020-2024"
"10921",271,101,1517,0.178642056690837,1861,0.0491228070175439,115221,105524,74440,0.210762331838565,0.273542600896861,0.0551348793185045,0.0345128877238969,0.612546125461255,0.0885608856088561,0,0.228782287822878,0.999999999999993,"Orange",FALSE,"2020-2024"
"10922",230,124,564,0.407801418439716,1797,0,123406,84688,71880,0,0.0975609756097561,0.0270848182466144,0,0.695652173913043,0,0.134782608695652,0.169565217391304,0.999999999999964,"Orange",FALSE,"2020-2024"
"10923",972,227,2563,0.379243074522044,1825,0.028,100469,76029,73000,0.309753483386924,0.458735262593783,0.212107772480319,0.018287037037037,0.157407407407407,0.259259259259259,0,0.565843621399177,0.999999999999995,"Rockland",FALSE,"2020-2024"
"10924",1054,178,4738,0.222456732798649,1770,0.0875536480686695,110938,64135,70800,0.202479338842975,0.483471074380165,0.0652915632754342,0.0699842022116904,0.695445920303605,0.0332068311195446,0.0730550284629981,0.209677419354839,1,"Orange",FALSE,"2020-2024"
"10925",467,162,1875,0.249066666666667,1442,0.0291060291060291,80321,31635,57680,0.601713062098501,0.811563169164882,0.124155602143024,0.0585529067335843,0.605995717344754,0.134903640256959,0.0685224839400428,0.190578158458244,0.999999999999996,"Orange",FALSE,"2020-2024"
"10926",452,123,1385,0.326353790613718,2061,0.0699588477366255,94279,83895,82440,0.236486486486486,0.527027027027027,0.0729626360694322,0.0658021133525456,0.526548672566372,0.0287610619469027,0.079646017699115,0.278761061946903,1.00000000000004,"Orange",FALSE,"2020-2024"
"10927",1886,234,3740,0.50427807486631,2114,0.055099081681972,75167,45363,84560,0.43871325568497,0.690515806988353,0.163896659535955,0.0817830817830818,0.161717921527041,0.125132555673383,0.0328738069989396,0.678154825026511,1.00000000000003,"Rockland",FALSE,"2020-2024"
"10928",896,185,2274,0.394019349164468,1670,0.0271444082519001,102347,67723,66800,0.288438617401669,0.606674612634088,0.0601459278248866,0.0537190082644628,0.650669642857143,0.1640625,0,0.127232142857143,1.00000000000002,"Orange",FALSE,"2020-2024"
"10930",301,218,3076,0.0978543563068921,NA,0.218181818181818,120098,54892,NA,0.345514950166113,0.614617940199336,0.036144578313253,0.082124656997256,0.54485049833887,0.315614617940199,0,0.13953488372093,1.00000000000005,"Orange",FALSE,"2020-2024"
"10931",218,72,419,0.520286396181384,2023,0,83365,72222,80920,0.110526315789474,0.694736842105263,0.0394238059135709,0.0945121951219512,0.321100917431193,0.055045871559633,0,0.532110091743119,1.00000000000001,"Rockland",FALSE,"2020-2024"
"10932",0,14,7,0,NA,NA,NA,NA,NA,NA,NA,0,0,NA,NA,NA,NA,1.00000000000004,"Orange",FALSE,"2020-2024"
"10933",0,14,49,0,NA,1,NA,NA,NA,NA,NA,0.0683760683760684,0,NA,NA,NA,NA,1.00000000000003,"Orange",FALSE,"2020-2024"
"10940",7148,692,18631,0.383661639203478,1673,0.0179969776068141,87080,53278,66920,0.279993932959199,0.572576975580161,0.125297383029342,0.0619082840236686,0.317851147174035,0.236569669837717,0.0374930050363738,0.379127028539452,1,"Orange",FALSE,"2020-2024"
"10941",2143,287,5182,0.41354689309147,1804,0.0390134529147982,99238,77675,72160,0.251798561151079,0.466666666666667,0.0756693022610626,0.0578774360178446,0.260849276714886,0.290713952403173,0.0695286980867942,0.200653289780681,1.00000000000001,"Orange",FALSE,"2020-2024"
"10950",6481,549,16780,0.386233611442193,1720,0.0230905861456483,78931,43895,68800,0.500954502068088,0.687082405345212,0.266334039056601,0.0430437487041261,0.848017281283753,0.0152754204598056,0.00416602376176516,0.112174047214936,1.00000000000002,"Orange",FALSE,"2020-2024"
"10952",6151,550,11218,0.548315207701908,1753,0.0035639073384092,64332,38451,70120,0.472750316856781,0.71030237189933,0.348452485655652,0.070212358905682,0.832547553243375,0.122256543651439,0.00178832710128434,0.033490489351325,1,"Rockland",FALSE,"2020-2024"
"10953",0,14,4,0,NA,NA,NA,NA,NA,NA,NA,0,0,NA,NA,NA,NA,0.999999999999941,"Orange",FALSE,"2020-2024"
"10954",2940,356,9453,0.311012377023167,2285,0.0054127198917456,116332,79083,91400,0.317855794639487,0.566251415628539,0.0937715732146966,0.0380071174377224,0.513945578231292,0.142176870748299,0.054421768707483,0.243877551020408,1.00000000000002,"Rockland",FALSE,"2020-2024"
"10956",658,181,9825,0.066972010178117,2064,0,177952,NA,82560,0.421393841166937,0.661264181523501,0.0376240134394117,0.0688439997482852,0.487841945288754,0.088145896656535,0.0851063829787234,0.322188449848024,0.999999999999989,"Rockland",FALSE,"2020-2024"
"10958",88,49,871,0.101033295063146,2167,0,147898,NA,86680,0.321428571428571,0.321428571428571,0.019992455677103,0.0293884034948372,0.670454545454545,0,0,0.329545454545455,0.999999999999993,"Orange",FALSE,"2020-2024"
"10960",2892,313,6316,0.457884737175427,2201,0.0792741165234002,125789,90484,88040,0.229070181688636,0.463484146775917,0.0602534801579057,0.069360343498844,0.487206085753804,0.198478561549101,0.104771784232365,0.171161825726141,0.999999999999995,"Rockland",FALSE,"2020-2024"
"10962",224,95,1768,0.126696832579186,1467,0.114624505928854,148500,52647,58680,0.215789473684211,0.578947368421053,0.0577797013633413,0.0445344129554656,0.633928571428571,0,0,0.214285714285714,0.999999999999981,"Rockland",FALSE,"2020-2024"
"10963",318,150,1075,0.295813953488372,999,0,82989,41026,39960,0.160655737704918,0.419672131147541,0.0638953040800616,0.013039934800326,0.512578616352201,0.050314465408805,0,0.437106918238994,1.00000000000001,"Orange",FALSE,"2020-2024"
"10964",9,28,467,0.019271948608137,NA,0.785714285714286,187396,NA,NA,1,1,0.0525131282820705,0.0743691899070385,0,0,0.333333333333333,0.666666666666667,1.00000000000003,"Rockland",FALSE,"2020-2024"
"10965",1344,267,5743,0.234024029253004,1962,0.0274963820549928,132660,68046,78480,0.40015600624025,0.730889235569423,0.0794549404252518,0.0315190224937517,0.741071428571429,0.0141369047619048,0.00595238095238095,0.223214285714286,1,"Rockland",FALSE,"2020-2024"
"10968",361,102,1086,0.332412523020258,1939,0.113895216400911,145000,88208,77560,0.227146814404432,0.43213296398892,0.011400651465798,0.0444587628865979,0.662049861495845,0.0193905817174515,0.182825484764543,0.119113573407202,1.00000000000025,"Rockland",FALSE,"2020-2024"
"10969",11,18,379,0.029023746701847,NA,0,126875,NA,NA,1,1,0.0373913043478261,0,1,0,0,0,0.999999999999997,"Orange",FALSE,"2020-2024"
"10970",825,318,3997,0.206404803602702,1950,0.0293785310734463,120186,87951,78000,0.259972489683631,0.473177441540578,0.0807167087066191,0.0590869939707149,0.618181818181818,0.0775757575757576,0.0254545454545455,0.272727272727273,0.999999999999992,"Rockland",FALSE,"2020-2024"
"10973",113,70,774,0.145994832041344,1810,0,117167,NA,72400,0.510204081632653,0.510204081632653,0.0640373197625106,0.101963746223565,0.336283185840708,0,0.0884955752212389,0.575221238938053,1.00000000000001,"Orange",FALSE,"2020-2024"
"10974",281,113,1243,0.226065969428801,2789,0.0310344827586207,117596,121146,111560,0.181159420289855,0.315217391304348,0.0530734632683658,0.060702875399361,0.608540925266904,0.181494661921708,0.0569395017793594,0.138790035587189,0.999999999999991,"Rockland",FALSE,"2020-2024"
"10975",85,44,122,0.69672131147541,2017,0,81250,108153,80680,0.282352941176471,0.282352941176471,0.146341463414634,0,0.235294117647059,0.517647058823529,0,0.247058823529412,1.00000000000006,"Orange",FALSE,"2020-2024"
"10976",202,84,552,0.365942028985507,NA,0.2109375,85893,20850,NA,0.388888888888889,0.727777777777778,0.145833333333333,0.0779569892473118,0.752475247524752,0,0,0.247524752475248,0.999999999999943,"Rockland",FALSE,"2020-2024"
"10977",9224,617,16718,0.551740638832396,1782,0.0164214118148859,74451,44899,71280,0.444344299233889,0.671360973411447,0.297633731728411,0.0466885699463946,0.431266261925412,0.242194275802255,0.026561144839549,0.277103209019948,0.99999999999999,"Rockland",FALSE,"2020-2024"
"10979",0,14,77,0,NA,NA,NA,NA,NA,NA,NA,0,0,NA,NA,NA,NA,0.999999999999844,"Orange",FALSE,"2020-2024"
"10980",594,166,4420,0.134389140271493,1780,0.0151057401812689,126284,43750,71200,0.434628975265018,0.77208480565371,0.0522588340539735,0.0652930934416715,0.575757575757576,0.0622895622895623,0,0.333333333333333,0.999999999999999,"Rockland",FALSE,"2020-2024"
"10983",151,96,2057,0.073407875546913,2299,0.183783783783784,160170,64213,91960,0.126582278481013,0.607594936708861,0.0259827906192003,0.0600348027842227,0.66887417218543,0.178807947019868,0.0860927152317881,0.0662251655629139,0.99999999999997,"Rockland",FALSE,"2020-2024"
"10984",43,37,898,0.0478841870824053,1793,0,121250,82813,71720,0.186046511627907,0.744186046511628,0.0299465240641711,0.0362139917695473,0.441860465116279,0,0,0.558139534883721,0.999999999999916,"Rockland",FALSE,"2020-2024"
"10985",0,14,6,0,NA,NA,NA,NA,NA,NA,NA,0,0,NA,NA,NA,NA,0.999999999999997,"Orange",FALSE,"2020-2024"
"10986",177,91,685,0.258394160583942,2053,0,NA,70313,82120,0.22,0.6,0.0631229235880399,0.0737373737373737,0.491525423728814,0,0,0.446327683615819,0.999999999999992,"Rockland",FALSE,"2020-2024"
"10987",307,85,1525,0.201311475409836,1443,0.0696969696969697,152031,42188,57720,0.376666666666667,0.79,0.230048021952893,0.0261256253474152,0.651465798045603,0.0781758957654723,0.0130293159609121,0.234527687296417,0.999999999999993,"Orange",FALSE,"2020-2024"
"10988",79,51,211,0.374407582938389,1464,0,117321,NA,58560,0.12987012987013,0.25974025974026,0.105035971223022,0.00256410256410256,0.632911392405063,0.177215189873418,0,0.189873417721519,1.00000000000003,"Orange",FALSE,"2020-2024"
"10989",353,151,3328,0.106069711538462,2065,0.0221606648199446,134267,89267,82600,0.269121813031161,0.563739376770538,0.0280311457174638,0.0916994411095011,0.543909348441926,0.172804532577904,0.144475920679887,0.311614730878187,0.999999999999922,"Rockland",FALSE,"2020-2024"
"10990",1767,310,7768,0.227471678681771,1453,0.0416449765747007,125870,50867,58120,0.336320191158901,0.521505376344086,0.0421427511500223,0.0368359127522853,0.699490662139219,0.0367855121675156,0.021505376344086,0.205998868138087,0.999999999999998,"Orange",FALSE,"2020-2024"
"10992",535,133,3154,0.169625871908687,1396,0.0992248062015504,112353,NA,55840,0.503105590062112,0.730848861283644,0.0771268466632705,0.0467329245083527,0.700934579439252,0.0317757009345794,0,0.282242990654206,1.00000000000001,"Orange",FALSE,"2020-2024"
"10993",702,327,1573,0.446280991735537,1557,0,66189,41471,62280,0.402936378466558,0.570962479608483,0.161837748344371,0.0708466170740347,0.118233618233618,0,0,0.87037037037037,1.00000000000003,"Rockland",FALSE,"2020-2024"
"10994",131,95,2203,0.0594643667725828,2085,0,170307,NA,83400,0.129770992366412,0.389312977099237,0.0147151898734177,0.0665091154625253,0.740458015267176,0,0,0.259541984732824,1.00000000000004,"Rockland",FALSE,"2020-2024"
"10996",1146,160,1154,0.993067590987868,3501,0.0853950518754988,135333,136000,140040,0.228070175438596,0.594644506001847,0.032470703125,0.0373134328358209,0.7478184991274,0.081151832460733,0.0130890052356021,0.0959860383944154,0.999999999999957,"Orange",FALSE,"2020-2024"
"10998",186,80,1346,0.138187221396731,1887,0.118483412322275,129348,92955,75480,0,0.466292134831461,0.040258064516129,0.0493601462522852,0.483870967741935,0,0,0.360215053763441,0.999999999999995,"Orange",FALSE,"2020-2024"
"11001",1245,222,8638,0.144130585783746,2170,0.0471841704718417,150000,77146,86800,0.326145552560647,0.530098831985624,0.035199937213044,0.0407783660037201,0.583132530120482,0.0289156626506024,0.103614457831325,0.277911646586345,1.00000000000007,"Nassau",FALSE,"2020-2024"
"11003",2525,558,12036,0.209787304752409,2201,0.0329375718115665,124115,93275,88040,0.299760191846523,0.518465227817746,0.0631681675021071,0.0687594030821779,0.112079207920792,0.254257425742574,0.0958415841584158,0.356831683168317,0.999999999999993,"Nassau",FALSE,"2020-2024"
"11004",1438,335,5173,0.277981828726078,1977,0.0451732673267327,115360,95219,79080,0.167159763313609,0.355769230769231,0.089299402115591,0.0426451519953897,0.522948539638387,0.196105702364395,0.188456189151599,0.064673157162726,1.0000000000001,"Queens",TRUE,"2020-2024"
"11005",84,55,1533,0.0547945205479452,2343,0,89931,69750,93720,0.321428571428571,0.738095238095238,0.0763569457221711,0,1,0,0,0,1.00000000000002,"Queens",TRUE,"2020-2024"
"11010",1350,350,8455,0.15966883500887,2151,0.0231548480463097,142321,76413,86040,0.208232445520581,0.525423728813559,0.0399183577344271,0.0558608058608059,0.605925925925926,0.0918518518518519,0.0303703703703704,0.221481481481481,0.999999999999999,"Nassau",FALSE,"2020-2024"
"11020",238,166,1707,0.139425893380199,2855,0.206666666666667,167148,166568,114200,0.0873362445414847,0.179039301310044,0.0855274783530659,0.0407079646017699,0.23109243697479,0.525210084033613,0.218487394957983,0.0168067226890756,1,"Nassau",FALSE,"2020-2024"
"11021",2413,300,8165,0.295529699938763,2188,0.00903490759753593,120230,86980,87520,0.280972417017298,0.543244506778869,0.0753343924563112,0.0440863484341745,0.54537919602155,0.049730625777041,0.163282221301285,0.195607128056361,0.999999999999964,"Nassau",FALSE,"2020-2024"
"11023",536,302,3159,0.169673947451725,1522,0,141003,60194,60880,0.158333333333333,0.441666666666667,0.053582554517134,0.027806925498426,0.863805970149254,0,0.0111940298507463,0.117537313432836,1.00000000000003,"Nassau",FALSE,"2020-2024"
"11024",439,206,2284,0.192206654991243,2280,0.0757894736842105,175300,86828,91200,0.369020501138952,0.517084282460137,0.041018387553041,0.0678411780173547,0.642369020501139,0.0797266514806378,0.0113895216400911,0.207289293849658,0.999999999999958,"Nassau",FALSE,"2020-2024"
"11030",704,204,6205,0.113456889605157,1901,0.0486486486486487,234966,81936,76040,0.288378766140603,0.459110473457676,0.0256753739674034,0.0293137908061292,0.686079545454545,0.0397727272727273,0.241477272727273,0.00284090909090909,0.999999999999986,"Nassau",FALSE,"2020-2024"
"11040",1535,350,13916,0.110304685254383,2483,0.0430174563591022,154696,106321,99320,0.318118948824343,0.428077455048409,0.0366578758091585,0.0477090439752927,0.517915309446254,0.0195439739413681,0.262540716612378,0.113355048859935,0.999999999999938,"Nassau",FALSE,"2020-2024"
"11042",0,14,0,NA,NA,NA,NA,NA,NA,NA,NA,NA,NA,NA,NA,NA,NA,1.00000000000008,"Nassau",FALSE,"2020-2024"
"11050",3678,417,11637,0.316060840422789,2727,0.0590943975441289,154225,89732,109080,0.241001124859393,0.619235095613048,0.0443998765813021,0.0385487528344671,0.550570962479608,0.0369766177270256,0.170201196302338,0.225122349102773,0.999999999999986,"Nassau",FALSE,"2020-2024"
"11096",1283,253,2644,0.485249621785174,1992,0.0783045977011494,93421,46688,79680,0.395061728395062,0.611522633744856,0.151101579255215,0.0618638994212732,0.231488698363211,0.148869836321122,0.0358534684333593,0.574434918160561,1.00000000000001,"Nassau",FALSE,"2020-2024"
"11101",17939,1129,21165,0.847578549492086,2908,0.044582658234464,121062,115516,116320,0.2,0.412441860465116,0.151984696317551,0.0532697205581662,0.355761190701823,0.0731924856457997,0.31250348402921,0.183064830815542,0.999999999999969,"Queens",TRUE,"2020-2024"
"11102",12063,695,13937,0.865537777139987,2209,0.0343152866242038,96617,93208,88360,0.205867259664728,0.42524803284297,0.125860967123482,0.0576400217509516,0.487109342617923,0.0768465555831883,0.121694437536268,0.257896045759761,0.999999999999851,"Queens",TRUE,"2020-2024"
"11103",13998,768,16701,0.838153403987785,2167,0.0255310316197329,93324,91640,86680,0.209921132158915,0.451094567701039,0.105474535718355,0.0707926907185756,0.565437919702815,0.0358622660380054,0.101443063294756,0.23217602514645,0.999999999999829,"Queens",TRUE,"2020-2024"
"11104",9791,519,12304,0.795757477243173,1969,0.0306232266901477,80709,79417,78760,0.193444328824142,0.520083246618106,0.105575553343034,0.0692302890317748,0.455928914309059,0.0290062302114187,0.199162496169952,0.290368705954448,1.00000000000006,"Queens",TRUE,"2020-2024"
"11105",12076,551,16200,0.745432098765432,2245,0.0389176283326701,102012,101763,89800,0.196703013651584,0.428093071177127,0.0921035239379279,0.0873948106591865,0.628353759523021,0.0443855581318317,0.0948989731699238,0.223749585955614,0.999999999999994,"Queens",TRUE,"2020-2024"
"11106",16088,705,19286,0.834180234366898,2076,0.0450493003483498,84867,81556,83040,0.237110079917505,0.460556844547564,0.140641436504636,0.0960959771935382,0.465067130780706,0.0931128791645947,0.140912481352561,0.24639482844356,1.00000000000018,"Queens",TRUE,"2020-2024"
"11109",3281,331,4032,0.813740079365079,3501,0.0332940483205657,204885,214198,140040,0.131909547738693,0.3178391959799,0.0293155510820332,0.0219760586028229,0.602255409935995,0.033526363913441,0.202682109113075,0.103626943005181,0.999999999999747,"Queens",TRUE,"2020-2024"
"11201",21810,1122,34022,0.641055787431662,3358,0.0434404108992774,173136,147569,134320,0.194851712116147,0.400210134199341,0.101304121022431,0.0487252376299192,0.552498853736818,0.11036221916552,0.148326455754241,0.142090784044017,1.00000000000001,"Kings",TRUE,"2020-2024"
"11203",17665,848,29238,0.604179492441344,1581,0.0521771571710281,67897,52104,63240,0.335340378471369,0.580302285573851,0.169221722303516,0.0871630608865604,0.0336824228700821,0.805094820266063,0.0188508349844325,0.072459666006227,0.999999999999996,"Kings",TRUE,"2020-2024"
"11204",16297,996,24896,0.654603149100257,1738,0.024116523400191,69479,59125,69520,0.325357283335519,0.581224596827062,0.217177944988298,0.0753463872666896,0.519973001165859,0.0198195986991471,0.242130453457692,0.18279437933362,0.999999999999924,"Kings",TRUE,"2020-2024"
"11205",12908,629,17962,0.718628215120811,2269,0.0330143185696268,93887,77092,90760,0.282954091816367,0.463073852295409,0.25047073353445,0.086630452407978,0.429346141927487,0.273318872017354,0.072513170127053,0.163464518128293,1.00000000000021,"Kings",TRUE,"2020-2024"
"11206",30955,1020,34813,0.889179329560796,1625,0.0141228625712476,61430,60030,65000,0.249465669249265,0.516965001335827,0.344139866177423,0.0919935613327159,0.322500403811985,0.213018898400905,0.0700371507026329,0.377354223873365,1.00000000000004,"Kings",TRUE,"2020-2024"
"11207",26405,1076,35658,0.740507039093611,1482,0.045825396254897,56523,45958,59280,0.309997523322051,0.559522826715099,0.249187185711809,0.108867819297267,0.0640787729596667,0.561939026699489,0.0187843211512971,0.31535693997349,1.00000000000001,"Kings",TRUE,"2020-2024"
"11208",25836,1231,34395,0.751155691234191,1651,0.0345638460677093,62077,52074,66040,0.314835598786216,0.538595834892131,0.186826930420836,0.0759042387812209,0.0143598080198173,0.448985911131754,0.0680832946276513,0.427968725808949,0.999999999999916,"Kings",TRUE,"2020-2024"
"11209",19413,807,30410,0.638375534363696,1864,0.0261721415342626,93854,80395,74560,0.276671909746705,0.4665618050659,0.122737331895818,0.0627313101406366,0.613351877607789,0.0478030185957863,0.0745376809354556,0.228300623293669,0.999999999999998,"Kings",TRUE,"2020-2024"
"11210",11562,851,20723,0.557930801524876,1786,0.0364819237420736,83692,64309,71440,0.318264178293169,0.545116868998007,0.110142506655531,0.0783615001940514,0.143141325030272,0.633973361010206,0.0528455284552846,0.108026293028888,1.00000000000002,"Kings",TRUE,"2020-2024"
"11211",23292,1141,28139,0.827747965457195,2471,0.0223201174743025,107506,99741,98840,0.26074422317825,0.418015700536657,0.203277781194269,0.0706452435603162,0.561351537008415,0.0319852309805942,0.083590932509016,0.280997767473811,0.999999999999945,"Kings",TRUE,"2020-2024"
"11212",28705,1254,33052,0.868479970954859,1294,0.0214132762312634,41355,37040,51760,0.334468589197794,0.570503091104283,0.335622190947474,0.163110289340863,0.0240376241072984,0.724507925448528,0.00996342100679324,0.180351855077513,0.999999999999975,"Kings",TRUE,"2020-2024"
"11213",22771,1047,27360,0.832273391812866,1670,0.0283663849845004,65127,58149,66800,0.298967671828308,0.54441727791361,0.225815949475172,0.102513703560157,0.172807518334724,0.624785911905494,0.0238900355715603,0.106012032848799,1.00000000000001,"Kings",TRUE,"2020-2024"
"11214",20173,802,30852,0.653863606897446,1771,0.0218260660081908,65895,59309,70840,0.315750877376774,0.552983081032947,0.19167437349153,0.0722154222766218,0.508451891141625,0.028602587617112,0.230357408417191,0.203638526743667,1.00000000000002,"Kings",TRUE,"2020-2024"
"11215",17187,965,29788,0.576977306297838,2831,0.0486850684633775,185865,142107,113240,0.143548777535706,0.343439845073832,0.055578627790746,0.0622983870967742,0.684645371501716,0.0317100133822075,0.0839588060743585,0.16012102170245,0.999999999999961,"Kings",TRUE,"2020-2024"
"11216",21352,989,27134,0.786909412545146,2271,0.0235668789808917,101277,91882,90840,0.21678863955799,0.429021470459943,0.160069559456774,0.0777060895046655,0.348772948669914,0.396543649306856,0.0593855376545523,0.126124016485575,0.999999999999879,"Kings",TRUE,"2020-2024"
"11217",14671,770,20307,0.722460235386812,2888,0.0394066135145733,162863,132426,115520,0.187709497206704,0.407821229050279,0.0959577143389373,0.0619980725987793,0.473178379115261,0.210074296230659,0.0968577465748756,0.169381773566901,0.999999999999931,"Kings",TRUE,"2020-2024"
"11218",15656,980,25661,0.610108725302989,1981,0.0217931205761828,97366,73343,79240,0.294615130492237,0.512586719524281,0.140604116546378,0.0607319324537112,0.45464997445069,0.122700562084824,0.171371997956055,0.203372508942259,0.99999999999997,"Kings",TRUE,"2020-2024"
"11219",18374,738,24507,0.749744970824662,1724,0.0210075140226479,58347,47318,68960,0.392470345538938,0.606498194945848,0.330008143322476,0.0777740341419587,0.547948187656471,0.0182867094807881,0.185969304451943,0.20877326657233,1.00000000000006,"Kings",TRUE,"2020-2024"
"11220",20836,946,28420,0.733145672061928,1768,0.0290708456973294,69883,61830,70720,0.329186938857401,0.558258514320108,0.229003743990784,0.0772281590833976,0.173785755423306,0.0281723939335765,0.323046650028796,0.456997504319447,0.999999999999987,"Kings",TRUE,"2020-2024"
"11221",28796,1312,36532,0.788240446731633,2139,0.0252416030276407,85736,76118,85560,0.291005673400065,0.514436454305641,0.230154466820878,0.0865641588870584,0.270141686345326,0.354320044450618,0.050805667453813,0.295666064731213,0.999999999999983,"Kings",TRUE,"2020-2024"
"11222",17452,741,21316,0.818727716269469,2659,0.0280686121630653,125734,122642,106360,0.185082547169811,0.415330188679245,0.0951288056206089,0.0699558895605293,0.68794407517763,0.0532317212926885,0.0644052257620903,0.132477652991061,0.999999999999805,"Kings",TRUE,"2020-2024"
"11223",16930,688,26478,0.639398746128862,1647,0.0212557603686636,63368,47583,65880,0.373516435717393,0.597837569129435,0.212987748378462,0.0927957660630928,0.506320141760189,0.0913171884229179,0.163437684583579,0.19899586532782,0.999999999999987,"Kings",TRUE,"2020-2024"
"11224",14886,791,20478,0.726926457661881,1010,0.0211747738298151,43648,33475,40400,0.312725217268424,0.575920299583127,0.254768090548406,0.130067656159857,0.479712481526266,0.255676474539836,0.047695821577321,0.182654843477093,1.00000000000002,"Kings",TRUE,"2020-2024"
"11225",20085,908,25014,0.802950347805229,1730,0.0164659024674568,88568,81900,69200,0.273799281340149,0.455640467635002,0.157812338712452,0.0800267434086218,0.264127458302216,0.538760268857356,0.0425192930047299,0.108837440876276,1.00000000000008,"Kings",TRUE,"2020-2024"
"11226",32796,1332,38130,0.860110149488592,1790,0.066198679941828,81014,75387,71600,0.265554581872809,0.495430645968953,0.159008918464289,0.0727861928342557,0.164959141358702,0.596963044273692,0.040004878643737,0.134833516282473,1.00000000000005,"Kings",TRUE,"2020-2024"
"11228",6633,634,15007,0.441993736256414,1861,0.0156341320864991,83665,59160,74440,0.333333333333333,0.555717289341743,0.138508769842214,0.0632917583761311,0.509573345394241,0.0167345092718227,0.256294286145032,0.200663349917081,1.00000000000003,"Kings",TRUE,"2020-2024"
"11229",16211,803,30523,0.531107689283491,1651,0.0348538011695906,70603,53609,66040,0.312340425531915,0.529558101472995,0.169026888604353,0.0565892137528938,0.586145210042564,0.121213990500278,0.124236629449139,0.116155696749121,1.00000000000006,"Kings",TRUE,"2020-2024"
"11230",22864,897,31947,0.715685353867343,1762,0.022167902899528,70027,57779,70480,0.32125198246105,0.571601828528781,0.201894605348385,0.0634860723182607,0.542949615115465,0.120713785864241,0.151110916724983,0.137508747375787,0.999999999999992,"Kings",TRUE,"2020-2024"
"11231",11665,667,16783,0.695048561043913,2431,0.0153833221250841,139930,104087,97240,0.140143597200763,0.330182677451604,0.131009395200335,0.0674335581118604,0.530647235319331,0.142477496785255,0.0416630947278183,0.220145735105015,1.00000000000002,"Kings",TRUE,"2020-2024"
"11232",6825,678,9309,0.73316145665485,2064,0.0181034482758621,90891,88653,82560,0.261606597434331,0.480757483200977,0.191774473836648,0.0693503387803906,0.29025641025641,0.0610989010989011,0.115018315018315,0.520879120879121,0.999999999999987,"Kings",TRUE,"2020-2024"
"11233",25133,1194,32948,0.762808061187325,1606,0.0163417765845687,62411,52498,64240,0.294777857778154,0.536910761932997,0.236186029366591,0.0898479124285576,0.10707038554888,0.676083237178212,0.0167508852902558,0.170652130664863,0.999999999999966,"Kings",TRUE,"2020-2024"
"11234",9438,706,29799,0.31672203765227,1848,0.0884014941097596,97479,64203,73920,0.285065168001913,0.536649527681454,0.0954068716094033,0.0645326068448834,0.274210637847002,0.518542063996609,0.0412163593981776,0.116550116550117,0.999999999999998,"Kings",TRUE,"2020-2024"
"11235",22727,955,34870,0.65176369371953,1691,0.0200489417421543,59661,47366,67640,0.369096485020052,0.642698749705119,0.180557888344811,0.0693344112099165,0.727460729528754,0.0292603511242135,0.0815769789237471,0.095437145245743,0.999999999999986,"Kings",TRUE,"2020-2024"
"11236",15014,821,31033,0.483807559694519,1660,0.0714890528607717,81464,55166,66400,0.299687898992765,0.529507731593134,0.13229580929174,0.0823163378515267,0.0261755694684961,0.779472492340482,0.0122552284534435,0.103370187824697,1,"Kings",TRUE,"2020-2024"
"11237",16011,840,18228,0.878373930217248,2219,0.0314287434523451,85196,79321,88760,0.292665771468764,0.568834324445297,0.199977934686673,0.092283939787361,0.340578352382737,0.109174942227219,0.0764474423833614,0.424520642058585,0.999999999999943,"Kings",TRUE,"2020-2024"
"11238",20189,805,27919,0.723127619184068,2616,0.0275940815452686,134523,121554,104640,0.190813083153901,0.386291397518712,0.12154314159292,0.0688078216989066,0.444251820298182,0.259646342067462,0.077864183466244,0.148050918817178,0.999999999999962,"Kings",TRUE,"2020-2024"
"11239",7487,640,8244,0.9081756428918,1021,0.0571674452913696,38015,31105,40840,0.230133590414543,0.540559151632007,0.252432565586895,0.0867113684852179,0.212368104714839,0.531855215707226,0.032990516895953,0.176839855749967,1,"Kings",TRUE,"2020-2024"
"11249",15001,864,17982,0.83422311200089,3036,0.0234087831301993,123047,117022,121440,0.185094352476327,0.378704271408134,0.172573351561678,0.0677761791810864,0.565562295846944,0.101793213785748,0.0615292313845744,0.197720151989867,1,"Kings",TRUE,"2020-2024"
"11354",12584,966,21846,0.576032225579053,1777,0.0396137469586375,66010,52312,71080,0.355024995690398,0.642475435269781,0.202571534167169,0.0598463258901194,0.144389701207883,0.0529243483788938,0.556659249841068,0.223776223776224,0.999999999999955,"Queens",TRUE,"2020-2024"
"11355",20690,1181,31078,0.665744256387155,1725,0.017360454115421,55326,51384,69000,0.364179586563308,0.650247631352282,0.218750777963106,0.0699626865671642,0.0918801353310778,0.0362977283711938,0.669840502658289,0.176800386660222,1.00000000000007,"Queens",TRUE,"2020-2024"
"11356",4101,457,8171,0.501896952637376,2235,0.0267076341290475,86730,61559,89400,0.396357106208312,0.58722421754746,0.11147299445543,0.0997743015020624,0.178736893440624,0.0134113630821751,0.316264325774201,0.474274567178737,1.00000000000001,"Queens",TRUE,"2020-2024"
"11357",3577,569,15962,0.224094724971808,2290,0.0213406292749658,96988,80237,91600,0.383772579212319,0.562333432040272,0.0795835662381219,0.0813124108416548,0.441710930947722,0.013139502376293,0.229801509644954,0.259155717081353,1.00000000000001,"Queens",TRUE,"2020-2024"
"11358",5594,536,13430,0.416530156366344,2112,0.0353163037887879,88165,69590,84480,0.360915492957746,0.573748043818466,0.119751083690131,0.0684733886341388,0.243653914908831,0.0078655702538434,0.455309259921344,0.252949588845191,0.99999999999995,"Queens",TRUE,"2020-2024"
"11359",0,14,0,NA,NA,NA,NA,NA,NA,NA,NA,NA,NA,NA,NA,NA,NA,0.999999999999952,"Queens",TRUE,"2020-2024"
"11360",2120,366,8974,0.236238020949409,2513,0.0154968094804011,98875,80050,100520,0.274792243767313,0.513019390581717,0.0997006915058314,0.0388059701492537,0.454245283018868,0.0264150943396226,0.222169811320755,0.250471698113208,1.00000000000008,"Queens",TRUE,"2020-2024"
"11361",4614,342,11234,0.410717464838882,2347,0.012322073507542,105932,99279,93880,0.263515151515152,0.482424242424242,0.123198969386717,0.0649293286219081,0.38383181621153,0.053532726484612,0.350021673168617,0.171868227134807,1,"Queens",TRUE,"2020-2024"
"11362",1800,478,7223,0.249203931884259,3069,0.0835030549898167,122090,137635,122760,0.151148730350665,0.408706166868198,0.0515665796344648,0.0425441395447777,0.296111111111111,0.110555555555556,0.418333333333333,0.113888888888889,1.00000000000002,"Queens",TRUE,"2020-2024"
"11363",769,212,2865,0.268411867364747,2254,0.0575980392156863,125015,84375,90160,0.358413132694938,0.678522571819425,0.0802990447182611,0.0348644161593802,0.426527958387516,0.0273081924577373,0.222366710013004,0.275682704811443,0.999999999999968,"Queens",TRUE,"2020-2024"
"11364",3993,505,13581,0.294013695604153,2336,0.0746234067207416,98359,77909,93440,0.362102895698622,0.582513353949958,0.0768314810614652,0.0426049564331787,0.356624092161282,0.0658652642123717,0.356123215627348,0.151014274981217,1,"Queens",TRUE,"2020-2024"
"11365",8779,695,16384,0.53582763671875,1890,0.0337882456526524,81258,68031,75600,0.233420430508896,0.504168221973373,0.103733459357278,0.06436580076593,0.27098758400729,0.181797471238182,0.287504271557125,0.250256293427497,1.00000000000001,"Queens",TRUE,"2020-2024"
"11366",1294,351,4700,0.27531914893617,2180,0.0122137404580153,135373,105750,87200,0.134502923976608,0.365079365079365,0.0795189778278843,0.0383224873463485,0.129829984544049,0.0664605873261206,0.510819165378671,0.264296754250386,0.999999999999968,"Queens",TRUE,"2020-2024"
"11367",7161,622,14458,0.495296721538249,1900,0.0245051837888784,75061,62871,76000,0.296416457749594,0.551983483262056,0.133644270767679,0.051335668356945,0.389051808406647,0.126378997346739,0.179444211702276,0.263510682865522,0.999999999999985,"Queens",TRUE,"2020-2024"
"11368",23144,1007,30079,0.769440473419994,1988,0.0128303495311168,72270,70608,79520,0.304970250078289,0.559164317988637,0.193451065546994,0.0723859084272397,0.0551330798479087,0.157967507777394,0.0884462495679226,0.732976149325959,1.00000000000001,"Queens",TRUE,"2020-2024"
"11369",5442,548,11066,0.491776613048979,1924,0.037396366202152,80297,71934,76960,0.255515745804262,0.586083349047709,0.156172749745529,0.0994776288893936,0.0404263138552003,0.1944138184491,0.0893054024255788,0.67805953693495,0.999999999999952,"Queens",TRUE,"2020-2024"
"11370",5050,638,9436,0.535184400169563,2003,0.0403946388682055,76009,66750,80120,0.300476289086767,0.554566162766618,0.107295347467609,0.0917110155281767,0.27049504950495,0.0495049504950495,0.191089108910891,0.462178217821782,1.00000000000008,"Queens",TRUE,"2020-2024"
"11371",0,14,0,NA,NA,NA,NA,NA,NA,NA,NA,NA,NA,NA,NA,NA,NA,1.00000000000003,"Queens",TRUE,"2020-2024"
"11372",16088,1023,25399,0.633410764203315,1820,0.0216691957511381,78606,69214,72800,0.319862424763543,0.52959851842053,0.14561253782295,0.0837751855779427,0.162108403779214,0.0215067130780706,0.163040775733466,0.622140726006962,0.99999999999999,"Queens",TRUE,"2020-2024"
"11373",23884,1040,32577,0.733155293612058,1937,0.0194425115631779,71480,71180,77480,0.315349642779822,0.593938081835895,0.147984085968582,0.057619236658538,0.0627616814603919,0.0234466588511137,0.40767878077374,0.492966002344666,0.999999999999897,"Queens",TRUE,"2020-2024"
"11374",11417,766,19625,0.58175796178344,1958,0.0103021978021978,90631,78955,78320,0.289963167587477,0.529742173112339,0.129927225387882,0.0525758794395293,0.420863624419725,0.0647280371376018,0.160112113514934,0.27748094946133,1.00000000000003,"Queens",TRUE,"2020-2024"
"11375",16855,784,34061,0.494847479522034,2175,0.0229672802816089,105904,95207,87000,0.258999621068587,0.467664519388657,0.0870276995612599,0.0390582439186148,0.494334025511718,0.067220409374073,0.185642242657965,0.211450608128152,0.999999999999996,"Queens",TRUE,"2020-2024"
"11377",23705,1186,33612,0.705254075925265,1804,0.019040989312477,73073,69536,72160,0.238539306257626,0.529806519086631,0.111045423194403,0.0530651642012166,0.224214300780426,0.0360261548196583,0.312887576460662,0.412022780004218,1,"Queens",TRUE,"2020-2024"
"11378",5753,471,12890,0.446314972847168,1993,0.0242996962537968,85830,75982,79720,0.292433537832311,0.55791039226622,0.126835892035693,0.0712046808066033,0.463584216930297,0.00504084825308535,0.0964714062228403,0.400660524943508,1.00000000000003,"Queens",TRUE,"2020-2024"
"11379",5626,530,14090,0.399290276792051,2040,0.0150924198745125,93558,79125,81600,0.305199844780753,0.517462165308498,0.0806189597731215,0.0414166309472782,0.566832563099893,0.0170636331318877,0.0575897618201209,0.346071809456097,0.999999999999975,"Queens",TRUE,"2020-2024"
"11385",26193,1032,37778,0.69334003917624,2004,0.0288532584601744,88838,83292,80160,0.221860819981528,0.470706340601534,0.119844381029495,0.070438599523036,0.453021799717482,0.0439812163555148,0.0637574924598175,0.417974267934181,1,"Queens",TRUE,"2020-2024"
"11411",1016,210,6632,0.153196622436671,1723,0.00974658869395711,116458,56471,68920,0.330526315789474,0.606315789473684,0.0734238221697649,0.0705882352941176,0.0334645669291339,0.830708661417323,0.031496062992126,0.0984251968503937,0.999999999999942,"Queens",TRUE,"2020-2024"
"11412",3422,421,12127,0.282180258926363,1680,0.0567805953693495,97979,60720,67200,0.286776091669247,0.545060390213688,0.104118300191784,0.0540236353404615,0.0037989479836353,0.825540619520748,0.0306838106370544,0.104909409701929,0.999999999999987,"Queens",TRUE,"2020-2024"
"11413",3693,471,14014,0.263522192093621,2098,0.0194906444906445,118440,90413,83920,0.269087789533886,0.513583071203889,0.0607798918398178,0.0474481827008316,0.00379095586244246,0.826699160574059,0.0146222583265638,0.0777145951800704,1.00000000000003,"Queens",TRUE,"2020-2024"
"11414",3056,421,11346,0.269346025030848,2113,0.0392958189248664,95051,69175,84520,0.355595667870036,0.572563176895307,0.0691516545291938,0.0955115611304216,0.43488219895288,0.0363219895287958,0.0209424083769634,0.429319371727749,1.00000000000003,"Queens",TRUE,"2020-2024"
"11415",5043,480,9085,0.555090809025867,2002,0.0467989517034818,86394,77173,80080,0.329121662930507,0.543101691461178,0.0999002896348701,0.0695979899497487,0.379139401150109,0.122546103509816,0.103906404917708,0.319056117390442,0.999999999999994,"Queens",TRUE,"2020-2024"
"11416",3864,381,7535,0.512806901128069,2009,0.0245552493109496,81188,61768,80360,0.353146853146853,0.607853684776762,0.182094318314576,0.0780899311198824,0.150879917184265,0.0817805383022774,0.186853002070393,0.570134575569358,1.00000000000001,"Queens",TRUE,"2020-2024"
"11417",3968,396,9505,0.417464492372436,1868,0.0318424890617404,87006,67756,74720,0.322029372496662,0.526835781041389,0.122799484757407,0.0750426766814613,0.207913306451613,0.130040322580645,0.210433467741935,0.396925403225806,0.99999999999997,"Queens",TRUE,"2020-2024"
"11418",6031,626,11643,0.517993644249764,1800,0.00818464560484531,90156,64581,72000,0.315609843721933,0.525238009700018,0.0998477142775048,0.0675910821098423,0.212568396617476,0.141104294478528,0.116730227159675,0.434753772177085,0.999999999999949,"Queens",TRUE,"2020-2024"
"11419",5084,605,13300,0.382255639097744,1946,0.025493578685068,93399,75970,77840,0.337848932676519,0.614942528735632,0.116312720772865,0.0894020618556701,0.0379622344610543,0.134933123524784,0.298780487804878,0.285995279307632,1.00000000000001,"Queens",TRUE,"2020-2024"
"11420",3909,458,14001,0.279194343261196,2064,0.0412295681873628,100006,72490,82560,0.314845024469821,0.55573681348559,0.111295916918521,0.0924531943640224,0.0555129189050908,0.161933998465081,0.289588129956511,0.247377845996419,1.00000000000002,"Queens",TRUE,"2020-2024"
"11421",5474,568,12112,0.451948480845443,1978,0.0259786476868327,90685,70730,79120,0.316546762589928,0.538540596094553,0.104800907879805,0.0809265361504167,0.116916331750091,0.110339788089149,0.119108512970406,0.638838143953233,1.00000000000018,"Queens",TRUE,"2020-2024"
"11422",3330,502,10325,0.322518159806295,2510,0.0200117716303708,114697,80408,100400,0.267262638717633,0.542231812577065,0.0952352643937818,0.0587547988649641,0.0267267267267267,0.85945945945946,0.00720720720720721,0.0504504504504504,0.999999999999861,"Queens",TRUE,"2020-2024"
"11423",4262,532,9623,0.442897225397485,1788,0.0702247191011236,80054,59741,71520,0.357603924606248,0.604441001807384,0.119542209306497,0.0898600702964388,0.0368371656499296,0.440872829657438,0.235100891600188,0.258798686062881,0.999999999999992,"Queens",TRUE,"2020-2024"
"11424",0,14,0,NA,NA,NA,NA,NA,NA,NA,NA,NA,NA,NA,NA,NA,NA,0.999999999999848,"Queens",TRUE,"2020-2024"
"11426",1905,405,6397,0.297795841800844,1997,0.0369059656218402,103533,89577,79880,0.181324647122693,0.527687296416938,0.0751173708920188,0.0552631578947368,0.210498687664042,0.0640419947506562,0.418897637795276,0.294488188976378,0.999999999999957,"Queens",TRUE,"2020-2024"
"11427",3076,358,8321,0.369667107318832,1748,0.0176879343019583,88980,63152,69920,0.267039841949292,0.514981890023049,0.108370299738817,0.0683438498729821,0.0295838751625488,0.439206762028609,0.245773732119636,0.19408322496749,1.00000000000004,"Queens",TRUE,"2020-2024"
"11428",1580,269,5946,0.265724857046754,1947,0.0557491289198606,91296,56651,77880,0.488466757123474,0.694029850746269,0.0964423943587297,0.0860826312049538,0.120253164556962,0.19493670886076,0.206329113924051,0.365189873417722,0.999999999999987,"Queens",TRUE,"2020-2024"
"11429",2220,452,8136,0.272861356932153,1649,0.0215954164830322,102880,61575,65960,0.279448003942829,0.5771315919172,0.0940701413295446,0.104673278087216,0.0148648648648649,0.605405405405405,0.0855855855855856,0.234684684684685,1.0000000000001,"Queens",TRUE,"2020-2024"
"11430",0,14,0,NA,NA,NA,NA,NA,NA,NA,NA,0.88659793814433,0.631016042780749,NA,NA,NA,NA,1.00000000000004,"Queens",TRUE,"2020-2024"
"11432",13346,1076,20793,0.641850622805752,1872,0.045016077170418,74096,60772,74880,0.343598182103119,0.56856292117223,0.153314309009376,0.0869988257003858,0.0863179979019931,0.2419451521055,0.35718567361007,0.247265098156751,1.00000000000003,"Queens",TRUE,"2020-2024"
"11433",5898,471,11214,0.525949705724987,1609,0.0587296520906479,77519,50049,64360,0.29847341638884,0.616072995262327,0.128612333633809,0.11778936616311,0.012037978975924,0.584265852831468,0.127500847744998,0.19362495761275,0.99999999999996,"Queens",TRUE,"2020-2024"
"11434",11999,867,22851,0.525097369918165,1469,0.01405094494659,77598,58296,58760,0.277943498859449,0.502193367257414,0.136205460710249,0.0959843004012771,0.00775064588715726,0.889157429785815,0.0314192849404117,0.0615884657054755,0.999999999999995,"Queens",TRUE,"2020-2024"
"11435",12853,945,20083,0.639994024797092,1842,0.0160761904761905,79710,68555,73680,0.274031797798614,0.561761108846311,0.157035064358633,0.122986298694959,0.126040613086439,0.272309966544776,0.165564459659224,0.34536684042636,1.00000000000006,"Queens",TRUE,"2020-2024"
"11436",2294,274,6568,0.349269183922046,2171,0.0241525423728814,88047,54920,86840,0.425969173283512,0.611863615133115,0.124837858388872,0.069036756477576,0.001743679163034,0.608108108108108,0.0623365300784656,0.141673931996513,1.00000000000002,"Queens",TRUE,"2020-2024"
"11439",0,14,0,NA,NA,NA,NA,NA,NA,NA,NA,1,0.24835886214442,NA,NA,NA,NA,0.999999999999817,"Queens",TRUE,"2020-2024"
"11451",0,14,0,NA,NA,NA,NA,NA,NA,NA,NA,NA,NA,NA,NA,NA,NA,1.00000000000027,"Queens",TRUE,"2020-2024"
"11501",2741,397,8753,0.313149777219239,2412,0.0456128133704735,137665,102313,96480,0.186783804430863,0.451107715813598,0.0521548302750152,0.0325641414908152,0.587012039401678,0.0474279460051076,0.0886537759941627,0.21780372126961,0.999999999999999,"Nassau",FALSE,"2020-2024"
"11507",284,146,2326,0.122098022355976,2430,0,164028,120351,97200,0.251063829787234,0.361702127659574,0.0390439429928741,0.0258620689655172,0.580985915492958,0,0.26056338028169,0.130281690140845,0.999999999999986,"Nassau",FALSE,"2020-2024"
"11509",93,41,792,0.117424242424242,3501,0.103448275862069,168537,134844,140040,0.36046511627907,0.5,0.0212290502793296,0.0225048923679061,0.913978494623656,0,0.043010752688172,0.043010752688172,1,"Nassau",FALSE,"2020-2024"
"11510",1448,324,11148,0.129888769285971,1890,0,147319,NA,75600,0.397858319604613,0.538714991762768,0.0642953321364452,0.0429568913175471,0.267955801104972,0.332872928176796,0.0069060773480663,0.350138121546961,1.00000000000002,"Nassau",FALSE,"2020-2024"
"11514",383,124,1745,0.219484240687679,2351,0,151964,93260,94040,0.26027397260274,0.517808219178082,0.0495158450704225,0.032559880239521,0.68668407310705,0.0704960835509138,0.00783289817232376,0.234986945169713,1,"Nassau",FALSE,"2020-2024"
"11516",893,330,3207,0.278453383224197,2214,0,104331,76420,88560,0.361809045226131,0.797738693467337,0.0516900790166813,0.0372881355932203,0.604703247480403,0.0235162374020157,0,0.371780515117581,1.00000000000006,"Nassau",FALSE,"2020-2024"
"11518",688,195,3991,0.172387872713606,2499,0,117052,96250,99960,0.360790774299835,0.494233937397035,0.0259818127310882,0.032576157774256,0.520348837209302,0.113372093023256,0,0.332848837209302,1.00000000000004,"Nassau",FALSE,"2020-2024"
"11520",4050,494,14117,0.286888149040164,2077,0.0472829922371207,121748,83477,83080,0.205061983471074,0.521177685950413,0.0732760559578966,0.0649417341497136,0.116049382716049,0.228395061728395,0.0350617283950617,0.608641975308642,0.999999999999956,"Nassau",FALSE,"2020-2024"
"11530",959,234,9512,0.100820016820858,3501,0.104575163398693,228143,114401,140040,0.359956236323851,0.528446389496718,0.0340216906848908,0.0397189760712298,0.681960375391032,0.0583941605839416,0.0531803962460897,0.194994786235662,1.00000000000002,"Nassau",FALSE,"2020-2024"
"11542",5465,452,11339,0.48196489990299,2401,0.0277530688489593,93242,67373,96040,0.323375363724539,0.657807953443259,0.131437030770858,0.0441745979652117,0.456541628545288,0.0784995425434584,0.0236047575480329,0.455626715462031,1.00000000000001,"Nassau",FALSE,"2020-2024"
"11545",473,143,4503,0.105041083721963,2350,0,182528,65859,94000,0.305483028720627,0.793733681462141,0.0204081632653061,0.0243986848935802,0.6723044397463,0.0507399577167019,0.0465116279069767,0.211416490486258,1,"Nassau",FALSE,"2020-2024"
"11547",133,82,325,0.409230769230769,2360,0,95972,51297,94400,0.870967741935484,1,0,0,1,0,0,0,0.999999999999906,"Nassau",FALSE,"2020-2024"
"11548",19,23,410,0.0463414634146341,NA,0,122250,NA,NA,0,0.578947368421053,0.0288386593920499,0.130875576036866,0.421052631578947,0,0,0,0.999999999999888,"Nassau",FALSE,"2020-2024"
"11549",0,14,0,NA,NA,NA,NA,NA,NA,NA,NA,0.2,0.0693877551020408,NA,NA,NA,NA,0.999999999999829,"Nassau",FALSE,"2020-2024"
"11550",9001,623,17895,0.502989661916737,1626,0.120222852116118,92677,44654,65040,0.29722124516356,0.57263454097784,0.140298207067742,0.0919325744852895,0.0369958893456283,0.493500722141984,0.0255527163648483,0.429841128763471,1.00000000000009,"Nassau",FALSE,"2020-2024"
"11552",793,205,7469,0.106172178337127,2813,0.0221948212083847,155154,87724,112520,0.316590563165906,0.526636225266362,0.0691275435033648,0.0600314647677403,0.552332912988651,0.197982345523329,0,0.240857503152585,0.999999999999977,"Nassau",FALSE,"2020-2024"
"11553",1999,341,7200,0.277638888888889,2123,0.0352316602316602,121127,61038,84920,0.359124866595518,0.55923159018143,0.0959550561797753,0.0735711390352655,0.230615307653827,0.293146573286643,0.0280140070035018,0.424712356178089,0.999999999999967,"Nassau",FALSE,"2020-2024"
"11554",1244,255,11796,0.105459477789081,2890,0.0378963650425367,133971,67263,115600,0.429195804195804,0.770979020979021,0.0639321787303097,0.0481357497402747,0.62459807073955,0.0313504823151125,0.17524115755627,0.159967845659164,0.999999999999984,"Nassau",FALSE,"2020-2024"
"11556",0,14,0,NA,NA,NA,NA,NA,NA,NA,NA,NA,NA,NA,NA,NA,NA,1.00000000000002,"Nassau",FALSE,"2020-2024"
"11557",253,134,2641,0.0957970465732677,1434,0,176274,40880,57360,0.52,0.645,0.0624632396188684,0.0299823633156966,0.632411067193676,0.114624505928854,0.1699604743083,0.08300395256917,1.00000000000001,"Nassau",FALSE,"2020-2024"
"11558",1064,181,3259,0.326480515495551,2571,0,111032,68355,102840,0.351325757575758,0.664772727272727,0.0854101137188483,0.0559537572254335,0.62687969924812,0.108082706766917,0.056390977443609,0.208646616541353,0.999999999999956,"Nassau",FALSE,"2020-2024"
"11559",629,242,2636,0.238619119878604,1926,0,142830,74340,77040,0.351629502572899,0.466552315608919,0.0496733498535706,0.0320161522930487,0.594594594594595,0.119236883942766,0.0524642289348172,0.246422893481717,1.00000000000003,"Nassau",FALSE,"2020-2024"
"11560",288,89,2434,0.118323746918652,3179,0,163750,60139,127160,0.588235294117647,0.651260504201681,0.0389542483660131,0.0529685681024447,0.704861111111111,0.0763888888888889,0,0.277777777777778,0.999999999999979,"Nassau",FALSE,"2020-2024"
"11561",5557,608,16854,0.329714014477275,2582,0.0171428571428571,141629,99985,103280,0.238042269187987,0.530033370411568,0.0780933062880325,0.0371633438265128,0.669965808889689,0.054165916861616,0.048587367284506,0.175274428648551,1,"Nassau",FALSE,"2020-2024"
"11563",1867,380,7886,0.236748668526503,2251,0.0632212744606121,136887,67232,90040,0.354764638346728,0.514925373134328,0.0681618679775281,0.0411505867014342,0.705409748259239,0.0835565077664703,0.0203535083020889,0.155865024102839,1.00000000000005,"Nassau",FALSE,"2020-2024"
"11565",111,62,3255,0.0341013824884793,1898,0,148049,71375,75920,0.128571428571429,0.271428571428571,0.0774780774780775,0.0210649502633119,0.756756756756757,0.0630630630630631,0.0810810810810811,0.0990990990990991,1.00000000000006,"Nassau",FALSE,"2020-2024"
"11566",467,160,11613,0.0402135537759408,2913,0,177079,92321,116520,0.384180790960452,0.596045197740113,0.0279441117764471,0.0408367086500583,0.710920770877944,0.019271948608137,0.0406852248394004,0.184154175588865,1.00000000000001,"Nassau",FALSE,"2020-2024"
"11568",61,42,974,0.0626283367556468,3501,0.2375,250001,250001,140040,0,0.56,0.0333227546810536,0.052896725440806,0.983606557377049,0,0.0163934426229508,0,0.999999999999952,"Nassau",FALSE,"2020-2024"
"11569",115,70,463,0.248380129589633,3327,0,81635,NA,133080,0.330434782608696,0.565217391304348,0.0931216931216931,0.0318181818181818,0.904347826086957,0,0,0.0956521739130435,0.999999999999932,"Nassau",FALSE,"2020-2024"
"11570",2564,330,10693,0.239783035630786,1913,0.0346385542168675,157163,63592,76520,0.307951198990324,0.541859486748002,0.0477508408071749,0.0641365707678705,0.555772230889236,0.127145085803432,0.0198907956318253,0.242589703588144,1.00000000000001,"Nassau",FALSE,"2020-2024"
"11572",744,222,10522,0.0707089906861813,2227,0,148790,83409,89080,0.116393442622951,0.381967213114754,0.0299792223211636,0.0598376681083003,0.522849462365591,0,0.0309139784946237,0.436827956989247,0.999999999999954,"Nassau",FALSE,"2020-2024"
"11575",1041,439,4452,0.233827493261456,2565,0.0352177942539388,126146,59269,102600,0.390827517447657,0.712861415752742,0.0369589884908413,0.0544832176476181,0.104707012487992,0.197886647454371,0,0.614793467819404,0.999999999999948,"Nassau",FALSE,"2020-2024"
"11576",403,209,4327,0.0931361220244973,2311,0.0472813238770686,216250,103506,92440,0.202816901408451,0.383098591549296,0.0445403468772901,0.0420023014959724,0.930521091811414,0,0.0620347394540943,0.00744416873449132,1.00000000000003,"Nassau",FALSE,"2020-2024"
"11577",379,176,4361,0.0869066727814721,2514,0,182674,101250,100560,0.364864864864865,0.537837837837838,0.0397185301016419,0.0370666240613517,0.559366754617414,0.0844327176781003,0.25065963060686,0.100263852242744,0.999999999999996,"Nassau",FALSE,"2020-2024"
"11579",402,132,1769,0.227247032221594,2315,0.12035010940919,193590,121019,92600,0.340625,0.50625,0.00940564338603162,0.135014836795252,0.798507462686567,0.0771144278606965,0,0.124378109452736,0.999999999999974,"Nassau",FALSE,"2020-2024"
"11580",2204,512,12860,0.171384136858476,1996,0.0195729537366548,137402,54348,79840,0.309466602594906,0.60259490629505,0.0413598657843229,0.0346895973154362,0.188294010889292,0.304446460980036,0.117059891107078,0.357985480943739,0.999999999999999,"Nassau",FALSE,"2020-2024"
"11581",1181,351,7120,0.165870786516854,2292,0.0589641434262948,142233,71806,91680,0.308377896613191,0.482174688057041,0.0711996839471489,0.0304738418178615,0.232006773920406,0.370872142252329,0.0762066045723963,0.281117696867062,1,"Nassau",FALSE,"2020-2024"
"11590",3556,383,15255,0.233103900360538,2170,0.0368364030335861,152960,106000,86800,0.209529276693456,0.41963260619977,0.0500936329588015,0.0343980343980344,0.254499437570304,0.177165354330709,0.140888638920135,0.404949381327334,0.999999999999984,"Nassau",FALSE,"2020-2024"
"11596",548,173,3470,0.15792507204611,2141,0.0551724137931034,163833,82220,85640,0.0896130346232179,0.64765784114053,0.0298592620768353,0.0417415618134612,0.563868613138686,0,0.0291970802919708,0.406934306569343,0.999999999999947,"Nassau",FALSE,"2020-2024"
"11598",429,159,3753,0.114308553157474,2794,0.115463917525773,190074,128389,111760,0.426791277258567,0.579439252336449,0.019788621542613,0.0548607637151909,0.517482517482518,0.142191142191142,0.0536130536130536,0.230769230769231,1.00000000000005,"Nassau",FALSE,"2020-2024"
"11691",16665,865,23039,0.723338686574938,1425,0.0121316132086637,56135,42276,57000,0.298425996445798,0.557248032495557,0.219022844157397,0.100537221795856,0.172337233723372,0.455085508550855,0.0277227722772277,0.316771677167717,1.00000000000002,"Queens",TRUE,"2020-2024"
"11692",5400,505,8070,0.66914498141264,1161,0.016600505232768,49720,31593,46440,0.346176881613096,0.625274505889399,0.282529057934965,0.0981570104877304,0.0859259259259259,0.594444444444444,0.0457407407407407,0.235185185185185,0.99999999999999,"Queens",TRUE,"2020-2024"
"11693",2847,418,5559,0.512142471667566,1216,0.0263246709416132,68449,43694,48640,0.342135043379857,0.522444360618635,0.179919495708969,0.115744831242269,0.356866877414823,0.303126097646646,0.00561995082543028,0.264137688795223,1.00000000000004,"Queens",TRUE,"2020-2024"
"11694",3963,414,8165,0.485364360073484,1757,0.0706787963610917,111011,82446,70280,0.222646657571623,0.423192360163711,0.109179715558109,0.0782168186423506,0.687610396164522,0.105223315669947,0.0360837749179914,0.171839515518547,0.999999999999964,"Queens",TRUE,"2020-2024"
"11697",15,17,1870,0.00802139037433155,NA,0,122667,NA,NA,0.666666666666667,0.666666666666667,0.0663806728381124,0.0251542477456099,0.666666666666667,0.333333333333333,0,0,0.999999999999862,"Queens",TRUE,"2020-2024"
"11701",2731,415,9340,0.292398286937901,2481,0.0938951559389516,117033,76307,99240,0.36380880121396,0.562594840667678,0.0771230502599653,0.0394936413487341,0.517026730135482,0.203954595386305,0.0285609666788722,0.272427682167704,1.00000000000002,"Suffolk",FALSE,"2020-2024"
"11702",1015,190,5432,0.186855670103093,2436,0.0240384615384615,137652,92243,97440,0.297985153764581,0.531283138918346,0.0409386281588448,0.0399900336364769,0.824630541871921,0.0177339901477833,0.0108374384236453,0.133990147783251,1,"Suffolk",FALSE,"2020-2024"
"11703",778,164,5565,0.139802336028751,1971,0,137158,79916,78840,0.229598893499308,0.556016597510373,0.0305860378239552,0.0423639059521288,0.67866323907455,0.141388174807198,0.0655526992287918,0.0976863753213368,1.00000000000001,"Suffolk",FALSE,"2020-2024"
"11704",3271,473,12754,0.256468558883488,2182,0.0430076067875951,129195,80184,87280,0.309811827956989,0.592069892473118,0.0604779181784061,0.0586306226456902,0.698257413634974,0.114032405992051,0.0061143381228982,0.179150107000917,0.999999999999976,"Suffolk",FALSE,"2020-2024"
"11705",341,107,2866,0.118981158408932,2306,0.0882352941176471,164300,89476,92240,0.238670694864048,0.65558912386707,0.0540801545147272,0.0134361233480176,0.551319648093842,0.205278592375367,0.032258064516129,0.131964809384164,1.00000000000002,"Suffolk",FALSE,"2020-2024"
"11706",4855,543,19431,0.249858473573156,2025,0.0215032154340836,119603,66045,81000,0.326161790017212,0.560671256454389,0.0834175269053371,0.0469671496811037,0.332028836251287,0.215653964984552,0.0519052523171988,0.361483007209063,1.00000000000003,"Suffolk",FALSE,"2020-2024"
"11709",339,143,2595,0.130635838150289,2127,0,149191,93413,85080,0.319018404907975,0.717791411042945,0.0371250371250371,0.0454794520547945,1,0,0,0,0.999999999999995,"Nassau",FALSE,"2020-2024"
"11710",1102,262,11381,0.0968280467445743,2502,0.0383944153577661,173054,93462,100080,0.294617563739377,0.480642115203022,0.0201833804278877,0.0389127176890083,0.667876588021779,0.0362976406533575,0,0.264065335753176,1.00000000000001,"Nassau",FALSE,"2020-2024"
"11713",978,185,3169,0.308614704954244,3135,0.0710382513661202,108173,85577,125400,0.332599118942731,0.656387665198238,0.0492498369210698,0.0716498838109992,0.544989775051125,0.287321063394683,0.0081799591002045,0.104294478527607,1.00000000000002,"Suffolk",FALSE,"2020-2024"
"11714",830,248,7928,0.104692230070636,2329,0.0426758938869665,120172,65694,93160,0.466487935656836,0.646112600536193,0.0790923110817361,0.0434382477452604,0.557831325301205,0.0108433734939759,0.072289156626506,0.360240963855422,1.00000000000003,"Nassau",FALSE,"2020-2024"
"11715",158,101,1658,0.0952955367913148,2551,0,163125,NA,102040,0.455696202531646,1,0.0685975609756098,0.0669683257918552,1,0,0,0,1.00000000000001,"Suffolk",FALSE,"2020-2024"
"11716",524,153,3340,0.15688622754491,2572,0.182795698924731,128889,68648,102880,0.374257425742574,0.728712871287129,0.0783885071830106,0.0299071845995187,0.725190839694656,0.0190839694656489,0.0229007633587786,0.188931297709924,1.00000000000004,"Suffolk",FALSE,"2020-2024"
"11718",38,29,1054,0.0360531309297913,1728,0,218000,NA,69120,0,0.393939393939394,0.00189035916824197,0.0435049019607843,0.763157894736842,0.236842105263158,0,0,1.00000000000011,"Suffolk",FALSE,"2020-2024"
"11719",136,90,971,0.140061791967044,3088,0,126250,67727,123520,0.495652173913044,0.634782608695652,0.117647058823529,0.0587144622991347,0.88235294117647,0,0,0,0.999999999999994,"Suffolk",FALSE,"2020-2024"
"11720",1118,239,8860,0.126185101580135,2374,0.0192139737991266,134898,75250,94960,0.422890397672163,0.577109602327837,0.0520822639701605,0.0602832355192651,0.695885509838998,0.0438282647584973,0.0930232558139535,0.126118067978533,0.999999999999998,"Suffolk",FALSE,"2020-2024"
"11721",82,55,2417,0.0339263549855192,3501,0.261261261261261,197179,NA,140040,0.182926829268293,0.317073170731707,0.0412387177093059,0.0647332988089073,0.865853658536585,0,0,0.134146341463415,1.00000000000001,"Suffolk",FALSE,"2020-2024"
"11722",2108,358,9660,0.218219461697723,2055,0.122979897516752,114049,52477,82200,0.350577599196384,0.630838774485183,0.091541377957903,0.0606489436975639,0.194022770398482,0.217741935483871,0.00806451612903226,0.5853889943074,0.999999999999992,"Suffolk",FALSE,"2020-2024"
"11724",74,45,1017,0.0727630285152409,NA,0,250001,76200,NA,0,0,0.022977022977023,0.00958247775496235,1,0,0,0,0.999999999999961,"Suffolk",FALSE,"2020-2024"
"11725",687,147,9230,0.0744312026002167,2622,0,168281,102132,104880,0.457786116322702,0.574108818011257,0.0440169890133034,0.0463065769708053,0.768558951965066,0.0174672489082969,0.101892285298399,0.0771470160116448,1.00000000000008,"Suffolk",FALSE,"2020-2024"
"11726",1516,362,5940,0.255218855218855,2155,0.0613003095975232,128425,102167,86200,0.283641160949868,0.469656992084433,0.0549745895230649,0.0552186918910179,0.313324538258575,0.215039577836412,0,0.441952506596306,1.00000000000006,"Suffolk",FALSE,"2020-2024"
"11727",3614,505,11104,0.325468299711816,2479,0.0535211267605634,103287,79917,99160,0.284569138276553,0.556255367878614,0.0799179603239153,0.0526686292077307,0.53458771444383,0.231876037631433,0.0592141671278362,0.140287769784173,0.999999999999984,"Suffolk",FALSE,"2020-2024"
"11729",1405,258,8697,0.161549959756238,1928,0.0370116518163125,136939,70281,77120,0.240384615384615,0.574704142011834,0.0349564895389743,0.0225473894246758,0.629893238434164,0.101067615658363,0.0298932384341637,0.197864768683274,1,"Suffolk",FALSE,"2020-2024"
"11730",766,248,4994,0.153384060873048,2732,0,145652,71176,109280,0.484563758389262,0.681879194630872,0.048698752228164,0.0206359506813757,0.98041775456919,0,0,0.0195822454308094,1.00000000000007,"Suffolk",FALSE,"2020-2024"
"11731",1040,467,10811,0.0961983165294607,2412,0,161132,155063,96480,0.218863361547763,0.264812575574365,0.0598876479636193,0.0394563284968745,0.818269230769231,0.0509615384615385,0.0663461538461538,0.0644230769230769,1.00000000000003,"Suffolk",FALSE,"2020-2024"
"11732",367,238,1297,0.28296067848882,3060,0,148965,NA,122400,0.444117647058824,0.602941176470588,0.0582403965303594,0.0430045871559633,0.871934604904632,0.0299727520435967,0,0.0980926430517711,0.999999999999968,"Nassau",FALSE,"2020-2024"
"11733",918,322,6137,0.149584487534626,2411,0,173281,75300,96440,0.396640826873385,0.545219638242894,0.0485263642643334,0.0551312898838791,0.636165577342048,0.0272331154684096,0.217864923747277,0.0969498910675381,0.999999999999948,"Suffolk",FALSE,"2020-2024"
"11735",1951,291,11045,0.176641014033499,2301,0.0207100591715976,139443,75865,92040,0.335189309576837,0.575167037861915,0.0373169879632864,0.0584684181106764,0.719118400820092,0.0420297283444388,0.0466427473090723,0.182470527934393,0.999999999999976,"Suffolk",FALSE,"2020-2024"
"11738",1127,266,5105,0.220763956904995,2903,0.108433734939759,140121,108019,116120,0.248401826484018,0.599086757990868,0.0711840460794436,0.0414860070949941,0.583850931677019,0.177462289263531,0.0150842945874002,0.18189884649512,1.00000000000002,"Suffolk",FALSE,"2020-2024"
"11739",18,23,472,0.038135593220339,NA,0,164286,NA,NA,0,1,0,0.0453900709219858,1,0,0,0,0.999999999999972,"Suffolk",FALSE,"2020-2024"
"11740",650,137,3572,0.181970884658455,684,0,152386,22926,27360,0.468454258675079,0.649842271293375,0.0689897569793131,0.0256615878107458,0.692307692307692,0.136923076923077,0.0461538461538462,0.149230769230769,1.00000000000003,"Suffolk",FALSE,"2020-2024"
"11741",1838,247,9004,0.204131497112394,2457,0.037192247249869,144346,108750,98280,0.237850200114351,0.41852487135506,0.0513735954000526,0.0476897133220911,0.800870511425463,0.029923830250272,0.0261153427638738,0.133841131664853,0.999999999999987,"Suffolk",FALSE,"2020-2024"
"11742",761,170,4651,0.163620726725435,2400,0.0222496909765142,125162,85901,96000,0.291666666666667,0.556451612903226,0.0558008526187576,0.030945260694318,0.561103810775296,0.152431011826544,0.0749014454664915,0.204993429697766,0.999999999999986,"Suffolk",FALSE,"2020-2024"
"11743",1608,267,15708,0.102368220015279,2674,0,183187,108438,106960,0.326072157930565,0.480599046970728,0.0364128799277761,0.0349073472041612,0.661691542288557,0.0466417910447761,0.0746268656716418,0.18407960199005,0.999999999999991,"Suffolk",FALSE,"2020-2024"
"11746",3046,501,21489,0.141746940295035,2105,0.0290086069493146,164589,90929,84200,0.251000800640512,0.422337870296237,0.0538732448518217,0.047493987228043,0.445830597504924,0.171372291529875,0.0397242284963887,0.286605384110309,1.00000000000003,"Suffolk",FALSE,"2020-2024"
"11747",898,221,7543,0.119050775553493,3501,0,159540,126923,140040,0.22877358490566,0.696933962264151,0.0472126295017267,0.0913335823683227,0.67260579064588,0.0345211581291759,0.0690423162583519,0.223830734966592,0.999999999999998,"Suffolk",FALSE,"2020-2024"
"11749",49,35,1217,0.0402629416598192,2019,0.289855072463768,116313,63393,80760,0.17948717948718,0.615384615384615,0.0769230769230769,0.0552837573385519,0.551020408163265,0,0,0.448979591836735,0.999999999999986,"Suffolk",FALSE,"2020-2024"
"11751",835,221,5040,0.165674603174603,2257,0.113837095191364,116559,53750,90280,0.522900763358779,0.708651399491094,0.0548175182481752,0.0563806380638064,0.538922155688623,0.209580838323353,0.0191616766467066,0.110179640718563,0.999999999999946,"Suffolk",FALSE,"2020-2024"
"11752",359,91,3046,0.117859487852922,2466,0,151917,88239,98640,0.379710144927536,0.550724637681159,0.0361799217731421,0.01837075524216,0.637883008356546,0.0194986072423398,0,0.362116991643454,0.999999999999929,"Suffolk",FALSE,"2020-2024"
"11753",631,146,3943,0.160030433679939,2574,0,175781,88655,102960,0.288431061806656,0.697305863708399,0.0740022620778801,0.0482198409955064,0.526148969889065,0,0.423137876386688,0.0285261489698891,0.999999999999945,"Nassau",FALSE,"2020-2024"
"11754",1095,246,6692,0.163628212791393,1955,0.00454545454545455,123393,43264,78200,0.365570599613153,0.646034816247582,0.0233978792070078,0.0362236812316052,0.831050228310502,0,0.0684931506849315,0.0940639269406393,1.00000000000001,"Suffolk",FALSE,"2020-2024"
"11755",879,279,4085,0.215177478580171,2157,0.0244173140954495,119364,67878,86280,0.435349940688019,0.686832740213523,0.0737759336099585,0.054459618951273,0.664391353811149,0,0.290102389078498,0.0318543799772469,0.999999999999858,"Suffolk",FALSE,"2020-2024"
"11756",1063,273,13732,0.0774104281969123,2580,0.0828300258843831,146019,115727,103200,0.116582914572864,0.414070351758794,0.0339070608401625,0.0562894404711822,0.61994355597366,0.0507996237064911,0.0357478833490122,0.302916274694262,0.999999999999968,"Nassau",FALSE,"2020-2024"
"11757",2068,327,14246,0.145163554682016,2104,0.0452446906740536,127889,73241,84160,0.323841429369068,0.575656058068118,0.0583642617905314,0.054887885142765,0.670696324951644,0.0299806576402321,0.0178916827852998,0.268858800773694,1,"Suffolk",FALSE,"2020-2024"
"11758",1297,340,18803,0.0689783545178961,2106,0,154110,89826,84240,0.188333333333333,0.4025,0.0364573743325354,0.0469879116853708,0.875867386276022,0.0146491904394757,0.0431765612952968,0.030840400925212,0.999999999999994,"Nassau",FALSE,"2020-2024"
"11762",121,86,7747,0.0156189492706854,3469,0,169624,NA,138760,0.152777777777778,0.222222222222222,0.0262110301024288,0.0392925736235595,0.636363636363636,0,0.0413223140495868,0.322314049586777,0.999999999999965,"Nassau",FALSE,"2020-2024"
"11763",1101,264,9537,0.115445108524693,2415,0.0508620689655172,120783,50160,96600,0.346980552712385,0.681678607983623,0.0876691831598993,0.0543436417297575,0.676657584014532,0.118074477747502,0,0.1952770208901,0.999999999999984,"Suffolk",FALSE,"2020-2024"
"11764",721,509,4272,0.1687734082397,1171,0,146813,48820,46840,0.181409295352324,0.911544227886057,0.0580057526366251,0.055594651653765,0.460471567267684,0,0.00693481276005548,0.532593619972261,0.999999999999993,"Suffolk",FALSE,"2020-2024"
"11765",45,20,257,0.175097276264591,3501,0,196902,66406,140040,0.6,0.7,0.0512445095168375,0.111111111111111,0.844444444444444,0,0,0.111111111111111,1,"Nassau",FALSE,"2020-2024"
"11766",297,149,3934,0.0754956786985257,3088,0,153235,NA,123520,0.442857142857143,0.546428571428571,0.0206607724523034,0.0237859266600595,0.973063973063973,0,0,0.0269360269360269,1,"Suffolk",FALSE,"2020-2024"
"11767",427,163,4858,0.0878962536023055,2254,0,152985,66936,90160,0.312182741116751,0.819796954314721,0.0401761517615176,0.0146631119728551,0.702576112412178,0.0866510538641686,0.072599531615925,0.0655737704918033,0.999999999999955,"Suffolk",FALSE,"2020-2024"
"11768",560,185,8193,0.0683510313682412,2379,0,172570,122917,95160,0.268939393939394,0.369318181818182,0.0587265986176592,0.0300889369129748,0.866071428571429,0.0285714285714286,0,0.0857142857142857,0.999999999999978,"Suffolk",FALSE,"2020-2024"
"11769",518,155,3409,0.151950718685832,2239,0,123558,37404,89560,0.700772200772201,0.826254826254826,0.063659262651706,0.0320388349514563,0.843629343629344,0.0231660231660232,0,0.0772200772200772,0.999999999999985,"Suffolk",FALSE,"2020-2024"
"11770",8,10,22,0.363636363636364,NA,0,123571,NA,NA,0,0,0,0,0,0,0,1,0.999999999999985,"Suffolk",FALSE,"2020-2024"
"11771",1005,277,3961,0.253723807119414,2017,0.012770137524558,157923,70179,80680,0.271186440677966,0.623940677966102,0.0540391508133444,0.0338807260155575,0.698507462686567,0.0228855721393035,0.0149253731343284,0.263681592039801,0.99999999999999,"Nassau",FALSE,"2020-2024"
"11772",5394,615,17351,0.310875453864331,2126,0.0716006884681583,105245,68750,85040,0.305555555555556,0.630842911877395,0.0694270647121916,0.0480024895942739,0.578791249536522,0.129403040415276,0.043010752688172,0.245087133852429,1.00000000000001,"Suffolk",FALSE,"2020-2024"
"11776",1778,298,8037,0.221226825930073,2297,0.0231431646932185,120573,50313,91880,0.43489932885906,0.757046979865772,0.0899501257889394,0.0524805939925751,0.7429696287964,0.0641169853768279,0.0247469066366704,0.166479190101237,0.999999999999995,"Suffolk",FALSE,"2020-2024"
"11777",931,172,3701,0.251553634152932,2359,0,150505,89612,94360,0.228448275862069,0.425646551724138,0.0514563106796116,0.0357628765792031,0.70891514500537,0,0.12781954887218,0.0934479054779807,1.00000000000004,"Suffolk",FALSE,"2020-2024"
"11778",515,169,4592,0.112151567944251,2324,0,126349,65903,92960,0.506302521008403,0.808823529411765,0.0217988051025351,0.060581027123778,0.811650485436893,0.133980582524272,0,0.0349514563106796,1.00000000000001,"Suffolk",FALSE,"2020-2024"
"11779",3212,562,13215,0.243057132046916,2227,0.0727793696275072,112180,73593,89080,0.283490107038599,0.618553357119689,0.0506049447659127,0.0700131480090158,0.641033623910336,0.122353673723537,0.039227895392279,0.193960149439601,1.00000000000001,"Suffolk",FALSE,"2020-2024"
"11780",688,252,5459,0.126030408499725,2316,0,144577,95293,92640,0.263399693721286,0.643185298621746,0.0322382350932313,0.0313884318440704,0.70203488372093,0,0,0.289244186046512,0.999999999999999,"Suffolk",FALSE,"2020-2024"
"11782",1257,270,5489,0.229003461468391,2350,0.0792727272727273,147672,81875,94000,0.39212175470009,0.571172784243509,0.051701063604987,0.020882897171557,0.81225139220366,0.0334128878281623,0.00954653937947494,0.144789180588703,0.999999999999997,"Suffolk",FALSE,"2020-2024"
"11783",454,171,7084,0.0640880858272163,2612,0,176993,123000,104480,0.266457680250784,0.482758620689655,0.0284261063839901,0.031009051290647,0.68942731277533,0.0154185022026432,0.0969162995594714,0.0682819383259912,0.999999999999961,"Nassau",FALSE,"2020-2024"
"11784",1382,258,8639,0.15997221900683,2240,0.0344599072233267,104369,59948,89600,0.300678221552374,0.692539562923889,0.0635514018691589,0.0352653631284916,0.576700434153401,0.0738060781476122,0.0846599131693198,0.162807525325615,0.999999999999963,"Suffolk",FALSE,"2020-2024"
"11786",84,62,1945,0.0431876606683805,1809,0,163466,64013,72360,0.176470588235294,0.735294117647059,0.0356644440998604,0.0434239300218682,0.892857142857143,0,0,0.107142857142857,0.999999999999992,"Suffolk",FALSE,"2020-2024"
"11787",1508,280,11857,0.127182255207894,2330,0,143101,64939,93200,0.242703533026114,0.562980030721966,0.0484631117171059,0.0335752193219972,0.749336870026525,0,0.0663129973474801,0.135941644562334,1.00000000000001,"Suffolk",FALSE,"2020-2024"
"11788",940,170,5613,0.167468376982006,2659,0.101338432122371,149726,93500,106360,0.268518518518519,0.56712962962963,0.0506409516110405,0.0577119509703779,0.61063829787234,0.048936170212766,0.174468085106383,0.118085106382979,1,"Suffolk",FALSE,"2020-2024"
"11789",417,177,2907,0.143446852425181,3247,0,131528,97776,129880,0.434027777777778,0.795138888888889,0.0321617587189578,0.0597014925373134,0.532374100719424,0,0,0.177458033573141,1.00000000000008,"Suffolk",FALSE,"2020-2024"
"11790",421,126,4455,0.0945005611672278,3501,0,171133,122607,140040,0.107816711590297,0.668463611859838,0.0685592282144552,0.0643186835239815,0.624703087885986,0,0.209026128266033,0.106888361045131,1.00000000000001,"Suffolk",FALSE,"2020-2024"
"11791",530,170,8113,0.0653272525576236,3019,0.0310786106032907,202962,101048,120760,0.141414141414141,0.43030303030303,0.0413847364280094,0.04930030561364,0.60566037735849,0.0132075471698113,0.271698113207547,0.0660377358490566,1.00000000000001,"Nassau",FALSE,"2020-2024"
"11792",17,28,3116,0.00545571245186136,NA,0,146174,NA,NA,0,0,0.0244424419914395,0.0556244830438379,1,0,0,0,1.00000000000001,"Suffolk",FALSE,"2020-2024"
"11793",496,158,10492,0.0472741136103698,2222,0.112701252236136,167068,111750,88880,0.147869674185464,0.350877192982456,0.0390765975981582,0.0405601720030217,0.875,0,0,0.104838709677419,1.00000000000001,"Nassau",FALSE,"2020-2024"
"11794",0,14,0,NA,NA,NA,NA,NA,NA,NA,NA,NA,0.139024390243902,NA,NA,NA,NA,0.999999999999963,"Suffolk",FALSE,"2020-2024"
"11795",416,132,8011,0.0519285981775059,2798,0,177269,102031,111920,0.0906515580736544,0.382436260623229,0.0242224166732957,0.0386289445048966,0.721153846153846,0,0,0.197115384615385,1.00000000000006,"Suffolk",FALSE,"2020-2024"
"11796",263,127,1267,0.207576953433307,2635,0,173472,145341,105400,0.196078431372549,0.431372549019608,0.0292710385589643,0.0147733061640346,0.859315589353612,0,0,0.133079847908745,1.00000000000007,"Suffolk",FALSE,"2020-2024"
"11797",406,94,3176,0.127833753148615,3321,0,192609,64625,132840,0.5,0.605095541401274,0.0539708841282992,0.0206673306772908,0.82512315270936,0,0.165024630541872,0,1.00000000000001,"Nassau",FALSE,"2020-2024"
"11801",1913,358,12757,0.149956886415301,3092,0.0557749259624877,145788,118242,123680,0.218441273326015,0.453347969264544,0.0393468756793314,0.0440885452620921,0.282279142707789,0.0569785676947203,0.207004704652378,0.380554103502352,1.00000000000001,"Nassau",FALSE,"2020-2024"
"11803",654,185,10237,0.063885904073459,3392,0,187514,NA,135680,0.330724070450098,0.563600782778865,0.0343563280825638,0.0428817603393425,0.775229357798165,0,0.0978593272171254,0.126911314984709,0.999999999999974,"Nassau",FALSE,"2020-2024"
"11804",154,93,1502,0.102529960053262,NA,0,190469,NA,NA,0.282442748091603,0.786259541984733,0.0122026887280248,0.0193392425463336,0.701298701298701,0,0.207792207792208,0.0909090909090909,1.00000000000002,"Nassau",FALSE,"2020-2024"
"11901",3603,588,12085,0.29813818783616,2196,0.027267818574514,85061,65078,87840,0.359505409582689,0.62225656877898,0.140962378602634,0.0522442005651574,0.33361087982237,0.127393838467943,0.064390785456564,0.431029697474327,0.999999999999993,"Suffolk",FALSE,"2020-2024"
"11930",57,62,327,0.174311926605505,NA,0,123257,NA,NA,0,0,0.00593824228028504,0,1,0,0,0,0.999999999999979,"Suffolk",FALSE,"2020-2024"
"11931",13,20,13,1,NA,0,NA,NA,NA,0,0,0,0,1,0,0,0,1.00000000000002,"Suffolk",FALSE,"2020-2024"
"11932",34,53,319,0.106583072100313,NA,0.19047619047619,173672,NA,NA,NA,NA,0.00827586206896552,0,0,0,0,1,0.999999999999954,"Suffolk",FALSE,"2020-2024"
"11933",462,203,2889,0.159916926272066,1954,0,74195,52412,78160,0.154362416107383,0.619686800894855,0.0599940155595452,0.0489166119500985,0.560606060606061,0.149350649350649,0,0.29004329004329,1.00000000000001,"Suffolk",FALSE,"2020-2024"
"11934",133,82,2795,0.0475849731663685,2337,0,170801,99033,93480,0.178861788617886,0.707317073170732,0.031233229580337,0.0536237955592794,0.81203007518797,0.0902255639097744,0,0.0977443609022556,1.00000000000003,"Suffolk",FALSE,"2020-2024"
"11935",79,49,1134,0.0696649029982363,2120,0.239316239316239,143750,105125,84800,0.511627906976744,0.534883720930233,0.0620567375886525,0.00137362637362637,0.911392405063291,0,0.0886075949367089,0,1.00000000000001,"Suffolk",FALSE,"2020-2024"
"11937",1987,484,8584,0.231477166821994,2678,0.0134061569016882,129883,55675,107120,0.487221315932572,0.66721044045677,0.118754856698816,0.0333333333333333,0.447408152994464,0.00805234021137393,0,0.52591847005536,1.00000000000001,"Suffolk",FALSE,"2020-2024"
"11939",84,54,666,0.126126126126126,NA,0.151515151515152,102500,84519,NA,0.0833333333333333,0.464285714285714,0.0270473328324568,0.0250836120401338,0.892857142857143,0,0,0.107142857142857,0.99999999999999,"Suffolk",FALSE,"2020-2024"
"11940",540,131,2119,0.254837187352525,2314,0,138639,82976,92560,0.423728813559322,0.661016949152542,0.0564349621472815,0.0345842531272995,0.909259259259259,0,0,0.0666666666666667,0.999999999999953,"Suffolk",FALSE,"2020-2024"
"11941",135,114,1017,0.132743362831858,2114,0,123750,150533,84560,0.0588235294117647,0.310924369747899,0.0728500355366027,0.029113067027759,0.496296296296296,0,0,0.503703703703704,1.00000000000004,"Suffolk",FALSE,"2020-2024"
"11942",465,202,2198,0.211555959963603,2327,0,93710,81151,93080,0.293233082706767,0.488721804511278,0.132260451350351,0.0313411078717201,0.804301075268817,0,0,0.195698924731183,1.00000000000002,"Suffolk",FALSE,"2020-2024"
"11944",822,182,2072,0.396718146718147,2084,0.0997854077253219,85298,75759,83360,0.304964539007092,0.60709219858156,0.0941759603469641,0.0592373195112921,0.422141119221411,0.0681265206812652,0.0194647201946472,0.39051094890511,1.00000000000004,"Suffolk",FALSE,"2020-2024"
"11946",1105,397,6096,0.181266404199475,2380,0.0374564459930314,133918,NA,95200,0.209694415173867,0.437302423603793,0.0788358114520721,0.0349829351535836,0.629864253393665,0,0,0.339366515837104,0.999999999999995,"Suffolk",FALSE,"2020-2024"
"11947",30,49,47,0.638297872340426,NA,0,NA,NA,NA,0,0,0,0,1,0,0,0,0.999999999999915,"Suffolk",FALSE,"2020-2024"
"11948",0,14,364,0,NA,NA,148398,NA,NA,NA,NA,0.012987012987013,0,NA,NA,NA,NA,1.00000000000004,"Suffolk",FALSE,"2020-2024"
"11949",700,212,5187,0.134952766531714,2144,0.115044247787611,138864,83750,85760,0.319648093841642,0.524926686217009,0.0646371976647206,0.0120161902352644,0.708571428571429,0.0685714285714286,0.0842857142857143,0.138571428571429,0.999999999999993,"Suffolk",FALSE,"2020-2024"
"11950",717,221,4871,0.147197700677479,1989,0,97661,66134,79560,0.429203539823009,0.607669616519174,0.0793487574978578,0.100168255748738,0.456066945606695,0.147838214783821,0,0.347280334728033,1.00000000000002,"Suffolk",FALSE,"2020-2024"
"11951",981,214,5050,0.194257425742574,2422,0.0419921875,110862,39107,96880,0.566252587991718,0.711180124223602,0.218359791679739,0.0465519733988723,0.691131498470948,0.174311926605505,0,0.134556574923547,0.999999999999995,"Suffolk",FALSE,"2020-2024"
"11952",278,114,2017,0.137828458106098,1622,0,120139,NA,64880,0.438848920863309,0.438848920863309,0.0720083246618106,0.142327650111193,0.535971223021583,0,0,0.464028776978417,1.00000000000002,"Suffolk",FALSE,"2020-2024"
"11953",1783,350,5339,0.333957669975651,2054,0.0266524520255864,86206,43266,82160,0.486128625472888,0.687263556116015,0.117336321434288,0.065240973190764,0.667975322490185,0.192933258553001,0.0106561974200785,0.125630959057768,0.99999999999999,"Suffolk",FALSE,"2020-2024"
"11954",344,124,1615,0.213003095975232,2313,0.0702702702702703,142961,87574,92520,0.0843881856540084,0.282700421940928,0.0608301526717557,0.0554343081623745,0.938953488372093,0,0,0.061046511627907,1.00000000000001,"Suffolk",FALSE,"2020-2024"
"11955",695,135,1312,0.529725609756098,2337,0.125786163522013,79844,50873,93480,0.43558282208589,0.79601226993865,0.23393002441009,0.0411449016100179,0.856115107913669,0.0920863309352518,0,0.0273381294964029,0.999999999999923,"Suffolk",FALSE,"2020-2024"
"11956",7,9,141,0.049645390070922,NA,0.611111111111111,130875,NA,NA,0.428571428571429,1,0.0201342281879195,0,1,0,0,0,1.00000000000002,"Suffolk",FALSE,"2020-2024"
"11957",21,24,614,0.0342019543973941,NA,0,94261,NA,NA,1,1,0.0279531109107304,0.0756143667296786,1,0,0,0,0.999999999999981,"Suffolk",FALSE,"2020-2024"
"11958",103,81,339,0.303834808259587,NA,0,NA,NA,NA,0.116504854368932,0.864077669902913,0,0,0.378640776699029,0,0,0.621359223300971,1.00000000000001,"Suffolk",FALSE,"2020-2024"
"11959",63,57,284,0.221830985915493,3375,0,88542,NA,135000,0.80952380952381,0.80952380952381,0.305177111716621,0,0.666666666666667,0,0,0.333333333333333,0.999999999999984,"Suffolk",FALSE,"2020-2024"
"11960",0,14,341,0,NA,NA,240313,NA,NA,NA,NA,0,0.0444444444444444,NA,NA,NA,NA,0.99999999999999,"Suffolk",FALSE,"2020-2024"
"11961",590,202,5566,0.10600071864894,2044,0,76216,109881,81760,0.262759924385633,0.376181474480151,0.0412539903413277,0.0538490007401925,0.827118644067797,0,0.0271186440677966,0.110169491525424,0.999999999999983,"Suffolk",FALSE,"2020-2024"
"11962",15,18,342,0.043859649122807,NA,0,NA,NA,NA,0,1,0.151685393258427,0,0.266666666666667,0,0,0.733333333333333,1.0000000000001,"Suffolk",FALSE,"2020-2024"
"11963",588,195,3613,0.162745640741766,2969,0.0117647058823529,127746,118333,118760,0.173357664233577,0.518248175182482,0.0307508939213349,0.0326086956521739,0.622448979591837,0.0340136054421769,0.17687074829932,0.158163265306122,1.00000000000001,"Suffolk",FALSE,"2020-2024"
"11964",73,103,1087,0.0671573137074517,NA,0.160919540229885,134620,NA,NA,1,1,0.0378078390565383,0.0835030549898167,0,0,0,1,0.999999999999982,"Suffolk",FALSE,"2020-2024"
"11965",0,14,249,0,NA,NA,NA,NA,NA,NA,NA,0.222772277227723,0,NA,NA,NA,NA,1.00000000000001,"Suffolk",FALSE,"2020-2024"
"11967",638,183,8517,0.074909005518375,1998,0,111617,61483,79920,0.569369369369369,0.672072072072072,0.0642458100558659,0.0644430281141562,0.559561128526646,0.175548589341693,0.0219435736677116,0.219435736677116,0.999999999999962,"Suffolk",FALSE,"2020-2024"
"11968",880,230,5831,0.150917509861087,2148,0.067287784679089,156219,77946,85920,0.385372714486639,0.509142053445851,0.0540684158087014,0.0353529196635377,0.702272727272727,0,0.0761363636363636,0.197727272727273,0.999999999999995,"Suffolk",FALSE,"2020-2024"
"11970",0,14,199,0,NA,1,NA,NA,NA,NA,NA,0,0,NA,NA,NA,NA,0.999999999999945,"Suffolk",FALSE,"2020-2024"
"11971",383,174,2437,0.157160443167829,2335,0.0635696821515892,129507,102729,93400,0.153374233128834,0.395705521472393,0.0394653087205602,0.060081466395112,0.613577023498694,0.0261096605744125,0.0287206266318538,0.331592689295039,0.99999999999997,"Suffolk",FALSE,"2020-2024"
"11972",77,108,156,0.493589743589744,NA,0,NA,NA,NA,1,1,0.0179640718562874,0.0588235294117647,1,0,0,0,0.999999999999943,"Suffolk",FALSE,"2020-2024"
"11973",0,14,0,NA,NA,NA,NA,NA,NA,NA,NA,NA,0,NA,NA,NA,NA,1.00000000000005,"Suffolk",FALSE,"2020-2024"
"11975",16,27,224,0.0714285714285714,NA,0,131042,NA,NA,1,1,0.224444444444444,0.12707182320442,1,0,0,0,1.00000000000002,"Suffolk",FALSE,"2020-2024"
"11976",89,73,1315,0.067680608365019,3250,0.043010752688172,180250,91442,130000,0,0.50561797752809,0.0433898305084746,0.0558789289871944,0.561797752808989,0,0,0.438202247191011,1.00000000000004,"Suffolk",FALSE,"2020-2024"
"11977",62,38,1041,0.0595581171950048,1886,0,151375,62500,75440,0.311111111111111,0.622222222222222,0.0535450516986706,0.0642533936651584,1,0,0,0,0.999999999999975,"Suffolk",FALSE,"2020-2024"
"11978",201,69,1704,0.117957746478873,2150,0.0195121951219512,125179,58068,86000,0.263803680981595,0.601226993865031,0.107757704569607,0.0703671328671329,0.756218905472637,0.0995024875621891,0.00497512437810945,0.139303482587065,1.00000000000007,"Suffolk",FALSE,"2020-2024"
"11980",776,390,2574,0.301476301476302,2955,0,102600,57247,118200,0.658376963350785,0.757853403141361,0.0335386721423682,0.0173560890945907,0.904639175257732,0.0554123711340206,0.0322164948453608,0.0141752577319588,1.00000000000001,"Suffolk",FALSE,"2020-2024"
"12007",10,15,114,0.087719298245614,NA,0,200078,NA,NA,0,1,0.0996978851963746,0,1,0,0,0,1,"Albany",FALSE,"2020-2024"
"12008",0,14,173,0,NA,NA,125859,NA,NA,NA,NA,0.0023696682464455,0,NA,NA,NA,NA,1.00000000000003,"Schenectady",FALSE,"2020-2024"
"12009",647,113,3082,0.209928617780662,1285,0.015220700152207,120101,72344,51400,0.181089743589744,0.41025641025641,0.0375598689185783,0.05032021957914,0.874806800618238,0.0324574961360124,0.0185471406491499,0.0170015455950541,0.999999999999992,"Albany",FALSE,"2020-2024"
"12010",4028,396,11488,0.350626740947075,1000,0.0371517027863777,63696,40630,40000,0.249933315550814,0.43558282208589,0.157409102559408,0.0615384615384615,0.514150943396226,0.0647964250248262,0.00719960278053625,0.411122144985104,1,"Montgomery",FALSE,"2020-2024"
"12015",250,79,1518,0.164690382081686,1278,0.0974729241877256,91845,53077,51120,0.190243902439024,0.360975609756098,0.105919003115265,0.0521901211556384,0.736,0,0.02,0.156,0.999999999999994,"Greene",FALSE,"2020-2024"
"12017",24,20,222,0.108108108108108,1583,0,NA,93750,63320,0.2,0.2,0.0191082802547771,0.040625,1,0,0,0,1,"Columbia",FALSE,"2020-2024"
"12018",468,186,2865,0.163350785340314,1485,0,126620,74474,59400,0.109725685785536,0.169576059850374,0.0230396119644301,0.0167487684729064,0.955128205128205,0,0,0.0341880341880342,1.00000000000001,"Rensselaer",FALSE,"2020-2024"
"12019",1263,252,6758,0.186889612311335,1242,0.0546407185628743,112420,58229,49680,0.208855472013367,0.35421888053467,0.0355002899297726,0.00819282830681548,0.862232779097387,0.0435471100554236,0.0118764845605701,0.056215360253365,0.999999999999981,"Saratoga",FALSE,"2020-2024"
"12020",4336,443,14563,0.297740850099567,1612,0.0665387076135637,107112,83325,64480,0.143126621079934,0.356991275642537,0.0611479413817167,0.0334992240595066,0.827029520295203,0.0394372693726937,0.0530442804428044,0.0311346863468635,1,"Saratoga",FALSE,"2020-2024"
"12022",92,40,396,0.232323232323232,1117,0,96875,72955,44680,0.130434782608696,0.130434782608696,0.08125,0.0196078431372549,1,0,0,0,0.999999999999985,"Rensselaer",FALSE,"2020-2024"
"12023",56,33,724,0.0773480662983425,1100,0.188405797101449,112885,NA,44000,0.321428571428571,0.642857142857143,0.0318257956448911,0.00826446280991736,0.964285714285714,0,0,0,1.00000000000002,"Albany",FALSE,"2020-2024"
"12024",12,16,44,0.272727272727273,NA,0,NA,NA,NA,0,0,0.17948717948718,0,1,0,0,0,1.00000000000002,"Columbia",FALSE,"2020-2024"
"12025",419,117,2357,0.177768349596945,904,0,74352,44327,36160,0.371508379888268,0.55586592178771,0.124065196548418,0.0344827586206897,0.81145584725537,0.0405727923627685,0,0.00954653937947494,1.00000000000003,"Fulton",FALSE,"2020-2024"
"12027",242,206,1734,0.139561707035755,2071,0,120000,95877,82840,0.0521739130434783,0.143478260869565,0.0639162035057717,0.0111986727498963,1,0,0,0,0.999999999999993,"Saratoga",FALSE,"2020-2024"
"12028",52,43,477,0.109014675052411,877,0,96891,46000,35080,0,0.192307692307692,0.168272318561336,0.0415263748597082,1,0,0,0,0.999999999999966,"Washington",FALSE,"2020-2024"
"12029",96,42,523,0.183556405353728,1646,0,103542,42833,65840,0.160919540229885,0.528735632183908,0.0573183213920164,0.0551181102362205,0.947916666666667,0,0,0.0520833333333333,1.00000000000003,"Columbia",FALSE,"2020-2024"
"12031",3,5,56,0.0535714285714286,NA,0,87143,NA,NA,1,1,0.1,0,1,0,0,0,0.999999999999997,"Schoharie",FALSE,"2020-2024"
"12032",23,26,352,0.0653409090909091,NA,0,65789,66250,NA,0,0.210526315789474,0.0605143721633888,0.0207715133531157,1,0,0,0,1.00000000000001,"Hamilton",FALSE,"2020-2024"
"12033",664,153,3537,0.187729714447272,1292,0.0148367952522255,98569,43173,51680,0.290625,0.6125,0.0624443596591632,0.0627386797599564,0.903614457831325,0.00602409638554217,0.00301204819277108,0.0331325301204819,1.00000000000001,"Rensselaer",FALSE,"2020-2024"
"12035",48,25,241,0.199170124481328,1075,0,98375,98500,43000,0,0.285714285714286,0,0.014760147601476,1,0,0,0,0.999999999999992,"Schoharie",FALSE,"2020-2024"
"12036",4,6,67,0.0597014925373134,NA,0,41823,NA,NA,NA,NA,0,0.083969465648855,1,0,0,0,1.00000000000004,"Schoharie",FALSE,"2020-2024"
"12037",512,150,1839,0.278412180532898,1067,0,89844,45250,42680,0.248046875,0.466796875,0.167855323484463,0.0187817258883249,0.732421875,0.041015625,0,0.060546875,1.00000000000001,"Columbia",FALSE,"2020-2024"
"12040",0,14,20,0,NA,NA,57955,NA,NA,NA,NA,0.259259259259259,0,NA,NA,NA,NA,1.00000000000006,"Rensselaer",FALSE,"2020-2024"
"12041",57,54,202,0.282178217821782,799,0,122143,78319,31960,0,0.333333333333333,0,0.0188679245283019,1,0,0,0,0.999999999999934,"Albany",FALSE,"2020-2024"
"12042",56,64,95,0.589473684210526,NA,0,NA,NA,NA,0,0,0,0,1,0,0,0,1,"Greene",FALSE,"2020-2024"
"12043",1343,192,3230,0.415789473684211,875,0.0206469373709566,64583,39230,35000,0.242376856919468,0.45426114151681,0.140464461646728,0.0532197977647685,0.854802680565897,0.0245718540580789,0.0119136262099777,0.046909903201787,0.999999999999991,"Schoharie",FALSE,"2020-2024"
"12045",0,14,118,0,NA,NA,NA,NA,NA,NA,NA,0.00483091787439614,0,NA,NA,NA,NA,0.999999999999986,"Albany",FALSE,"2020-2024"
"12046",15,24,207,0.072463768115942,NA,0,80707,NA,NA,1,1,0,0,1,0,0,0,0.999999999999975,"Albany",FALSE,"2020-2024"
"12047",5608,465,10323,0.543252930349705,1323,0.0526491726558583,66071,51836,52920,0.263207547169811,0.467169811320755,0.21895738735592,0.0515802781289507,0.718794579172611,0.157631954350927,0.0210413694721826,0.085413694721826,0.999999999999999,"Albany",FALSE,"2020-2024"
"12051",529,179,1550,0.341290322580645,902,0,91786,39583,36080,0.221544715447154,0.345528455284553,0.0597317134902556,0.0525373134328358,0.896030245746692,0,0,0.0718336483931947,1.00000000000001,"Greene",FALSE,"2020-2024"
"12052",53,36,671,0.0789865871833085,1178,0,118424,67083,47120,0.0754716981132075,0.0754716981132075,0.0475195822454308,0.0193370165745856,0.867924528301887,0,0,0,1,"Rensselaer",FALSE,"2020-2024"
"12053",203,200,1903,0.106673673147662,788,0,91991,2499,31520,0.643564356435644,0.658415841584158,0.0873679577464789,0.0402684563758389,0.881773399014778,0.0935960591133005,0,0,0.999999999999999,"Schenectady",FALSE,"2020-2024"
"12054",1876,295,7192,0.260845383759733,1756,0.0203655352480418,129583,75938,70240,0.22270505160239,0.406844106463878,0.0360093077370564,0.0269068267734045,0.712153518123667,0.0266524520255864,0.0660980810234542,0.149786780383795,0.999999999999985,"Albany",FALSE,"2020-2024"
"12056",55,60,727,0.0756533700137552,1332,0,132150,51910,53280,0,0.654545454545455,0.0536873156342183,0.0517423442449842,1,0,0,0,1,"Schenectady",FALSE,"2020-2024"
"12057",87,144,689,0.126269956458636,NA,0,68306,NA,NA,0,0,0.034097261039687,0,1,0,0,0,0.99999999999997,"Washington",FALSE,"2020-2024"
"12058",74,71,542,0.136531365313653,792,0,85469,75787,31680,0,0,0.292282430213465,0.0245161290322581,1,0,0,0,1.00000000000002,"Greene",FALSE,"2020-2024"
"12059",62,38,694,0.0893371757925072,985,0,106506,43056,39400,0.183673469387755,0.612244897959184,0.0254901960784314,0.117241379310345,0.838709677419355,0,0,0.0806451612903226,0.999999999999976,"Albany",FALSE,"2020-2024"
"12060",97,60,796,0.121859296482412,2157,0,101548,NA,86280,0.142857142857143,0.19047619047619,0.0339805825242718,0.0545829042224511,0.721649484536082,0,0,0,1,"Columbia",FALSE,"2020-2024"
"12061",1065,201,4002,0.266116941529235,1800,0.0282846715328467,110962,70167,72000,0.258252427184466,0.633009708737864,0.0348825065274151,0.0264939083349449,0.771830985915493,0.114553990610329,0.104225352112676,0.0169014084507042,0.999999999999997,"Rensselaer",FALSE,"2020-2024"
"12062",92,62,710,0.129577464788732,1356,0,87679,NA,54240,0.590909090909091,0.613636363636364,0.08,0.0492277992277992,1,0,0,0,1.00000000000002,"Rensselaer",FALSE,"2020-2024"
"12063",0,14,277,0,NA,NA,90855,NA,NA,NA,NA,0,0,NA,NA,NA,NA,0.999999999999981,"Rensselaer",FALSE,"2020-2024"
"12064",17,19,144,0.118055555555556,NA,0,63500,NA,NA,1,1,0.244837758112094,0.124223602484472,0.470588235294118,0.529411764705882,0,0,0.999999999999964,"Otsego",FALSE,"2020-2024"
"12065",5608,469,18790,0.298456625864822,1495,0.0381861575178998,113873,66579,59800,0.18881626724764,0.404139433551198,0.0336508501735957,0.0297621357339645,0.82774607703281,0.043509272467903,0.0326319543509272,0.0572396576319543,1,"Saratoga",FALSE,"2020-2024"
"12066",106,57,802,0.13216957605985,1154,0.138211382113821,78571,NA,46160,0.490196078431373,0.794117647058823,0.0683530678148547,0.0835629017447199,0.716981132075472,0,0.0377358490566038,0,1.00000000000006,"Montgomery",FALSE,"2020-2024"
"12067",45,29,477,0.0943396226415094,1104,0,125521,NA,44160,0.432432432432432,0.756756756756757,0.0575107296137339,0.0494417862838915,0.755555555555556,0.0666666666666667,0,0,1,"Albany",FALSE,"2020-2024"
"12068",189,72,967,0.195449844881076,901,0,72788,27361,36040,0.393939393939394,0.56969696969697,0.0959839357429719,0.0124688279301746,0.925925925925926,0.0211640211640212,0,0.0634920634920635,1.00000000000001,"Montgomery",FALSE,"2020-2024"
"12069",0,14,143,0,NA,NA,90179,NA,NA,NA,NA,0,0.162983425414365,NA,NA,NA,NA,1.00000000000005,"Montgomery",FALSE,"2020-2024"
"12070",169,100,669,0.252615844544096,880,0,86989,30897,35200,0.0150375939849624,0.774436090225564,0.184485330681253,0.0465116279069767,0.846153846153846,0,0,0.0828402366863905,1.00000000000002,"Montgomery",FALSE,"2020-2024"
"12071",21,20,120,0.175,771,0,99375,45673,30840,0.176470588235294,0.176470588235294,0.0318021201413428,0.0197044334975369,1,0,0,0,0.999999999999986,"Schoharie",FALSE,"2020-2024"
"12072",109,40,941,0.115834218916047,916,0,81063,67946,36640,0.0344827586206897,0.0344827586206897,0.154257214107588,0.00805152979066022,0.853211009174312,0.100917431192661,0,0,0.999999999999995,"Montgomery",FALSE,"2020-2024"
"12074",117,52,1199,0.097581317764804,1560,0,94583,36645,62400,0.379310344827586,0.471264367816092,0.148943661971831,0.031858407079646,0.957264957264957,0,0,0,1.00000000000002,"Saratoga",FALSE,"2020-2024"
"12075",170,95,1171,0.145175064047822,1370,0,98047,47568,54800,0.120689655172414,0.387931034482759,0.113339700732251,0.0603848706038487,0.770588235294118,0,0,0,1,"Columbia",FALSE,"2020-2024"
"12076",30,13,655,0.0458015267175573,990,0,84583,NA,39600,0.666666666666667,0.666666666666667,0.0800516462233699,0.032626427406199,1,0,0,0,1.00000000000001,"Schoharie",FALSE,"2020-2024"
"12077",618,177,2765,0.223508137432188,1585,0,118257,54167,63400,0.406408094435076,0.588532883642496,0.0982857142857143,0.0660725261216964,0.864077669902913,0.0388349514563107,0,0.0760517799352751,1.00000000000001,"Albany",FALSE,"2020-2024"
"12078",3615,365,10071,0.35895144474233,911,0.0128345166575642,58367,41548,36440,0.20851185375607,0.419880034275921,0.159087854486806,0.0419466134011258,0.830982019363762,0.0107883817427386,0.0121715076071923,0.0915629322268326,1.00000000000001,"Fulton",FALSE,"2020-2024"
"12082",0,14,2,0,NA,NA,NA,NA,NA,NA,NA,0,NA,NA,NA,NA,NA,1.00000000000008,"Rensselaer",FALSE,"2020-2024"
"12083",334,135,1378,0.242380261248186,932,0.106951871657754,83537,40469,37280,0.145161290322581,0.435483870967742,0.0339602925809822,0.0105731775180857,0.949101796407186,0,0,0.0508982035928144,0.999999999999999,"Greene",FALSE,"2020-2024"
"12084",1619,229,2177,0.743683968764355,1598,0.0287727539635937,91063,73772,63920,0.213686249193028,0.384118786313751,0.109466303077522,0.0596153846153846,0.544780728844966,0.0759728227300803,0.305126621371217,0.0586781964175417,0.999999999999979,"Albany",FALSE,"2020-2024"
"12085",106,72,127,0.834645669291339,NA,0,NA,NA,NA,0.185567010309278,0.731958762886598,0.038135593220339,0,0.415094339622642,0.5,0,0,0.999999999999919,"Albany",FALSE,"2020-2024"
"12086",101,60,703,0.143669985775249,898,0.136752136752137,78155,65625,35920,0,0.285714285714286,0.0415879017013233,0.00898203592814371,0.732673267326733,0,0.0198019801980198,0.168316831683168,1.00000000000002,"Saratoga",FALSE,"2020-2024"
"12087",34,39,572,0.0594405594405594,1614,0,91458,NA,64560,0.470588235294118,0.470588235294118,0.0359848484848485,0.0140845070422535,0.352941176470588,0,0,0,0.999999999999986,"Greene",FALSE,"2020-2024"
"12090",569,177,2238,0.254244861483467,856,0,68056,41146,34240,0.244402985074627,0.520522388059702,0.11322849213691,0.0171619924654667,0.966608084358524,0,0,0.0193321616871705,1.00000000000001,"Rensselaer",FALSE,"2020-2024"
"12092",201,107,573,0.350785340314136,1039,0,58615,NA,41560,0.171428571428571,0.60952380952381,0.256622516556291,0.0447227191413238,0.845771144278607,0,0,0.134328358208955,0.999999999999987,"Schoharie",FALSE,"2020-2024"
"12093",45,24,632,0.0712025316455696,NA,0.134615384615385,65321,53438,NA,0.2,0.8,0.103448275862069,0.0852575488454707,1,0,0,0,1.00000000000001,"Schoharie",FALSE,"2020-2024"
"12094",0,14,936,0,NA,NA,92266,NA,NA,NA,NA,0.108810240963855,0.0830376153300213,NA,NA,NA,NA,1.00000000000005,"Rensselaer",FALSE,"2020-2024"
"12095",1738,315,5213,0.333397276040668,923,0.0125,69469,42400,36920,0.179113924050633,0.425316455696203,0.0786536003408607,0.0236785823403605,0.932681242807825,0.0126582278481013,0,0.0402761795166858,1.00000000000003,"Fulton",FALSE,"2020-2024"
"12106",151,64,940,0.16063829787234,977,0,75714,26509,39080,0.15929203539823,0.663716814159292,0.135729613733906,0.0525231719876416,0.71523178807947,0,0.0927152317880795,0.28476821192053,1,"Columbia",FALSE,"2020-2024"
"12108",53,35,167,0.317365269461078,NA,0,55625,NA,NA,0.92,1,0.14018691588785,0,0.981132075471698,0,0,0,0.999999999999995,"Hamilton",FALSE,"2020-2024"
"12110",2877,357,8300,0.346626506024096,1499,0.0331235508446505,105024,75863,59960,0.184708824580207,0.402286530903894,0.0826022266687189,0.038751247844632,0.686131386861314,0.0823774765380605,0.083767813694821,0.035106013208203,1.00000000000001,"Albany",FALSE,"2020-2024"
"12115",0,14,42,0,NA,NA,91875,NA,NA,NA,NA,0,0,NA,NA,NA,NA,0.999999999999992,"Columbia",FALSE,"2020-2024"
"12116",88,74,729,0.120713305898491,1664,0,78986,120208,66560,0.0232558139534884,0.232558139534884,0.0581980973698937,0.031980319803198,0.454545454545455,0,0,0,0.999999999999991,"Otsego",FALSE,"2020-2024"
"12117",208,79,1308,0.159021406727829,926,0,66000,42083,37040,0.0862068965517241,0.258620689655172,0.149912434325744,0.0378086419753086,1,0,0,0,1,"Fulton",FALSE,"2020-2024"
"12118",2381,304,7651,0.311201150176448,1122,0.0293999194522755,92710,46092,44880,0.245551601423488,0.449288256227758,0.0856523522174703,0.0324444444444444,0.841243175136497,0.0272994540109198,0,0.0424191516169677,1.00000000000001,"Saratoga",FALSE,"2020-2024"
"12120",17,12,258,0.0658914728682171,NA,0,78917,NA,NA,0,0,0.00677966101694915,0.0553359683794466,1,0,0,0,0.999999999999981,"Albany",FALSE,"2020-2024"
"12121",0,14,801,0,NA,NA,100461,NA,NA,NA,NA,0.0361711513012792,0,NA,NA,NA,NA,0.999999999999996,"Rensselaer",FALSE,"2020-2024"
"12122",318,95,1712,0.185747663551402,1106,0.0442477876106195,55875,47500,44240,0.311111111111111,0.507936507936508,0.0848164627363737,0.0154669839381321,0.839622641509434,0,0,0.059748427672956,0.999999999999992,"Schoharie",FALSE,"2020-2024"
"12123",344,104,1964,0.175152749490835,1023,0.0337078651685393,108878,39286,40920,0.13758389261745,0.37248322147651,0.0901916572717024,0.0224428139835995,0.959302325581395,0,0,0,1.00000000000001,"Rensselaer",FALSE,"2020-2024"
"12124",0,14,172,0,NA,NA,85461,NA,NA,NA,NA,0.0747330960854092,0,NA,NA,NA,NA,1.00000000000001,"Greene",FALSE,"2020-2024"
"12125",98,47,496,0.19758064516129,960,0,55625,53571,38400,0.114942528735632,0.402298850574713,0.136690647482014,0.0354131534569983,0.969387755102041,0,0.0306122448979592,0,0.999999999999987,"Columbia",FALSE,"2020-2024"
"12130",18,29,122,0.147540983606557,NA,0,104286,NA,NA,NA,NA,0,0,1,0,0,0,1.00000000000004,"Columbia",FALSE,"2020-2024"
"12131",7,5,79,0.0886075949367089,950,0,71563,71875,38000,0.333333333333333,0.333333333333333,0.0989010989010989,0.0898876404494382,1,0,0,0,0.999999999999957,"Schoharie",FALSE,"2020-2024"
"12132",0,14,59,0,NA,NA,NA,NA,NA,NA,NA,0,0,NA,NA,NA,NA,0.99999999999993,"Columbia",FALSE,"2020-2024"
"12134",319,80,1705,0.187096774193548,891,0,77928,45655,35640,0.0871080139372822,0.233449477351916,0.108650338718082,0.0438799076212471,0.858934169278997,0,0.0188087774294671,0.112852664576803,1.00000000000001,"Hamilton",FALSE,"2020-2024"
"12136",12,19,464,0.0258620689655172,NA,0,148750,NA,NA,0,1,0.0441035474592522,0,0,1,0,0,1.00000000000001,"Columbia",FALSE,"2020-2024"
"12137",131,158,774,0.169250645994832,3501,0,83879,2499,140040,0.68421052631579,0.68421052631579,0.161290322580645,0.00407747196738022,0.954198473282443,0,0,0,0.999999999999976,"Schenectady",FALSE,"2020-2024"
"12138",112,36,1192,0.0939597315436242,1125,0.0743801652892562,75833,56667,45000,0.135802469135802,0.358024691358025,0.0560296846011132,0.0240622788393489,0.848214285714286,0.0357142857142857,0,0.0178571428571429,0.999999999999999,"Rensselaer",FALSE,"2020-2024"
"12139",20,19,129,0.155038759689922,NA,0,71563,NA,NA,0,0.818181818181818,0.0748898678414097,0,1,0,0,0,0.99999999999998,"Hamilton",FALSE,"2020-2024"
"12140",21,16,649,0.0323574730354391,NA,0,138393,NA,NA,0.384615384615385,0.384615384615385,0.0912698412698413,0.0138150903294368,0.380952380952381,0,0,0,0.999999999999999,"Rensselaer",FALSE,"2020-2024"
"12143",562,157,2326,0.241616509028375,1150,0.0726072607260726,95101,43241,46000,0.130350194552529,0.459143968871595,0.070377592625421,0.0391343018084791,0.976868327402135,0,0,0,0.999999999999986,"Albany",FALSE,"2020-2024"
"12144",3943,426,9627,0.409577230705308,1366,0.0474045982460299,90738,64031,54640,0.15015265056897,0.369691923397169,0.109916750526027,0.0363818424566088,0.719249302561501,0.0913010398173979,0.0613745878772508,0.0839462338321075,0.999999999999972,"Rensselaer",FALSE,"2020-2024"
"12147",5,8,245,0.0204081632653061,NA,0,85875,NA,NA,0,0,0.0107296137339056,0.168724279835391,1,0,0,0,1,"Albany",FALSE,"2020-2024"
"12148",342,113,1829,0.186987424822307,1028,0.241685144124169,141984,31875,41120,0.352564102564103,0.766025641025641,0.0427541635595327,0.0202830188679245,0.950292397660819,0,0,0,1.00000000000001,"Saratoga",FALSE,"2020-2024"
"12149",268,92,1018,0.263261296660118,860,0.0218978102189781,50608,30125,34400,0.243027888446215,0.50597609561753,0.102412604628262,0.0433108758421559,0.955223880597015,0.00373134328358209,0,0.00746268656716418,0.999999999999934,"Schoharie",FALSE,"2020-2024"
"12150",4,6,247,0.0161943319838057,NA,0,79776,NA,NA,NA,NA,0,0.0838323353293413,1,0,0,0,0.999999999999969,"Schenectady",FALSE,"2020-2024"
"12151",62,37,453,0.136865342163355,1615,0.205128205128205,98309,82935,64600,0,0.766666666666667,0.0252365930599369,0.00434782608695652,0.967741935483871,0.032258064516129,0,0,1.00000000000009,"Saratoga",FALSE,"2020-2024"
"12153",6,7,318,0.0188679245283019,NA,0,89861,NA,NA,0,1,0.221225710014948,0.0503978779840849,1,0,0,0,1,"Rensselaer",FALSE,"2020-2024"
"12154",114,36,1180,0.0966101694915254,821,0,106136,47500,32840,0.383928571428571,0.517857142857143,0.0794053662073967,0.0522713130056005,0.991228070175439,0,0,0,1.00000000000002,"Rensselaer",FALSE,"2020-2024"
"12155",47,25,631,0.0744849445324881,746,0.318840579710145,62361,24375,29840,0.153846153846154,0.487179487179487,0.0763267740011926,0.0335483870967742,0.978723404255319,0,0,0,0.999999999999999,"Otsego",FALSE,"2020-2024"
"12156",48,47,305,0.157377049180328,1075,0,108274,102059,43000,0,0.208333333333333,0.129950495049505,0.0626702997275204,1,0,0,0,0.999999999999925,"Rensselaer",FALSE,"2020-2024"
"12157",297,87,1859,0.159763313609467,887,0,75997,37981,35480,0.15547703180212,0.508833922261484,0.107245100198194,0.0563725490196078,0.824915824915825,0,0,0,0.999999999999989,"Schoharie",FALSE,"2020-2024"
"12158",810,228,2752,0.294331395348837,1653,0.0979955456570156,97419,84752,66120,0.0810473815461347,0.260598503740648,0.0273902687989112,0.00327011118378025,0.846913580246914,0.017283950617284,0,0.132098765432099,1.00000000000003,"Albany",FALSE,"2020-2024"
"12159",910,215,3581,0.254118961184027,1729,0.106967615309127,128306,82866,69160,0.156599552572707,0.391498881431767,0.0473880597014925,0.0320706483848478,0.803296703296703,0.0802197802197802,0.0208791208791209,0.0934065934065934,0.999999999999988,"Albany",FALSE,"2020-2024"
"12160",76,52,339,0.224188790560472,1289,0,69750,NA,51560,0.407407407407407,0.407407407407407,0.10267229254571,0.0352941176470588,1,0,0,0,1.00000000000001,"Schoharie",FALSE,"2020-2024"
"12161",15,24,50,0.3,NA,0,123750,NA,NA,0,0,0,0,1,0,0,0,0.999999999999942,"Albany",FALSE,"2020-2024"
"12164",66,27,254,0.259842519685039,1042,0.0958904109589041,62083,34286,41680,0.0588235294117647,0.411764705882353,0.244897959183673,0.0486486486486487,0.666666666666667,0,0.0909090909090909,0.242424242424242,0.999999999999991,"Hamilton",FALSE,"2020-2024"
"12165",7,7,113,0.0619469026548673,NA,0,65368,NA,NA,0.428571428571429,0.428571428571429,0.136363636363636,0.127450980392157,1,0,0,0,0.99999999999999,"Columbia",FALSE,"2020-2024"
"12166",39,37,590,0.0661016949152542,NA,0,94821,26563,NA,0.189189189189189,0.189189189189189,0.0403669724770642,0.0122249388753056,1,0,0,0,0.999999999999996,"Montgomery",FALSE,"2020-2024"
"12167",254,52,1003,0.253240279162512,858,0.0638297872340425,53047,31042,34320,0.373873873873874,0.558558558558559,0.215073529411765,0.0724029380902413,0.881889763779528,0,0.015748031496063,0.078740157480315,1,"Schoharie",FALSE,"2020-2024"
"12168",84,71,726,0.115702479338843,618,0.288135593220339,88830,NA,24720,0,0.506329113924051,0.0232153221125943,0.263305322128852,1,0,0,0,1,"Rensselaer",FALSE,"2020-2024"
"12169",86,66,258,0.333333333333333,782,0,43936,NA,31280,0,0.220338983050847,0.00480769230769231,0,1,0,0,0,0.999999999999979,"Rensselaer",FALSE,"2020-2024"
"12170",399,129,2116,0.188563327032136,1240,0.0684931506849315,102857,64471,49600,0.0875331564986737,0.262599469496021,0.0860778443113772,0.0598899320168339,0.761904761904762,0.0977443609022556,0,0.0902255639097744,1,"Saratoga",FALSE,"2020-2024"
"12172",37,43,55,0.672727272727273,NA,0.159090909090909,86587,NA,NA,0,0,0,0,1,0,0,0,1.0000000000001,"Columbia",FALSE,"2020-2024"
"12173",184,96,740,0.248648648648649,1187,0,76607,54716,47480,0.173076923076923,0.384615384615385,0.102429728442115,0.0270833333333333,0.782608695652174,0.0815217391304348,0,0.135869565217391,0.999999999999985,"Columbia",FALSE,"2020-2024"
"12174",34,45,202,0.168316831683168,NA,0,51131,NA,NA,1,1,0.126463700234192,0.244274809160305,1,0,0,0,1.00000000000012,"Columbia",FALSE,"2020-2024"
"12175",20,23,283,0.0706713780918728,NA,0,90250,NA,NA,0,0,0.053921568627451,0.157657657657658,1,0,0,0,0.999999999999995,"Schoharie",FALSE,"2020-2024"
"12176",27,42,165,0.163636363636364,NA,0,63565,NA,NA,0,1,0.0292553191489362,0,0,0,0,1,1.00000000000006,"Greene",FALSE,"2020-2024"
"12177",6,10,151,0.0397350993377483,NA,0,92444,NA,NA,0,0,0,0,1,0,0,0,0.999999999999995,"Montgomery",FALSE,"2020-2024"
"12180",11392,578,21872,0.520848573518654,1232,0.0855398763278896,75851,46295,49280,0.24598832968636,0.477753464624362,0.17215216258468,0.0712103655324976,0.638869382022472,0.17872191011236,0.0326544943820225,0.111745084269663,0.999999999999999,"Rensselaer",FALSE,"2020-2024"
"12182",3282,412,6781,0.483999410116502,994,0.0212264150943396,56984,32913,39760,0.24646529562982,0.6073264781491,0.21470189701897,0.0891691394658754,0.68860450944546,0.159354052407069,0.0155393053016453,0.0414381474710542,0.999999999999962,"Rensselaer",FALSE,"2020-2024"
"12183",1214,264,1603,0.757330006238303,1084,0.0250391236306729,59406,52738,43360,0.217838765008576,0.462264150943396,0.206397306397306,0.10392034847542,0.677100494233937,0.070840197693575,0.057660626029654,0.129324546952224,0.999999999999812,"Albany",FALSE,"2020-2024"
"12184",593,219,2971,0.19959609559071,1086,0,98622,39267,43440,0.224872231686542,0.471890971039182,0.0739859955079931,0.0774025974025974,0.860033726812816,0,0,0.0657672849915683,1,"Columbia",FALSE,"2020-2024"
"12185",123,73,693,0.177489177489178,1098,0,110625,62788,43920,0.0505050505050505,0.343434343434343,0.0520772381509655,0.0170777988614801,1,0,0,0,0.999999999999922,"Rensselaer",FALSE,"2020-2024"
"12186",415,149,2615,0.158699808795411,1175,0,112446,NA,47000,0.318051575931232,0.435530085959885,0.0796990171990172,0.0580912863070539,0.865060240963855,0,0,0.0313253012048193,0.999999999999997,"Albany",FALSE,"2020-2024"
"12187",27,24,313,0.0862619808306709,NA,0,78149,NA,NA,0,0.814814814814815,0.166223404255319,0.13134328358209,1,0,0,0,1,"Schoharie",FALSE,"2020-2024"
"12188",1280,286,4880,0.262295081967213,1134,0.0199081163859112,92279,59138,45360,0.104116222760291,0.228410008071025,0.066143600036493,0.044280442804428,0.83828125,0.01484375,0,0.02734375,1.00000000000001,"Saratoga",FALSE,"2020-2024"
"12189",5264,498,8731,0.602909174206849,1115,0.0196185286103542,65276,53388,44600,0.236339061594902,0.471133423440819,0.144963276684716,0.0359348112157101,0.719034954407295,0.157864741641337,0.0518617021276596,0.0653495440729483,1,"Albany",FALSE,"2020-2024"
"12190",23,20,278,0.0827338129496403,NA,0,74286,NA,NA,0,0.3,0.0461997019374069,0.0791666666666667,1,0,0,0,1,"Hamilton",FALSE,"2020-2024"
"12192",32,30,458,0.0698689956331878,NA,0,106213,105962,NA,0,0,0.0937790157845868,0.0888888888888889,1,0,0,0,0.999999999999983,"Greene",FALSE,"2020-2024"
"12193",95,73,811,0.117139334155364,NA,0,108438,NA,NA,0,0.461538461538462,0.0870561282932417,0.017156862745098,1,0,0,0,1.00000000000001,"Albany",FALSE,"2020-2024"
"12194",9,13,60,0.15,NA,0,91250,NA,NA,0,1,0.0123456790123457,0.032258064516129,1,0,0,0,0.999999999999988,"Schoharie",FALSE,"2020-2024"
"12195",16,23,87,0.183908045977011,NA,0,148815,NA,NA,0,0,0,0,1,0,0,0,1.00000000000008,"Columbia",FALSE,"2020-2024"
"12196",223,126,1452,0.153581267217631,1000,0,110889,37150,40000,0.177570093457944,0.322429906542056,0.0520618556701031,0.0406222990492653,1,0,0,0,1.00000000000001,"Rensselaer",FALSE,"2020-2024"
"12197",86,79,828,0.103864734299517,732,0,77778,NA,29280,0.721518987341772,0.746835443037975,0.189459930313589,0.0400372439478585,0.86046511627907,0,0,0.0930232558139535,1,"Otsego",FALSE,"2020-2024"
"12198",551,182,2800,0.196785714285714,1216,0.017825311942959,113083,61287,48640,0.223340040241449,0.480885311871227,0.0533077377436503,0.0342410353194931,0.858439201451906,0.0453720508166969,0.0308529945553539,0,0.999999999999974,"Rensselaer",FALSE,"2020-2024"
"12202",3518,507,4727,0.74423524434102,1064,0,52868,47261,42560,0.274838330393886,0.457671957671958,0.314260302401423,0.15031503150315,0.264070494599204,0.463615690733371,0.0358158044343377,0.179079022171688,0.999999999999986,"Albany",FALSE,"2020-2024"
"12203",6968,638,13810,0.504561911658219,1409,0.0147994467496542,83147,60750,56360,0.251253317605426,0.454143320554409,0.139409517689479,0.0406099877108703,0.615958668197474,0.151549942594719,0.113662456946039,0.0661595866819747,0.999999999999997,"Albany",FALSE,"2020-2024"
"12204",2511,331,3616,0.694413716814159,1343,0.011284046692607,74841,68219,53720,0.126938775510204,0.362040816326531,0.110983102918587,0.0569087184156613,0.468339307048984,0.29868578255675,0.0784547988849064,0.0577459179609717,1.00000000000001,"Albany",FALSE,"2020-2024"
"12205",3308,560,11574,0.285813029203387,1446,0.0116522258739169,91020,65769,57840,0.163833075734158,0.456877897990726,0.0723013071641907,0.0241711698554111,0.69316807738815,0.152660217654172,0.105804111245466,0.0169286577992745,1,"Albany",FALSE,"2020-2024"
"12206",4789,485,6522,0.734283961974854,1210,0.0674917810868304,41548,24973,48400,0.443548387096774,0.612249346120314,0.345587727178495,0.114913814639021,0.341616203800376,0.341407391939862,0.104197118396325,0.153476717477553,1.00000000000004,"Albany",FALSE,"2020-2024"
"12207",1324,247,1379,0.960116026105874,1331,0.0900343642611684,58998,58656,53240,0.144559173947577,0.478951548848292,0.348492590700051,0.012810851544838,0.525679758308157,0.306646525679758,0.0777945619335347,0.0521148036253776,0.999999999999979,"Albany",FALSE,"2020-2024"
"12208",5809,562,10584,0.54884731670446,1320,0.0313072439633639,70413,41615,52800,0.357312831777412,0.518396485447556,0.222366951991068,0.0584280454618217,0.591495954553279,0.138405921845412,0.129970735066276,0.08538474780513,1.00000000000001,"Albany",FALSE,"2020-2024"
"12209",1469,316,4323,0.339810316909554,1198,0,89390,50144,47920,0.212722298221614,0.432284541723666,0.0753398791540786,0.0373376623376623,0.496936691626957,0.292716133424098,0.0476514635806671,0.114363512593601,0.999999999999979,"Albany",FALSE,"2020-2024"
"12210",4396,572,5836,0.753255654557916,1135,0.049247887904389,55843,46823,45400,0.281366171003717,0.465381040892193,0.227833349519277,0.0606060606060606,0.495450409463148,0.341901728844404,0.0241128298453139,0.0775705186533212,0.999999999999739,"Albany",FALSE,"2020-2024"
"12211",362,188,4328,0.083641404805915,2957,0,156605,NA,118280,0.48297213622291,0.628482972136223,0.027931488801054,0.0271300106691053,0.914364640883978,0,0,0.0856353591160221,0.999999999999929,"Albany",FALSE,"2020-2024"
"12222",97,63,97,1,2242,0,NA,NA,89680,0.0786516853932584,0.685393258426966,0,0.171606864274571,0.927835051546392,0,0.0721649484536082,0,0.999999999999922,"Albany",FALSE,"2020-2024"
"12226",0,14,0,NA,NA,NA,NA,NA,NA,NA,NA,NA,NA,NA,NA,NA,NA,0.999999999999952,"Albany",FALSE,"2020-2024"
"12302",2848,372,11759,0.242197465770899,1247,0.0458961474036851,98163,49358,49880,0.223954642097803,0.452161587526577,0.0465648854961832,0.0467400390080802,0.926966292134832,0.0249297752808989,0.00561797752808989,0.0221207865168539,1.00000000000001,"Schenectady",FALSE,"2020-2024"
"12303",3082,426,11910,0.258774139378673,1140,0.0702865761689291,84375,33324,45600,0.450290399726683,0.65083703450632,0.14197827880121,0.0481097311314317,0.493186242699546,0.289746917585983,0,0.126541207008436,1.00000000000001,"Albany",FALSE,"2020-2024"
"12304",3757,558,9306,0.403718031377606,1100,0.0123554153522608,69235,29445,44000,0.439582729643582,0.573167197913648,0.221063560852293,0.0864880328025174,0.473516103273889,0.245142400851743,0.0830449826989619,0.093691775352675,0.999999999999946,"Schenectady",FALSE,"2020-2024"
"12305",3104,434,3636,0.853685368536854,1142,0.0310387215734481,53326,41477,45680,0.318965517241379,0.469164456233422,0.186520122838209,0.0673253676470588,0.682667525773196,0.135953608247423,0.0441365979381443,0.077319587628866,1.0000000000001,"Schenectady",FALSE,"2020-2024"
"12306",3731,364,11895,0.313661202185792,1228,0.0365204159269592,83202,58213,49120,0.179457917261056,0.463338088445078,0.0859624564803848,0.0445022684814518,0.830876440632538,0.0849638166711337,0.0112570356472795,0.061645671401769,1,"Schenectady",FALSE,"2020-2024"
"12307",2333,385,3166,0.73689197725837,1106,0,24758,15355,44240,0.550312951372171,0.862301396244584,0.441418439716312,0.179771505376344,0.181740248606944,0.288898414059151,0.0342906129447064,0.26746678096871,0.999999999999952,"Schenectady",FALSE,"2020-2024"
"12308",3438,437,6253,0.549816088277627,1193,0.0508006626173385,63434,53200,47720,0.304373876572798,0.508687837028161,0.196405085488821,0.0595695618754804,0.627981384525887,0.187027341477603,0.00639906922629436,0.154741128563118,0.999999999999962,"Schenectady",FALSE,"2020-2024"
"12309",2339,375,12767,0.183206704785776,1499,0.117358490566038,125274,73821,59960,0.134589502018843,0.389412292507851,0.0524779568257829,0.0332686768941398,0.59427105600684,0.0940572894399316,0.189824711415135,0.107310816588286,1.00000000000003,"Schenectady",FALSE,"2020-2024"
"12401",6541,483,15351,0.42609601980327,1443,0.0494784324781505,69305,46512,57720,0.340153027278776,0.600133067198935,0.163791353764969,0.0635234641169359,0.664271518116496,0.0898945115425776,0.0247668552209142,0.151658767772512,0.999999999999981,"Ulster",FALSE,"2020-2024"
"12404",303,159,1744,0.173738532110092,1282,0.0873493975903614,77214,NA,51280,0.576,0.576,0.108259212198221,0.0399579390115668,0.808580858085809,0,0,0.165016501650165,1.00000000000001,"Ulster",FALSE,"2020-2024"
"12405",20,34,204,0.0980392156862745,NA,0,97500,NA,NA,NA,NA,0.0894854586129754,0.0548523206751055,1,0,0,0,0.999999999999984,"Greene",FALSE,"2020-2024"
"12406",66,67,317,0.20820189274448,850,0.514705882352941,71208,8750,34000,0.818181818181818,0.818181818181818,0.104037267080745,0.00584795321637427,1,0,0,0,1.00000000000004,"Ulster",FALSE,"2020-2024"
"12407",32,19,68,0.470588235294118,1325,0,63438,54000,53000,0,0.625,0.0372093023255814,0.094017094017094,1,0,0,0,0.999999999999926,"Greene",FALSE,"2020-2024"
"12409",56,52,478,0.117154811715481,NA,0.3,116280,116333,NA,0,0,0.0520231213872832,0.0456942003514939,0.75,0,0.25,0,0.999999999999986,"Ulster",FALSE,"2020-2024"
"12410",9,13,234,0.0384615384615385,NA,0.625,NA,NA,NA,NA,NA,0.448979591836735,0.25625,1,0,0,0,1.00000000000001,"Ulster",FALSE,"2020-2024"
"12411",23,34,179,0.128491620111732,NA,0,97880,NA,NA,1,1,0.0215384615384615,0,1,0,0,0,1.00000000000003,"Ulster",FALSE,"2020-2024"
"12412",14,25,212,0.0660377358490566,NA,0,82195,NA,NA,1,1,0.164210526315789,0.0387931034482759,1,0,0,0,0.999999999999983,"Ulster",FALSE,"2020-2024"
"12413",467,174,1457,0.320521619766644,1296,0.0485436893203883,60363,42434,51840,0.186295503211991,0.389721627408994,0.102357505222322,0.011457670273711,0.850107066381156,0,0,0.0877944325481799,1.00000000000001,"Greene",FALSE,"2020-2024"
"12414",1363,234,4304,0.316682156133829,1060,0.0578778135048231,73036,47236,42400,0.238380809595202,0.494752623688156,0.100152207001522,0.0716463414634146,0.767424798239178,0.0601614086573734,0,0.118855465884079,1,"Greene",FALSE,"2020-2024"
"12416",0,14,60,0,NA,NA,NA,NA,NA,NA,NA,0,0,NA,NA,NA,NA,1.00000000000001,"Ulster",FALSE,"2020-2024"
"12417",4,6,359,0.011142061281337,NA,0,120417,NA,NA,1,1,0.0157004830917874,0,1,0,0,0,1.00000000000005,"Ulster",FALSE,"2020-2024"
"12418",36,35,198,0.181818181818182,NA,0,98472,71406,NA,0,0.592592592592593,0.0608899297423888,0.0474137931034483,1,0,0,0,1.00000000000002,"Greene",FALSE,"2020-2024"
"12419",82,63,401,0.204488778054863,1434,0,121776,38421,57360,0.341463414634146,0.573170731707317,0.028677150786309,0.0556492411467116,0.926829268292683,0,0,0,1,"Ulster",FALSE,"2020-2024"
"12420",0,14,99,0,NA,NA,120559,NA,NA,NA,NA,0,0,NA,NA,NA,NA,0.999999999999988,"Ulster",FALSE,"2020-2024"
"12421",37,39,149,0.248322147651007,NA,0.350877192982456,100819,NA,NA,NA,NA,0.0842911877394636,0.109826589595376,1,0,0,0,0.999999999999994,"Delaware",FALSE,"2020-2024"
"12422",27,39,202,0.133663366336634,NA,0.4,91667,NA,NA,0,0,0.0300751879699248,0,1,0,0,0,1.00000000000001,"Greene",FALSE,"2020-2024"
"12423",16,20,355,0.0450704225352113,NA,0,75511,NA,NA,0,0,0.0721649484536082,0.0480769230769231,0.625,0,0,0,1.00000000000001,"Greene",FALSE,"2020-2024"
"12424",21,20,171,0.12280701754386,NA,0,54141,NA,NA,0,0.238095238095238,0.0543933054393305,0,1,0,0,0,0.999999999999997,"Greene",FALSE,"2020-2024"
"12427",10,15,111,0.0900900900900901,NA,0,NA,NA,NA,NA,NA,0.420481927710843,0,1,0,0,0,1.00000000000001,"Greene",FALSE,"2020-2024"
"12428",1169,284,2842,0.411330049261084,1251,0.0362737015663644,63145,23525,50040,0.494053064958829,0.800548947849954,0.271179164281626,0.066735112936345,0.496150556030796,0.16595380667237,0,0.430282292557742,1,"Ulster",FALSE,"2020-2024"
"12429",46,74,46,1,NA,0,NA,NA,NA,0,0,0.721212121212121,0,0,1,0,0,0.999999999999989,"Ulster",FALSE,"2020-2024"
"12430",40,27,525,0.0761904761904762,1063,0.642857142857143,68250,52917,42520,0,0.205128205128205,0.129411764705882,0.00498338870431894,0.575,0,0,0.425,1.00000000000001,"Greene",FALSE,"2020-2024"
"12431",104,67,757,0.137384412153236,882,0,80694,95921,35280,0.422222222222222,0.422222222222222,0.0235725510738607,0,1,0,0,0,0.999999999999962,"Greene",FALSE,"2020-2024"
"12432",203,174,313,0.648562300319489,2022,0,48193,48111,80880,0.818181818181818,0.818181818181818,0.345767575322812,0,0.74384236453202,0,0,0.25615763546798,1.00000000000001,"Ulster",FALSE,"2020-2024"
"12433",9,15,195,0.0461538461538462,NA,0,96250,NA,NA,0,1,0.0276595744680851,0.03125,1,0,0,0,1.00000000000006,"Ulster",FALSE,"2020-2024"
"12434",97,59,447,0.217002237136465,744,0,48656,NA,29760,0,0.494845360824742,0.0413135593220339,0.0106382978723404,0.907216494845361,0.0927835051546392,0,0,0.999999999999992,"Delaware",FALSE,"2020-2024"
"12435",0,14,84,0,NA,NA,112813,NA,NA,NA,NA,0.0861244019138756,0,NA,NA,NA,NA,0.999999999999988,"Ulster",FALSE,"2020-2024"
"12436",20,22,262,0.0763358778625954,NA,0,108056,NA,NA,1,1,0.0164744645799012,0,1,0,0,0,0.999999999999991,"Greene",FALSE,"2020-2024"
"12438",42,59,70,0.6,NA,0,78512,NA,NA,NA,NA,0.11875,0,1,0,0,0,0.999999999999857,"Delaware",FALSE,"2020-2024"
"12439",8,10,178,0.0449438202247191,NA,0,102989,NA,NA,0.375,0.375,0.0364583333333333,0.0346153846153846,1,0,0,0,1.00000000000008,"Greene",FALSE,"2020-2024"
"12440",191,106,743,0.257065948855989,NA,0.0904761904761905,106553,NA,NA,0.316091954022989,0.436781609195402,0.110378912685338,0.0292728989612842,1,0,0,0,1.00000000000006,"Ulster",FALSE,"2020-2024"
"12441",50,56,64,0.78125,NA,0,55893,NA,NA,0,1,0.169811320754717,0,1,0,0,0,0.99999999999998,"Delaware",FALSE,"2020-2024"
"12442",98,58,274,0.357664233576642,1059,0,36912,26667,42360,0.415584415584416,0.662337662337662,0.0893854748603352,0.00485436893203883,0.877551020408163,0,0,0.122448979591837,1.00000000000002,"Greene",FALSE,"2020-2024"
"12443",175,104,1576,0.111040609137056,1241,0.178403755868545,104412,82019,49640,0,0.186746987951807,0.064168086314594,0.0294573643410853,0.977142857142857,0,0.0228571428571429,0,1.00000000000002,"Ulster",FALSE,"2020-2024"
"12444",9,9,206,0.0436893203883495,NA,0,77708,NA,NA,0,1,0.0555555555555556,0.0617977528089888,1,0,0,0,0.999999999999981,"Greene",FALSE,"2020-2024"
"12446",555,209,2393,0.23192645215211,1303,0,85979,58103,52120,0.375227686703097,0.468123861566485,0.104174362763207,0.0599078341013825,0.742342342342342,0.0108108108108108,0,0.196396396396396,1.00000000000002,"Ulster",FALSE,"2020-2024"
"12448",0,14,111,0,NA,NA,NA,NA,NA,NA,NA,0.0144927536231884,0,NA,NA,NA,NA,0.999999999999983,"Ulster",FALSE,"2020-2024"
"12449",427,154,1106,0.386075949367089,1733,0.112266112266112,93750,100281,69320,0.109289617486339,0.286885245901639,0.071733229934083,0.0407272727272727,0.800936768149883,0.0351288056206089,0,0.163934426229508,1.00000000000001,"Ulster",FALSE,"2020-2024"
"12450",50,51,101,0.495049504950495,NA,0,NA,NA,NA,0,0,0.125581395348837,0,0.7,0,0,0.3,0.999999999999986,"Greene",FALSE,"2020-2024"
"12451",38,38,441,0.0861678004535147,1268,0,56477,NA,50720,0.526315789473684,0.526315789473684,0.0968096809680968,0,0.842105263157895,0,0.157894736842105,0,0.999999999999937,"Greene",FALSE,"2020-2024"
"12452",3,4,17,0.176470588235294,NA,0,NA,NA,NA,NA,NA,0,NA,1,0,0,0,0.999999999999984,"Greene",FALSE,"2020-2024"
"12453",0,14,120,0,NA,NA,NA,NA,NA,NA,NA,0,NA,NA,NA,NA,NA,0.999999999999939,"Ulster",FALSE,"2020-2024"
"12454",15,17,135,0.111111111111111,NA,0,88750,NA,NA,NA,NA,0.018796992481203,0.14018691588785,1,0,0,0,1.00000000000001,"Greene",FALSE,"2020-2024"
"12455",157,81,866,0.181293302540416,986,0.137362637362637,85926,26875,39440,0.38655462184874,0.521008403361345,0.114693118412895,0.0166414523449319,0.496815286624204,0.0191082802547771,0.0382165605095541,0.445859872611465,0.999999999999999,"Delaware",FALSE,"2020-2024"
"12456",61,75,218,0.279816513761468,NA,0,63833,NA,NA,0,0,0,0,1,0,0,0,0.999999999999884,"Ulster",FALSE,"2020-2024"
"12457",115,77,526,0.218631178707224,1631,0,90667,87135,65240,0,0.321739130434783,0.0461095100864553,0.0255474452554745,0.791304347826087,0.208695652173913,0,0,0.999999999999987,"Ulster",FALSE,"2020-2024"
"12458",137,112,835,0.164071856287425,1393,0,64851,20859,55720,0.239130434782609,0.847826086956522,0.142088266953714,0.0580964153275649,0.715328467153285,0,0,0,1,"Ulster",FALSE,"2020-2024"
"12459",0,14,20,0,NA,NA,NA,NA,NA,NA,NA,0.366666666666667,NA,NA,NA,NA,NA,0.999999999999947,"Delaware",FALSE,"2020-2024"
"12460",5,8,100,0.05,NA,0,109750,NA,NA,0,1,0,0,1,0,0,0,0.999999999999981,"Albany",FALSE,"2020-2024"
"12461",102,62,738,0.138211382113821,1969,0.276595744680851,112273,59250,78760,0.78125,0.78125,0.108125,0.158314350797267,0.598039215686274,0,0,0.196078431372549,1.00000000000004,"Ulster",FALSE,"2020-2024"
"12463",129,87,614,0.210097719869707,1008,0.0719424460431655,NA,NA,40320,0.114035087719298,0.114035087719298,0.172614712308813,0.0639455782312925,1,0,0,0,1,"Greene",FALSE,"2020-2024"
"12464",154,85,548,0.281021897810219,970,0,NA,NA,38800,0.453781512605042,0.546218487394958,0.290322580645161,0.0187713310580205,0.935064935064935,0,0,0,0.999999999999986,"Ulster",FALSE,"2020-2024"
"12465",13,9,134,0.0970149253731343,NA,0,NA,NA,NA,0.461538461538462,0.461538461538462,0.0470588235294118,0,1,0,0,0,1,"Ulster",FALSE,"2020-2024"
"12466",158,109,806,0.196029776674938,1789,0,78182,NA,71560,0.481012658227848,0.493670886075949,0.14336917562724,0.0192076830732293,0.455696202531646,0.132911392405063,0,0.259493670886076,0.999999999999961,"Ulster",FALSE,"2020-2024"
"12468",140,41,626,0.223642172523962,763,0.0604026845637584,51875,29800,30520,0.159090909090909,0.287878787878788,0.132430398796087,0.0562962962962963,0.85,0.0357142857142857,0,0.0857142857142857,1.00000000000003,"Greene",FALSE,"2020-2024"
"12469",20,23,386,0.0518134715025907,NA,0,99722,NA,NA,0,0,0.0112781954887218,0.0272952853598015,1,0,0,0,0.999999999999997,"Albany",FALSE,"2020-2024"
"12470",39,37,253,0.154150197628458,944,0,86349,NA,37760,0.564102564102564,0.564102564102564,0.146258503401361,0,1,0,0,0,1.00000000000004,"Greene",FALSE,"2020-2024"
"12471",0,14,219,0,NA,NA,NA,NA,NA,NA,NA,0.919831223628692,NA,NA,NA,NA,NA,1.00000000000006,"Ulster",FALSE,"2020-2024"
"12472",248,113,682,0.363636363636364,1322,0.101449275362319,70559,68103,52880,0.141509433962264,0.316037735849057,0.103839441535777,0.02625,0.665322580645161,0,0.0282258064516129,0.0403225806451613,1.00000000000006,"Ulster",FALSE,"2020-2024"
"12473",23,35,304,0.0756578947368421,NA,0,103542,NA,NA,0,0,0.0974729241877256,0,1,0,0,0,1,"Greene",FALSE,"2020-2024"
"12474",39,23,448,0.0870535714285714,873,0.48,57428,26458,34920,0.571428571428571,1,0.0711785297549592,0.0979228486646884,1,0,0,0,1,"Delaware",FALSE,"2020-2024"
"12475",99,98,239,0.414225941422594,NA,0,103412,NA,NA,1,1,0.052064631956912,0,1,0,0,0,0.99999999999997,"Ulster",FALSE,"2020-2024"
"12477",2624,302,8524,0.307836696386673,1209,0.07475317348378,80861,44773,48360,0.295556461475744,0.461475743986955,0.0899326032013479,0.0369867003203572,0.796112804878049,0.0304878048780488,0.0125762195121951,0.0945121951219512,0.999999999999988,"Ulster",FALSE,"2020-2024"
"12480",4,7,236,0.0169491525423729,NA,0,66491,NA,NA,0,1,0.135294117647059,0,0,0,0,0,0.999999999999968,"Greene",FALSE,"2020-2024"
"12481",67,59,580,0.11551724137931,2291,0,124286,250001,91640,0.17910447761194,0.17910447761194,0.0697674418604651,0.221897810218978,1,0,0,0,0.999999999999984,"Ulster",FALSE,"2020-2024"
"12482",116,96,239,0.485355648535565,958,0,NA,NA,38320,0.560344827586207,0.672413793103448,0.122778675282714,0,0.887931034482759,0.112068965517241,0,0,1.00000000000001,"Greene",FALSE,"2020-2024"
"12483",0,14,32,0,NA,NA,2499,NA,NA,NA,NA,0.444444444444444,0,NA,NA,NA,NA,1.00000000000001,"Sullivan",FALSE,"2020-2024"
"12484",117,106,1331,0.0879038317054846,NA,0.214765100671141,119779,NA,NA,1,1,0.105987832212616,0.0782808902532617,1,0,0,0,0.999999999999982,"Ulster",FALSE,"2020-2024"
"12485",156,67,297,0.525252525252525,950,0.0429447852760736,67165,65329,38000,0.427272727272727,0.581818181818182,0.16356513222331,0.0180623973727422,0.891025641025641,0,0,0.108974358974359,0.999999999999984,"Greene",FALSE,"2020-2024"
"12486",85,49,545,0.155963302752294,1528,0,96964,46806,61120,0.423529411764706,0.529411764705882,0.0472222222222222,0,1,0,0,0,1.0000000000001,"Ulster",FALSE,"2020-2024"
"12487",349,162,1639,0.212934716290421,1405,0.0707762557077626,95230,89115,56200,0.108882521489971,0.369627507163324,0.134083930399181,0.0571679859278804,0.587392550143267,0.128939828080229,0,0.0659025787965616,0.999999999999994,"Ulster",FALSE,"2020-2024"
"12489",21,33,46,0.456521739130435,NA,0,NA,NA,NA,1,1,0.225806451612903,0,1,0,0,0,0.999999999999963,"Ulster",FALSE,"2020-2024"
"12490",0,14,0,NA,NA,NA,NA,NA,NA,NA,NA,NA,NA,NA,NA,NA,NA,1.00000000000009,"Ulster",FALSE,"2020-2024"
"12491",61,52,834,0.0731414868105516,2038,0,100257,NA,81520,0.262295081967213,0.327868852459016,0.170299036999493,0.0116429495472186,0.934426229508197,0,0,0,0.99999999999999,"Ulster",FALSE,"2020-2024"
"12492",7,7,142,0.0492957746478873,NA,0,150833,NA,NA,NA,NA,0.0134228187919463,0,1,0,0,0,0.999999999999987,"Greene",FALSE,"2020-2024"
"12493",19,28,151,0.125827814569536,NA,0.732394366197183,105617,NA,NA,NA,NA,0.331325301204819,0,1,0,0,0,0.999999999999955,"Ulster",FALSE,"2020-2024"
"12494",21,27,405,0.0518518518518519,NA,0.64406779661017,145303,NA,NA,0.666666666666667,1,0,0.18312101910828,1,0,0,0,0.999999999999995,"Ulster",FALSE,"2020-2024"
"12495",38,39,213,0.178403755868545,NA,0,NA,NA,NA,1,1,0,0,1,0,0,0,1,"Ulster",FALSE,"2020-2024"
"12496",61,32,540,0.112962962962963,794,0.128571428571429,59286,26016,31760,0.152173913043478,0.608695652173913,0.104400345125108,0.020746887966805,0.868852459016393,0.0491803278688525,0,0,0.999999999999982,"Greene",FALSE,"2020-2024"
"12498",447,189,2421,0.184634448574969,1680,0.0977443609022556,94210,30694,67200,0.517150395778364,0.902374670184697,0.118110236220472,0.0556577736890524,0.845637583892617,0.0156599552572707,0,0.10738255033557,0.999999999999998,"Ulster",FALSE,"2020-2024"
"12501",390,150,1024,0.380859375,1493,0,75104,56250,59720,0.451149425287356,0.614942528735632,0.115209283050145,0.0233644859813084,0.687179487179487,0,0.0487179487179487,0.264102564102564,1.00000000000001,"Dutchess",FALSE,"2020-2024"
"12502",26,17,398,0.0653266331658292,1160,0,85192,56667,46400,0,0,0.0627705627705628,0.10916179337232,1,0,0,0,1,"Columbia",FALSE,"2020-2024"
"12503",39,23,298,0.130872483221477,1052,0,117935,49375,42080,0.272727272727273,0.363636363636364,0.0809327846364883,0.0213333333333333,0.512820512820513,0,0,0.128205128205128,0.999999999999982,"Columbia",FALSE,"2020-2024"
"12504",0,14,0,NA,NA,NA,NA,NA,NA,NA,NA,NA,0.0173267326732673,NA,NA,NA,NA,1.00000000000003,"Dutchess",FALSE,"2020-2024"
"12507",49,43,77,0.636363636363636,NA,0,116198,116719,NA,0,0,0.037914691943128,0.0695652173913043,0.510204081632653,0,0,0.489795918367347,1.00000000000004,"Dutchess",FALSE,"2020-2024"
"12508",3479,396,8468,0.410840812470477,1712,0.0442307692307692,92461,73113,68480,0.25224388734138,0.460848034664191,0.0872295100347573,0.0734638495832526,0.588674906582351,0.177349813164702,0.00919804541534924,0.225352112676056,0.999999999999993,"Dutchess",FALSE,"2020-2024"
"12512",19,30,117,0.162393162393162,NA,0,99025,NA,NA,0,0,0,0,1,0,0,0,1.0000000000001,"Dutchess",FALSE,"2020-2024"
"12513",48,56,167,0.287425149700599,NA,0,60951,NA,NA,0,0.375,0,0,1,0,0,0,1.00000000000003,"Columbia",FALSE,"2020-2024"
"12514",102,83,1339,0.0761762509335325,1138,0.221374045801527,120439,53750,45520,0.152941176470588,0.2,0.0463469584808497,0.0113027959547888,0.872549019607843,0,0,0.127450980392157,0.999999999999988,"Dutchess",FALSE,"2020-2024"
"12515",71,83,522,0.136015325670498,1013,0,103500,22904,40520,0.422535211267606,1,0.0294906166219839,0.0910384068278805,1,0,0,0,1.00000000000001,"Ulster",FALSE,"2020-2024"
"12516",45,57,742,0.0606469002695418,2273,0,128750,116367,90920,0,0,0.124675324675325,0.0109756097560976,1,0,0,0,0.999999999999985,"Columbia",FALSE,"2020-2024"
"12517",13,17,83,0.156626506024096,NA,0.380952380952381,153958,NA,NA,0.615384615384615,0.615384615384615,0.203208556149733,0,0.384615384615385,0,0,0,1.00000000000001,"Columbia",FALSE,"2020-2024"
"12518",793,191,2485,0.319114688128773,1819,0.0757575757575758,101208,67232,72760,0.341095890410959,0.449315068493151,0.0692434210526316,0.0249174422095467,0.712484237074401,0.0567465321563682,0,0.112232030264817,1.00000000000003,"Orange",FALSE,"2020-2024"
"12520",352,108,1233,0.285482562854826,1471,0,136797,120765,58840,0.161716171617162,0.227722772277228,0.0395942408376963,0.0538326506729081,0.676136363636364,0,0.0255681818181818,0.159090909090909,0.999999999999989,"Orange",FALSE,"2020-2024"
"12521",79,43,878,0.0899772209567198,1183,0.240384615384615,75652,53487,47320,0.0769230769230769,0.323076923076923,0.075875486381323,0.0317948717948718,0.721518987341772,0,0,0.240506329113924,1.00000000000001,"Columbia",FALSE,"2020-2024"
"12522",690,242,1900,0.363157894736842,1351,0.117139334155364,76157,62750,54040,0.372519083969466,0.60763358778626,0.138132688041944,0.0750974140984768,0.810144927536232,0.0492753623188406,0.0376811594202899,0.0739130434782609,0.999999999999997,"Dutchess",FALSE,"2020-2024"
"12523",169,76,889,0.190101237345332,1294,0,54235,49205,51760,0.387323943661972,0.654929577464789,0.112277019937041,0.116915422885572,0.976331360946746,0,0,0.0236686390532544,1,"Columbia",FALSE,"2020-2024"
"12524",2023,321,6496,0.311422413793103,1911,0.048447789275635,99034,69424,76440,0.176349614395887,0.559897172236504,0.0372632017209076,0.0603469337893965,0.728126544735541,0.0884824518042511,0.0074147305981216,0.129510627780524,0.999999999999999,"Dutchess",FALSE,"2020-2024"
"12525",362,177,1097,0.329990884229717,1750,0,110268,110281,70000,0.309917355371901,0.409090909090909,0.0963369963369963,0.0291970802919708,0.632596685082873,0,0,0.0966850828729282,1,"Ulster",FALSE,"2020-2024"
"12526",307,95,1546,0.198576972833118,1252,0.0725075528700906,97679,34656,50080,0.236749116607774,0.431095406360424,0.0811724915445321,0.0406779661016949,0.794788273615635,0.130293159609121,0,0.0553745928338762,1.00000000000001,"Columbia",FALSE,"2020-2024"
"12527",0,14,18,0,NA,NA,NA,NA,NA,NA,NA,0,0,NA,NA,NA,NA,1.00000000000012,"Dutchess",FALSE,"2020-2024"
"12528",1860,411,5875,0.316595744680851,1559,0.0053475935828877,92462,63567,62360,0.291888691533452,0.458259325044405,0.05145963658028,0.0628750326115314,0.653763440860215,0.0451612903225806,0.0548387096774194,0.167204301075269,0.999999999999996,"Ulster",FALSE,"2020-2024"
"12529",283,83,1192,0.23741610738255,1219,0.0298013245033113,70750,37120,48760,0.26271186440678,0.622881355932203,0.097286012526096,0.0522325189553496,0.872791519434629,0,0,0.0777385159010601,0.999999999999998,"Columbia",FALSE,"2020-2024"
"12530",0,14,74,0,NA,NA,NA,NA,NA,NA,NA,0,0,NA,NA,NA,NA,1.00000000000003,"Columbia",FALSE,"2020-2024"
"12531",94,73,881,0.106696935300795,2519,0,129028,89712,100760,0.24,1,0.0230088495575221,0.111374407582938,0.595744680851064,0,0,0.404255319148936,1,"Dutchess",FALSE,"2020-2024"
"12533",940,255,9119,0.103081478232262,1781,0.0926640926640927,141585,78919,71240,0.246753246753247,0.477922077922078,0.0485635864592864,0.0497034158314584,0.745744680851064,0.024468085106383,0,0.145744680851064,1.00000000000001,"Dutchess",FALSE,"2020-2024"
"12534",2891,342,7949,0.363693546358032,1443,0.0338983050847458,72741,33380,57720,0.457347972972973,0.690033783783784,0.183307143720537,0.0573733751680861,0.617433414043584,0.148045658941543,0.0484261501210654,0.171221030785195,1.00000000000001,"Columbia",FALSE,"2020-2024"
"12538",1802,239,5368,0.335692995529061,1232,0.0233062330623306,86230,45981,49280,0.305882352941176,0.468730650154799,0.0926650171601884,0.0503231763619575,0.713096559378468,0.100998890122087,0.0072142064372919,0.159822419533851,1,"Dutchess",FALSE,"2020-2024"
"12540",393,162,3084,0.127431906614786,2348,0,111320,90897,93920,0.175531914893617,0.734042553191489,0.0591027234715787,0.0526989545551525,0.430025445292621,0.147582697201018,0,0.422391857506361,1,"Dutchess",FALSE,"2020-2024"
"12542",569,169,2106,0.270180436847104,1955,0,121378,70880,78200,0.161687170474517,0.681898066783831,0.0379379197676529,0.0528206970894718,0.75219683655536,0.0404217926186292,0,0.161687170474517,1,"Ulster",FALSE,"2020-2024"
"12543",791,151,1553,0.509336767546684,1507,0,75583,51175,60280,0.318783068783069,0.53042328042328,0.0601880877742947,0.031374786081004,0.654867256637168,0.0720606826801517,0,0.152970922882427,0.99999999999997,"Orange",FALSE,"2020-2024"
"12544",0,14,47,0,NA,NA,NA,NA,NA,NA,NA,0,0,NA,NA,NA,NA,1.00000000000001,"Columbia",FALSE,"2020-2024"
"12545",719,202,1988,0.361670020120724,1264,0.110840438489647,101354,49874,50560,0.266081871345029,0.400584795321637,0.0901542111506524,0.0307963044434668,0.824756606397775,0.0375521557719054,0.019471488178025,0.139082058414465,0.999999999999999,"Dutchess",FALSE,"2020-2024"
"12546",241,98,1149,0.209747606614447,1420,0.05859375,84455,71528,56800,0.253393665158371,0.438914027149321,0.138369483919222,0.0310136157337368,0.663900414937759,0,0.016597510373444,0.302904564315353,0.99999999999997,"Dutchess",FALSE,"2020-2024"
"12547",378,196,1328,0.284638554216867,1909,0,88778,51016,76360,0.234657039711191,0.382671480144404,0.225383631713555,0.0300245098039216,0.603174603174603,0.171957671957672,0,0.224867724867725,0.999999999999958,"Ulster",FALSE,"2020-2024"
"12548",59,55,318,0.185534591194969,NA,0.233766233766234,132083,250001,NA,0.311111111111111,0.311111111111111,0.094662638469285,0,1,0,0,0,0.999999999999947,"Ulster",FALSE,"2020-2024"
"12549",581,167,3650,0.159178082191781,1633,0.0409448818897638,122734,67375,65320,0.35676625659051,0.560632688927944,0.0749014454664915,0.0442574981711778,0.752151462994836,0.0172117039586919,0,0.230636833046472,1,"Orange",FALSE,"2020-2024"
"12550",9009,702,20401,0.441596000196069,1572,0.0418826017979905,85697,49383,62880,0.288966095603211,0.552054630406134,0.149494503066129,0.0523560209424084,0.291597291597292,0.319236319236319,0.02997002997003,0.337551337551338,1.00000000000001,"Orange",FALSE,"2020-2024"
"12553",3047,371,10829,0.281374088096777,1625,0.0384979488797728,92757,54065,65000,0.323450134770889,0.610175202156334,0.0567955801104972,0.085039941902687,0.486051854282901,0.224811289793239,0.0101739415818838,0.267148014440433,1,"Orange",FALSE,"2020-2024"
"12561",3087,457,7219,0.427621554231888,1614,0.0142360012654223,92288,38063,64560,0.370461755375397,0.677476207261191,0.213672648700558,0.0709413369713506,0.69744088111435,0.0625202461937156,0.100097181729835,0.101392938127632,0.999999999999985,"Ulster",FALSE,"2020-2024"
"12563",371,107,2165,0.171362586605081,1544,0,98415,50865,61760,0.276363636363636,0.545454545454545,0.248896084780689,0.078018392168496,0.695417789757412,0,0.045822102425876,0.194070080862534,1,"Putnam",FALSE,"2020-2024"
"12564",681,135,2850,0.238947368421053,1502,0.0257510729613734,111324,51750,60080,0.315315315315315,0.521021021021021,0.0553270532041926,0.038961038961039,0.734214390602056,0.00587371512481645,0,0.245227606461087,1,"Dutchess",FALSE,"2020-2024"
"12565",225,113,579,0.38860103626943,1193,0.0546218487394958,56563,41399,47720,0.12037037037037,0.731481481481482,0.216196136701337,0.0708898944193062,0.888888888888889,0.0666666666666667,0,0.0666666666666667,1.00000000000002,"Columbia",FALSE,"2020-2024"
"12566",863,196,3625,0.238068965517241,1513,0,112831,86272,60520,0.215496368038741,0.437046004842615,0.0964809384164223,0.0606503470953599,0.633835457705678,0.0208574739281576,0.00811123986095017,0.221320973348783,1.00000000000001,"Ulster",FALSE,"2020-2024"
"12567",177,68,1107,0.159891598915989,1548,0.268595041322314,103750,65766,61920,0.0517241379310345,0.318965517241379,0.0905380333951763,0.0662438336856942,0.932203389830508,0,0,0.0564971751412429,1.00000000000002,"Dutchess",FALSE,"2020-2024"
"12569",1078,314,4033,0.267294817753533,1906,0.0305755395683453,100846,64003,76240,0.0971370143149284,0.507157464212679,0.0527402208690267,0.0268469527728787,0.848794063079777,0.0528756957328386,0,0.038961038961039,0.99999999999999,"Dutchess",FALSE,"2020-2024"
"12570",243,126,2221,0.109410175596578,1770,0,128906,85460,70800,0.219409282700422,0.371308016877637,0.0600179157957599,0.051656372824256,0.921810699588477,0,0,0.0781893004115226,0.999999999999989,"Dutchess",FALSE,"2020-2024"
"12571",845,185,4256,0.198543233082707,1402,0.0734649122807018,118967,41375,56080,0.298267326732673,0.621287128712871,0.0565868263473054,0.031413612565445,0.821301775147929,0.0366863905325444,0.00946745562130178,0.0769230769230769,0.999999999999984,"Dutchess",FALSE,"2020-2024"
"12572",1108,196,4181,0.265008371203061,1645,0,94859,65976,65800,0.168958742632613,0.56188605108055,0.0919458303635068,0.0683984747378456,0.792418772563177,0.00541516245487365,0.0207581227436823,0.117328519855596,1,"Dutchess",FALSE,"2020-2024"
"12574",12,16,263,0.0456273764258555,NA,0,NA,NA,NA,0,0,0.0468497576736672,0.0170731707317073,1,0,0,0,0.999999999999966,"Dutchess",FALSE,"2020-2024"
"12575",41,59,569,0.0720562390158172,NA,0,142530,NA,NA,0,0,0.026875,0.0858369098712446,0,1,0,0,1.00000000000002,"Orange",FALSE,"2020-2024"
"12577",108,87,771,0.140077821011673,1435,0,124028,51289,57400,0.194444444444444,0.87037037037037,0.0180226570545829,0.123144104803493,0.675925925925926,0.194444444444444,0,0.324074074074074,0.999999999999982,"Orange",FALSE,"2020-2024"
"12578",168,107,885,0.189830508474576,1658,0,108194,51364,66320,0.375,0.590909090909091,0.0867052023121387,0.0732628398791541,0.833333333333333,0,0,0.166666666666667,0.999999999999983,"Dutchess",FALSE,"2020-2024"
"12580",243,135,1843,0.131850244167119,1129,0,134583,58583,45160,0.242857142857143,0.680952380952381,0.067341652931481,0.0600783630822812,0.646090534979424,0.0617283950617284,0,0.279835390946502,0.999999999999995,"Dutchess",FALSE,"2020-2024"
"12581",319,114,931,0.342642320085929,1084,0.116343490304709,80640,39063,43360,0.251824817518248,0.68978102189781,0.16211962224554,0.0245579567779961,0.711598746081505,0,0,0.19435736677116,1.00000000000001,"Dutchess",FALSE,"2020-2024"
"12582",156,92,1545,0.100970873786408,1851,0,133328,104167,74040,0,0.0737704918032787,0.0103814582327378,0.0666666666666667,0.730769230769231,0.192307692307692,0,0.0769230769230769,1.00000000000008,"Dutchess",FALSE,"2020-2024"
"12583",286,74,876,0.32648401826484,1656,0.0833333333333333,79583,35909,66240,0.51048951048951,0.685314685314685,0.207622868605817,0.0478723404255319,0.79020979020979,0,0,0.174825174825175,1.00000000000001,"Dutchess",FALSE,"2020-2024"
"12585",53,55,434,0.122119815668203,NA,0,99648,NA,NA,0.377358490566038,0.377358490566038,0.142482517482517,0,1,0,0,0,0.999999999999992,"Dutchess",FALSE,"2020-2024"
"12586",1487,312,4428,0.335817524841915,1654,0.0158835208471211,87194,55795,66160,0.328304597701149,0.593390804597701,0.131906186053833,0.0653365823941517,0.490921318090114,0.264963012777404,0.0107599193006052,0.193006052454607,0.99999999999998,"Orange",FALSE,"2020-2024"
"12589",1069,365,4835,0.221096173733195,1246,0.0355555555555556,120815,56050,49840,0.273084479371316,0.580550098231827,0.299317425396288,0.0399094254174922,0.637979420018709,0.150608044901777,0.0252572497661366,0.27689429373246,1.00000000000003,"Ulster",FALSE,"2020-2024"
"12590",4438,452,14540,0.305226960110041,1747,0.00357142857142857,102285,69199,69880,0.180814354727398,0.46077754773407,0.0679526893832723,0.0420434227330779,0.592383956737269,0.127760252365931,0.0331230283911672,0.225777377196936,1.00000000000001,"Dutchess",FALSE,"2020-2024"
"12592",140,98,435,0.32183908045977,858,0,71696,NA,34320,0.671428571428571,0.878571428571429,0.0853858784893268,0.15547703180212,0.157142857142857,0,0,0.842857142857143,0.999999999999975,"Dutchess",FALSE,"2020-2024"
"12594",340,168,1544,0.22020725388601,1163,0,144202,45854,46520,0.110047846889952,0.555023923444976,0.0708848715509039,0.013253527148354,0.520588235294118,0.302941176470588,0,0.176470588235294,0.999999999999996,"Dutchess",FALSE,"2020-2024"
"12601",9847,626,17329,0.568238213399504,1418,0.0337659802869132,63652,46764,56720,0.301020408163265,0.575593502707205,0.161717882265827,0.082531984279622,0.376866050573779,0.337260079211943,0.0162486036356251,0.214176906672083,1.00000000000002,"Dutchess",FALSE,"2020-2024"
"12603",4800,607,16919,0.2837047106803,1727,0.0194075587334014,103538,62750,69080,0.306349552694741,0.482653283875191,0.0746275887126075,0.0377140315766066,0.493541666666667,0.245,0.0577083333333333,0.147916666666667,1.00000000000002,"Dutchess",FALSE,"2020-2024"
"12604",65,86,65,1,NA,0,NA,NA,NA,1,1,1,0.0166666666666667,1,0,0,0,1.00000000000009,"Dutchess",FALSE,"2020-2024"
"12701",3291,396,5160,0.637790697674419,1104,0.0378612716763006,57222,42384,44160,0.267675106872739,0.492929957250904,0.236607521860939,0.0647891909490477,0.391370404132483,0.198723792160438,0.0379823761774537,0.34396839866302,1,"Sullivan",FALSE,"2020-2024"
"12719",102,54,620,0.164516129032258,NA,0,79921,58478,NA,0.2,0.242105263157895,0.0604929051530993,0.0698924731182796,0.931372549019608,0,0,0.0686274509803922,1.00000000000001,"Sullivan",FALSE,"2020-2024"
"12720",50,78,138,0.36231884057971,NA,0,66597,NA,NA,0,0,0,0,1,0,0,0,1.00000000000004,"Sullivan",FALSE,"2020-2024"
"12721",540,175,2358,0.229007633587786,1660,0.0559440559440559,103214,34953,66400,0.446985446985447,0.760914760914761,0.159731727347386,0.0520166898470097,0.848148148148148,0.00555555555555556,0.00925925925925926,0.0611111111111111,1.00000000000006,"Sullivan",FALSE,"2020-2024"
"12722",0,14,0,NA,NA,NA,NA,NA,NA,NA,NA,NA,NA,NA,NA,NA,NA,1.00000000000001,"Sullivan",FALSE,"2020-2024"
"12723",158,92,890,0.17752808988764,1199,0,77313,NA,47960,0.142857142857143,0.244897959183673,0.114583333333333,0.0286806883365201,0.430379746835443,0.316455696202532,0,0.0443037974683544,1.00000000000002,"Sullivan",FALSE,"2020-2024"
"12724",2,6,31,0.0645161290322581,NA,0,NA,NA,NA,1,1,0.0333333333333333,0,0,0,0,0,0.999999999999998,"Sullivan",FALSE,"2020-2024"
"12725",8,10,87,0.0919540229885057,NA,0,90893,NA,NA,0,1,0.52605459057072,0.0756302521008403,1,0,0,0,0.999999999999957,"Ulster",FALSE,"2020-2024"
"12726",62,45,565,0.109734513274336,938,0.261904761904762,77149,NA,37520,0.480769230769231,0.576923076923077,0.101883561643836,0.048494983277592,0.870967741935484,0,0,0.129032258064516,0.999999999999996,"Sullivan",FALSE,"2020-2024"
"12729",120,67,587,0.20442930153322,1690,0,66982,62917,67600,0.188235294117647,0.494117647058824,0.174563591022444,0.0603715170278638,0.758333333333333,0,0,0.15,0.999999999999981,"Orange",FALSE,"2020-2024"
"12732",29,21,437,0.0663615560640732,1029,0,50125,51250,41160,0,0.137931034482759,0.0554123711340206,0.077639751552795,0.724137931034483,0,0.103448275862069,0,1.00000000000001,"Sullivan",FALSE,"2020-2024"
"12733",74,33,96,0.770833333333333,NA,0.26,56056,55444,NA,0,1,0.903089887640449,0.0727272727272727,0.878378378378378,0,0,0.121621621621622,0.999999999999992,"Sullivan",FALSE,"2020-2024"
"12734",91,91,341,0.266862170087977,NA,0,56740,55583,NA,0,0,0.101466992665037,0.0173913043478261,0.494505494505495,0,0,0.384615384615385,0.999999999999989,"Sullivan",FALSE,"2020-2024"
"12736",0,14,75,0,NA,NA,44330,NA,NA,NA,NA,0.117241379310345,0,NA,NA,NA,NA,0.999999999999985,"Sullivan",FALSE,"2020-2024"
"12737",25,28,635,0.0393700787401575,NA,0,87939,NA,NA,0,0,0.137333333333333,0.0247813411078717,0,0,0,0.64,0.999999999999987,"Sullivan",FALSE,"2020-2024"
"12738",61,50,123,0.495934959349593,NA,0,95481,74471,NA,0,0,0.033096926713948,0,0.163934426229508,0,0,0.836065573770492,0.999999999999971,"Sullivan",FALSE,"2020-2024"
"12740",130,59,762,0.170603674540682,871,0,103462,32424,34840,0.09375,0.5,0.0248267898383372,0.0548354935194417,0.953846153846154,0,0,0.0461538461538462,0.999999999999985,"Ulster",FALSE,"2020-2024"
"12741",57,34,111,0.513513513513513,1162,0.161764705882353,68897,68417,46480,0.175438596491228,0.56140350877193,0.0630630630630631,0,0.403508771929825,0.157894736842105,0,0.263157894736842,0.999999999999984,"Sullivan",FALSE,"2020-2024"
"12742",9,14,81,0.111111111111111,NA,0,148160,NA,NA,NA,NA,0.0316205533596838,0,1,0,0,0,1.00000000000006,"Sullivan",FALSE,"2020-2024"
"12743",0,14,138,0,NA,NA,86053,NA,NA,NA,NA,0,0.0267857142857143,NA,NA,NA,NA,0.99999999999996,"Sullivan",FALSE,"2020-2024"
"12745",0,14,11,0,NA,0,NA,NA,NA,NA,NA,0,NA,NA,NA,NA,NA,0.999999999999962,"Sullivan",FALSE,"2020-2024"
"12746",29,27,351,0.0826210826210826,1574,0,69906,85729,62960,0.379310344827586,0.379310344827586,0.124678663239075,0.0598802395209581,1,0,0,0,1,"Orange",FALSE,"2020-2024"
"12747",224,116,741,0.302294197031039,982,0.0743801652892562,71563,41439,39280,0.21608040201005,0.361809045226131,0.211050724637681,0.0357142857142857,0.834821428571429,0,0,0.165178571428571,0.999999999999987,"Sullivan",FALSE,"2020-2024"
"12748",92,44,643,0.143079315707621,1088,0.192982456140351,86927,40250,43520,0.438202247191011,0.786516853932584,0.213060686015831,0.0461309523809524,0.728260869565217,0,0.0326086956521739,0.239130434782609,0.99999999999999,"Sullivan",FALSE,"2020-2024"
"12749",8,13,114,0.0701754385964912,NA,0,175083,NA,NA,1,1,0.0192307692307692,0,1,0,0,0,0.999999999999966,"Sullivan",FALSE,"2020-2024"
"12750",2,5,25,0.08,NA,0,NA,NA,NA,0,0,0,0,1,0,0,0,1.00000000000001,"Sullivan",FALSE,"2020-2024"
"12751",184,97,451,0.407982261640798,1472,0,53549,34267,58880,0.195652173913043,0.864130434782609,0.40227434257285,0,0.777173913043478,0,0,0.222826086956522,0.999999999999981,"Sullivan",FALSE,"2020-2024"
"12752",57,34,170,0.335294117647059,998,0,NA,50625,39920,0.12280701754386,0.473684210526316,0.0517799352750809,0.154639175257732,0.68421052631579,0.245614035087719,0,0,1,"Sullivan",FALSE,"2020-2024"
"12754",1243,240,2686,0.46276991809382,911,0,67624,47771,36440,0.118078175895765,0.365635179153094,0.113354806739346,0.0893312914752425,0.443282381335479,0.0884955752212389,0,0.523732904263878,0.999999999999996,"Sullivan",FALSE,"2020-2024"
"12758",325,110,2014,0.16137040714995,1131,0.153658536585366,68958,44205,45240,0.351535836177474,0.559726962457338,0.118879353861686,0.0134035423647678,0.646153846153846,0,0.0676923076923077,0.206153846153846,0.999999999999991,"Sullivan",FALSE,"2020-2024"
"12759",284,143,505,0.562376237623762,1143,0.109717868338558,41506,NA,45720,0.529411764705882,0.702205882352941,0.406578026592022,0.0133587786259542,0.415492957746479,0.345070422535211,0.0880281690140845,0.0316901408450704,0.999999999999995,"Sullivan",FALSE,"2020-2024"
"12760",13,13,154,0.0844155844155844,NA,0.380952380952381,90938,NA,NA,0,0.538461538461538,0.264305177111717,0,0.461538461538462,0,0,0,1.00000000000002,"Delaware",FALSE,"2020-2024"
"12762",44,40,132,0.333333333333333,1281,0,87381,35357,51240,0.5,0.85,0.182741116751269,0,0.454545454545455,0.136363636363636,0,0.0909090909090909,0.999999999999977,"Sullivan",FALSE,"2020-2024"
"12763",99,80,444,0.222972972972973,NA,0,55741,31438,NA,0.911392405063291,0.911392405063291,0.0790378006872852,0.0212201591511936,0.585858585858586,0,0,0.414141414141414,1.00000000000002,"Sullivan",FALSE,"2020-2024"
"12764",186,59,934,0.199143468950749,956,0.0845070422535211,67778,51824,38240,0.031055900621118,0.186335403726708,0.0596453519613111,0.0810810810810811,0.924731182795699,0,0.0161290322580645,0.0161290322580645,0.999999999999982,"Sullivan",FALSE,"2020-2024"
"12765",67,45,427,0.156908665105386,1147,0,NA,53144,45880,0.3,0.3,0.0664375715922108,0,1,0,0,0,0.999999999999996,"Sullivan",FALSE,"2020-2024"
"12766",10,15,232,0.0431034482758621,NA,0,NA,NA,NA,1,1,0.0504672897196262,0,1,0,0,0,0.999999999999999,"Sullivan",FALSE,"2020-2024"
"12767",0,14,39,0,NA,NA,NA,NA,NA,NA,NA,0,0,NA,NA,NA,NA,0.99999999999998,"Sullivan",FALSE,"2020-2024"
"12768",29,39,346,0.0838150289017341,NA,0.431372549019608,34708,NA,NA,0,0,0.355892648774796,0.117845117845118,0.379310344827586,0,0,0,0.999999999999989,"Sullivan",FALSE,"2020-2024"
"12769",30,46,133,0.225563909774436,NA,0,141779,NA,NA,0,0,0.141538461538462,0.0815217391304348,0,0,0,1,1.00000000000001,"Sullivan",FALSE,"2020-2024"
"12770",5,8,68,0.0735294117647059,NA,0,108452,NA,NA,0,0,0,0.0675675675675676,1,0,0,0,0.999999999999989,"Sullivan",FALSE,"2020-2024"
"12771",2149,367,5691,0.377613776137761,1313,0.0503756076005303,68136,33773,52520,0.414442700156986,0.703819989534275,0.176033475218238,0.0622030878859857,0.666821777570963,0.0916705444392741,0.0200093066542578,0.212191717077711,1,"Orange",FALSE,"2020-2024"
"12775",139,66,1022,0.13600782778865,1723,0,112600,60104,68920,0,0.0202020202020202,0.0530939648586707,0.0544022906227631,0.244604316546763,0.136690647482014,0.151079136690647,0.402877697841727,1.00000000000004,"Sullivan",FALSE,"2020-2024"
"12776",97,49,836,0.116028708133971,1181,0,84211,NA,47240,0.505494505494505,0.538461538461538,0.0966449674511768,0.0183112919633774,1,0,0,0,0.999999999999993,"Delaware",FALSE,"2020-2024"
"12777",9,7,300,0.03,2179,0.5,137500,87250,87160,0,0.444444444444444,0.0218978102189781,0.0691964285714286,1,0,0,0,0.999999999999996,"Sullivan",FALSE,"2020-2024"
"12778",120,96,305,0.39344262295082,1371,0,50959,NA,54840,0.494117647058824,0.494117647058824,0.186704384724187,0.118110236220472,0.65,0,0,0.35,0.999999999999981,"Sullivan",FALSE,"2020-2024"
"12779",462,140,858,0.538461538461538,1001,0.142857142857143,47688,36875,40040,0.428571428571429,0.513784461152882,0.341496598639456,0.0322234156820623,0.196969696969697,0,0,0.803030303030303,0.999999999999993,"Sullivan",FALSE,"2020-2024"
"12780",255,144,1030,0.247572815533981,1216,0,74468,46442,48640,0.275862068965517,0.399014778325123,0.0277067348678602,0.116920152091255,0.83921568627451,0,0,0,1.00000000000001,"Orange",FALSE,"2020-2024"
"12781",0,14,72,0,NA,NA,NA,NA,NA,NA,NA,0,0,NA,NA,NA,NA,0.999999999999972,"Sullivan",FALSE,"2020-2024"
"12783",123,86,568,0.216549295774648,1397,0,67778,63384,55880,0.247863247863248,0.461538461538462,0.212264150943396,0.00446428571428571,0.853658536585366,0,0,0,0.999999999999995,"Sullivan",FALSE,"2020-2024"
"12784",0,14,0,NA,NA,NA,NA,NA,NA,NA,NA,NA,NA,NA,NA,NA,NA,0.999999999999968,"Sullivan",FALSE,"2020-2024"
"12785",12,14,291,0.0412371134020619,NA,0,140397,NA,NA,1,1,0.0785169029443839,0.0641711229946524,0,0,0,0,1.00000000000006,"Sullivan",FALSE,"2020-2024"
"12786",91,92,272,0.334558823529412,NA,0.31578947368421,NA,NA,NA,0.32967032967033,1,0.0819672131147541,0,0.32967032967033,0.67032967032967,0,0,1,"Sullivan",FALSE,"2020-2024"
"12787",28,41,139,0.201438848920863,NA,0,43102,NA,NA,0,1,0.0625,0,0.964285714285714,0,0,0,0.999999999999972,"Sullivan",FALSE,"2020-2024"
"12788",353,143,947,0.372756071805702,947,0.101781170483461,62768,NA,37880,0.550675675675676,0.638513513513513,0.191025113215315,0.0554511278195489,0.864022662889518,0,0,0.101983002832861,0.999999999999998,"Sullivan",FALSE,"2020-2024"
"12789",596,182,1106,0.538878842676311,985,0.00831946755407654,71729,67576,39400,0.136363636363636,0.303636363636364,0.0892857142857143,0.227520435967302,0.458053691275168,0.120805369127517,0.0922818791946309,0.328859060402685,0.999999999999981,"Sullivan",FALSE,"2020-2024"
"12790",514,182,2001,0.256871564217891,1443,0,79193,78051,57720,0.21294363256785,0.379958246346555,0.0839761957240467,0.037759864234196,0.754863813229572,0.142023346303502,0.0194552529182879,0.066147859922179,1,"Sullivan",FALSE,"2020-2024"
"12791",91,92,363,0.25068870523416,787,0,74744,23895,31480,0.164835164835165,0.835164835164835,0.0235910878112713,0.122857142857143,1,0,0,0,0.999999999999993,"Sullivan",FALSE,"2020-2024"
"12792",16,20,103,0.155339805825243,NA,0,NA,NA,NA,0,0.4375,0.214723926380368,0.256198347107438,1,0,0,0,0.99999999999997,"Sullivan",FALSE,"2020-2024"
"12801",3321,284,6979,0.475856139848116,1077,0.0429394812680115,67577,43438,43080,0.266543551862111,0.497076023391813,0.113298429319372,0.0484205390901329,0.874736525143029,0.029810298102981,0.0123456790123457,0.0526949713941584,0.999999999999958,"Warren",FALSE,"2020-2024"
"12803",1693,318,4115,0.41142162818955,1211,0,82057,50795,48440,0.13921568627451,0.411111111111111,0.125417014178482,0.0473498233215548,0.968103957471943,0.00708800945067927,0,0.019492025989368,0.999999999999967,"Saratoga",FALSE,"2020-2024"
"12804",3091,413,12502,0.247240441529355,1246,0.00802310654685494,89127,49464,49840,0.26986301369863,0.488698630136986,0.0817887931034483,0.0497498610339077,0.976059527660951,0.0029116790682627,0,0.00226463927531543,0.999999999999987,"Warren",FALSE,"2020-2024"
"12808",11,9,148,0.0743243243243243,NA,0.5,110192,NA,NA,0,0,0.0316901408450704,0.076271186440678,1,0,0,0,1,"Warren",FALSE,"2020-2024"
"12809",149,75,1471,0.101291638341264,1060,0,83938,28906,42400,0.385964912280702,0.429824561403509,0.0459154929577465,0.0245767340251229,0.89261744966443,0.10738255033557,0,0,0.999999999999992,"Washington",FALSE,"2020-2024"
"12810",27,25,218,0.123853211009174,NA,0.289473684210526,56250,173313,NA,0.0909090909090909,0.0909090909090909,0.224839400428266,0.0995670995670996,1,0,0,0,1.00000000000001,"Warren",FALSE,"2020-2024"
"12811",13,12,77,0.168831168831169,NA,0,65865,NA,NA,1,1,0.149171270718232,0,0.384615384615385,0,0,0,1,"Warren",FALSE,"2020-2024"
"12812",8,11,125,0.064,NA,0.466666666666667,155536,NA,NA,0,1,0.0679245283018868,0,1,0,0,0,0.999999999999998,"Hamilton",FALSE,"2020-2024"
"12814",100,59,681,0.146842878120411,1083,0.0740740740740741,104489,78125,43320,0.217948717948718,0.307692307692308,0.0924657534246575,0.00632911392405063,0.96,0.04,0,0,1,"Warren",FALSE,"2020-2024"
"12815",106,89,551,0.192377495462795,1058,0.411111111111111,76302,36711,42320,0,0.686746987951807,0.0866788321167883,0.0303030303030303,1,0,0,0,0.99999999999999,"Warren",FALSE,"2020-2024"
"12816",409,127,2165,0.18891454965358,1117,0.051685393258427,75966,39306,44680,0.2578125,0.682291666666667,0.0947127393838468,0.0354579991557619,0.992665036674817,0.00733496332518337,0,0,1,"Washington",FALSE,"2020-2024"
"12817",162,81,1000,0.162,816,0.169230769230769,93393,58971,32640,0.294117647058824,0.294117647058824,0.0869565217391304,0.0351966873706004,0.950617283950617,0,0,0,0.999999999999998,"Warren",FALSE,"2020-2024"
"12819",32,19,151,0.211920529801325,1066,0,64688,60385,42640,0.0689655172413793,0.413793103448276,0.08,0.00595238095238095,1,0,0,0,0.999999999999961,"Washington",FALSE,"2020-2024"
"12820",0,14,5,0,NA,NA,NA,NA,NA,NA,NA,0,NA,NA,NA,NA,NA,1.0000000000003,"Warren",FALSE,"2020-2024"
"12821",59,54,102,0.57843137254902,856,0,NA,31250,34240,0.101694915254237,0.898305084745763,0.0753138075313808,0,1,0,0,0,0.999999999999998,"Washington",FALSE,"2020-2024"
"12822",630,138,2644,0.238275340393343,999,0.142857142857143,83349,56207,39960,0.233273056057866,0.396021699819168,0.103618683245656,0.0927654609101517,0.926984126984127,0,0,0.0634920634920635,0.999999999999996,"Saratoga",FALSE,"2020-2024"
"12823",11,18,203,0.0541871921182266,NA,0,118783,NA,NA,0,0,0,0,0,0,1,0,0.999999999999973,"Washington",FALSE,"2020-2024"
"12824",24,19,478,0.0502092050209205,925,0.675675675675676,108533,63438,37000,0,0,0.0475770925110132,0.140350877192982,1,0,0,0,0.999999999999999,"Warren",FALSE,"2020-2024"
"12827",218,92,1467,0.148602590320382,1089,0,81424,38750,43560,0.107142857142857,0.525510204081633,0.0518358531317495,0.0654793085385018,0.903669724770642,0,0,0.018348623853211,1.00000000000001,"Washington",FALSE,"2020-2024"
"12828",791,232,3664,0.215884279475983,1110,0,76019,37928,44400,0.303693570451436,0.571819425444596,0.149203874846899,0.0316058563792703,0.983565107458913,0.0151706700379267,0,0.0151706700379267,1,"Washington",FALSE,"2020-2024"
"12831",1679,351,7378,0.227568446733532,1328,0,100024,62992,53120,0.305658056580566,0.436654366543665,0.0614879528128652,0.0333568477275018,0.889815366289458,0.0410958904109589,0,0.0488385944014294,0.999999999999998,"Saratoga",FALSE,"2020-2024"
"12832",526,145,2390,0.220083682008368,792,0.0946643717728055,68929,23952,31680,0.340384615384615,0.542307692307692,0.123481444499917,0.0408975750995295,0.958174904942966,0,0,0.00760456273764259,1,"Washington",FALSE,"2020-2024"
"12833",187,100,2113,0.0884997633696167,1342,0,102832,70801,53680,0.288770053475936,0.433155080213904,0.136380737396539,0.0455861070911722,1,0,0,0,1,"Saratoga",FALSE,"2020-2024"
"12834",543,160,2784,0.195043103448276,1157,0,81205,47557,46280,0.213725490196078,0.441176470588235,0.0578868800796152,0.0294515910629655,0.87292817679558,0,0,0.119705340699816,1.00000000000001,"Washington",FALSE,"2020-2024"
"12835",202,67,1269,0.159180457052797,1023,0,66992,39783,40920,0.262773722627737,0.532846715328467,0.101550960118168,0.0821138211382114,0.96039603960396,0,0,0,0.999999999999998,"Saratoga",FALSE,"2020-2024"
"12836",37,29,285,0.129824561403509,570,0.244897959183673,80221,NA,22800,0.136363636363636,0.590909090909091,0.120481927710843,0.0635838150289017,1,0,0,0,1,"Warren",FALSE,"2020-2024"
"12837",63,71,371,0.169811320754717,1282,0,81583,90964,51280,0.0327868852459016,0.0819672131147541,0.123395853899309,0.163166397415186,0.968253968253968,0,0,0.0317460317460317,0.999999999999994,"Washington",FALSE,"2020-2024"
"12838",78,49,305,0.255737704918033,1138,0,62348,60882,45520,0,0.196428571428571,0.118528610354223,0.0481927710843374,0.858974358974359,0,0,0.102564102564103,0.999999999999994,"Washington",FALSE,"2020-2024"
"12839",2135,375,5981,0.356963718441732,1053,0.0864356011981172,71423,52034,42120,0.258432304038005,0.458907363420428,0.115485959497102,0.0562736649693171,0.863700234192037,0,0.00515222482435597,0.0234192037470726,1.00000000000001,"Washington",FALSE,"2020-2024"
"12841",0,14,57,0,NA,NA,63348,NA,NA,NA,NA,0,0,NA,NA,NA,NA,0.999999999999978,"Washington",FALSE,"2020-2024"
"12842",126,45,535,0.235514018691589,792,0.106382978723404,58702,36154,31680,0.362068965517241,0.560344827586207,0.0592964824120603,0.0485232067510548,0.984126984126984,0.0158730158730159,0,0,1,"Hamilton",FALSE,"2020-2024"
"12843",9,12,162,0.0555555555555556,NA,0,61304,NA,NA,0,0,0.113082039911308,0.0306748466257669,1,0,0,0,1.00000000000001,"Warren",FALSE,"2020-2024"
"12844",12,17,85,0.141176470588235,NA,0,133750,NA,NA,0,1,0.0858895705521472,0,1,0,0,0,0.999999999999959,"Warren",FALSE,"2020-2024"
"12845",489,133,1975,0.247594936708861,1055,0.134513274336283,100774,54338,42200,0.200507614213198,0.451776649746193,0.0636555113503393,0.0105795768169273,0.946830265848671,0.0184049079754601,0,0.032719836400818,1.00000000000001,"Warren",FALSE,"2020-2024"
"12846",252,119,1382,0.182344428364689,951,0.1,46344,33182,38040,0.257142857142857,0.592857142857143,0.341188184533687,0.0136157337367625,0.984126984126984,0,0,0,0.999999999999994,"Warren",FALSE,"2020-2024"
"12847",57,31,368,0.154891304347826,817,0,70962,50083,32680,0.264150943396226,0.415094339622642,0.109459459459459,0.0363636363636364,1,0,0,0,1,"Hamilton",FALSE,"2020-2024"
"12849",32,47,123,0.260162601626016,NA,0,NA,NA,NA,NA,NA,0.191374663072776,0,1,0,0,0,0.999999999999983,"Washington",FALSE,"2020-2024"
"12850",124,84,1087,0.114075436982521,946,0,92083,21346,37840,0.629032258064516,0.854838709677419,0.115873015873016,0.0309012875536481,1,0,0,0,1,"Saratoga",FALSE,"2020-2024"
"12851",12,12,132,0.0909090909090909,NA,0.368421052631579,73750,NA,NA,0,1,0.102189781021898,0.0583941605839416,1,0,0,0,0.999999999999995,"Essex",FALSE,"2020-2024"
"12852",19,13,210,0.0904761904761905,NA,0.58695652173913,108750,64688,NA,0,0,0.0232018561484919,0.0114068441064639,0.789473684210526,0,0,0,1,"Essex",FALSE,"2020-2024"
"12853",91,50,555,0.163963963963964,915,0.099009900990099,57950,26467,36600,0.157303370786517,0.561797752808989,0.08147512864494,0.0213592233009709,0.835164835164835,0,0,0,0.999999999999998,"Warren",FALSE,"2020-2024"
"12854",0,14,30,0,NA,NA,NA,NA,NA,NA,NA,0,0,NA,NA,NA,NA,0.999999999999941,"Washington",FALSE,"2020-2024"
"12855",5,5,101,0.0495049504950495,NA,0.285714285714286,77292,2499,NA,1,1,0.0676328502415459,0.136363636363636,1,0,0,0,0.999999999999995,"Essex",FALSE,"2020-2024"
"12856",65,83,158,0.411392405063291,NA,0.277777777777778,59200,NA,NA,0,0,0,0,1,0,0,0,0.999999999999993,"Warren",FALSE,"2020-2024"
"12857",36,23,322,0.111801242236025,790,0.162790697674419,68500,66042,31600,0,0.037037037037037,0.0844594594594595,0,0.861111111111111,0,0.0277777777777778,0,0.999999999999978,"Essex",FALSE,"2020-2024"
"12858",0,14,72,0,NA,1,124167,NA,NA,NA,NA,0,0,NA,NA,NA,NA,1.00000000000001,"Essex",FALSE,"2020-2024"
"12859",94,63,691,0.136034732272069,1380,0,71250,NA,55200,0,0.421686746987952,0.144882860665845,0,1,0,0,0,0.999999999999998,"Saratoga",FALSE,"2020-2024"
"12860",13,16,155,0.0838709677419355,NA,0,95625,NA,NA,0,0,0.0692124105011933,0.108786610878661,0.538461538461538,0,0,0,0.999999999999992,"Warren",FALSE,"2020-2024"
"12861",10,9,213,0.0469483568075117,NA,0,92031,NA,NA,0,0,0.0721442885771543,0.0571428571428571,0.9,0,0,0,0.999999999999996,"Washington",FALSE,"2020-2024"
"12862",23,31,80,0.2875,NA,0,NA,NA,NA,0,0,0,0,0,0,0,1,0.999999999999983,"Warren",FALSE,"2020-2024"
"12863",52,59,341,0.152492668621701,NA,0,96679,NA,NA,0.673076923076923,1,0.0764488286066584,0,1,0,0,0,0.999999999999976,"Saratoga",FALSE,"2020-2024"
"12864",0,14,3,0,NA,NA,NA,NA,NA,NA,NA,0,0.625,NA,NA,NA,NA,1.00000000000019,"Hamilton",FALSE,"2020-2024"
"12865",167,67,1462,0.114227086183311,955,0,71983,37750,38200,0.23448275862069,0.606896551724138,0.171590569979111,0.0989399293286219,0.964071856287425,0,0,0,1.00000000000003,"Washington",FALSE,"2020-2024"
"12866",6902,585,18248,0.378233231039018,1488,0.0534832693362589,101901,65546,59520,0.217007010057909,0.447729350807681,0.0835869507181377,0.0263281838733986,0.901043175891046,0.024195885250652,0.0178209214720371,0.0291219936250362,1,"Saratoga",FALSE,"2020-2024"
"12870",113,58,767,0.147327249022164,516,0.310975609756098,72628,NA,20640,0.427184466019417,0.45631067961165,0.0731846769582619,0.015625,0.867256637168142,0,0,0,0.999999999999992,"Essex",FALSE,"2020-2024"
"12871",394,120,1613,0.244265344079355,1098,0.0295566502463054,96024,63555,43920,0.203389830508475,0.474576271186441,0.0566287377613125,0.0353095030514385,0.898477157360406,0,0.0279187817258883,0.0939086294416244,0.999999999999977,"Saratoga",FALSE,"2020-2024"
"12872",0,14,11,0,NA,1,NA,NA,NA,NA,NA,0.5,NA,NA,NA,NA,NA,1.00000000000005,"Essex",FALSE,"2020-2024"
"12873",124,102,367,0.337874659400545,969,0,103239,NA,38760,0.202702702702703,0.202702702702703,0.151653363740023,0,1,0,0,0,1.00000000000003,"Washington",FALSE,"2020-2024"
"12874",21,23,112,0.1875,NA,0.32258064516129,158500,NA,NA,0,0,0.131707317073171,0,1,0,0,0,0.999999999999965,"Warren",FALSE,"2020-2024"
"12878",49,23,309,0.158576051779935,NA,0,63657,52083,NA,0.31578947368421,0.473684210526316,0.0757020757020757,0.0119521912350598,0.857142857142857,0,0,0.142857142857143,1,"Warren",FALSE,"2020-2024"
"12883",631,142,2026,0.311451135241856,852,0.0894660894660895,65865,38542,34080,0.236974789915966,0.482352941176471,0.172876949740035,0.0484544695071011,0.884310618066561,0,0.0538827258320127,0,1.00000000000001,"Essex",FALSE,"2020-2024"
"12884",92,59,210,0.438095238095238,997,0,37045,35583,39880,0.2125,0.825,0.210922787193974,0.066147859922179,0.934782608695652,0,0,0.0652173913043478,0.999999999999886,"Saratoga",FALSE,"2020-2024"
"12885",490,132,2218,0.220919747520289,905,0.150779896013865,59429,39551,36200,0.153679653679654,0.491341991341991,0.145375457875458,0.0211031175059952,0.812244897959184,0,0.102040816326531,0,0.999999999999999,"Warren",FALSE,"2020-2024"
"12886",0,14,97,0,NA,NA,127649,NA,NA,NA,NA,0.0703517587939698,0.137254901960784,NA,NA,NA,NA,0.999999999999972,"Warren",FALSE,"2020-2024"
"12887",482,116,1787,0.269725797425853,972,0,56709,33214,38880,0.333333333333333,0.612345679012346,0.192496269452142,0.07715281234445,0.724066390041494,0.0477178423236514,0,0.0518672199170125,0.999999999999991,"Washington",FALSE,"2020-2024"
"12901",6501,471,14321,0.453948746595908,1002,0.0173539009196084,60942,40993,40080,0.281515978801991,0.462983780311546,0.181878911468954,0.0470327505540507,0.850946008306414,0.0461467466543609,0.0155360713736348,0.0443008767881864,0.99999999999999,"Clinton",FALSE,"2020-2024"
"12903",481,135,968,0.496900826446281,1642,0.0360721442885772,77733,65574,65680,0.237687366167024,0.498929336188437,0.0730747611017425,0.084554678692221,0.95010395010395,0,0.0374220374220374,0,0.99999999999994,"Clinton",FALSE,"2020-2024"
"12910",115,69,623,0.184590690208668,1061,0,53021,49250,42440,0.426966292134831,0.752808988764045,0.140240050536955,0.102941176470588,1,0,0,0,1,"Clinton",FALSE,"2020-2024"
"12911",22,31,33,0.666666666666667,NA,0,NA,NA,NA,0,1,0.268292682926829,0,0,0,0,1,0.999999999999894,"Clinton",FALSE,"2020-2024"
"12912",113,70,761,0.148488830486202,1048,0,70046,46563,41920,0.3,0.3,0.0552913198573127,0.0599721059972106,0.973451327433628,0,0,0,1.00000000000002,"Clinton",FALSE,"2020-2024"
"12913",77,46,417,0.184652278177458,363,0,81250,NA,14520,0,0,0.0768431983385254,0.0418250950570342,0.961038961038961,0,0,0,0.999999999999993,"Franklin",FALSE,"2020-2024"
"12914",132,75,344,0.383720930232558,766,0,32778,22826,30640,0.23015873015873,0.936507936507937,0.140646976090014,0.0571428571428571,0.803030303030303,0,0,0,0.999999999999985,"Franklin",FALSE,"2020-2024"
"12915",9,14,34,0.264705882352941,NA,0,78750,NA,NA,1,1,0,0.0882352941176471,1,0,0,0,0.999999999999991,"Franklin",FALSE,"2020-2024"
"12916",233,88,910,0.256043956043956,803,0,69833,43618,32120,0,0.0451127819548872,0.19421101774043,0.0593654042988741,0.871244635193133,0,0,0,0.999999999999987,"Franklin",FALSE,"2020-2024"
"12917",62,35,465,0.133333333333333,853,0.162162162162162,62750,16739,34120,0.578947368421053,0.789473684210526,0.17724649629019,0.021978021978022,1,0,0,0,1.00000000000001,"Franklin",FALSE,"2020-2024"
"12918",75,58,1071,0.0700280112044818,NA,0,91951,70625,NA,0.170731707317073,0.170731707317073,0.0116472545757072,0,1,0,0,0,1.00000000000002,"Clinton",FALSE,"2020-2024"
"12919",296,91,1177,0.251486830926083,1090,0.0295081967213115,80931,37500,43600,0.25,0.592741935483871,0.155848546315078,0.0647865853658537,0.925675675675676,0.0608108108108108,0,0.00337837837837838,1.00000000000002,"Clinton",FALSE,"2020-2024"
"12920",187,54,1116,0.167562724014337,836,0,79773,30536,33440,0.25,0.4,0.152826510721248,0.0253164556962025,0.81283422459893,0.0588235294117647,0,0,1.00000000000001,"Franklin",FALSE,"2020-2024"
"12921",117,73,829,0.141133896260555,NA,0,101302,NA,NA,0.102941176470588,0.102941176470588,0.0812023328847017,0.0566037735849057,0.94017094017094,0.0598290598290598,0,0,1.00000000000002,"Clinton",FALSE,"2020-2024"
"12922",2,3,26,0.0769230769230769,NA,0,88333,NA,NA,1,1,0,0,1,0,0,0,1,"St. Lawrence",FALSE,"2020-2024"
"12923",36,22,248,0.145161290322581,NA,0,50833,43500,NA,0,0,0.205660377358491,0.147540983606557,1,0,0,0,1,"Clinton",FALSE,"2020-2024"
"12924",108,95,137,0.788321167883212,1067,0,NA,53167,42680,0,0.462962962962963,0.03003003003003,0.45,1,0,0,0,1.00000000000008,"Clinton",FALSE,"2020-2024"
"12926",172,50,1049,0.163965681601525,833,0,56424,NA,33320,0.372781065088757,0.497041420118343,0.150895140664962,0.0357142857142857,0.976744186046512,0,0,0,1,"Franklin",FALSE,"2020-2024"
"12927",14,14,161,0.0869565217391304,NA,0,68125,NA,NA,0,0,0.0440251572327044,0.0173913043478261,1,0,0,0,0.999999999999999,"St. Lawrence",FALSE,"2020-2024"
"12928",50,35,870,0.0574712643678161,1625,0.230769230769231,82813,NA,65000,0.148148148148148,0.148148148148148,0.0690524193548387,0.106822262118492,0.9,0,0,0,0.999999999999995,"Essex",FALSE,"2020-2024"
"12929",56,41,309,0.181229773462783,740,0,62411,NA,29600,0.267857142857143,0.535714285714286,0.137579617834395,0.0946882217090069,1,0,0,0,0.999999999999993,"Clinton",FALSE,"2020-2024"
"12930",36,19,358,0.100558659217877,1167,0,68603,58750,46680,0,0,0.134894091415831,0.0257731958762887,1,0,0,0,1.00000000000002,"Franklin",FALSE,"2020-2024"
"12932",131,62,657,0.199391171993912,769,0,56771,35066,30760,0.251968503937008,0.519685039370079,0.141891891891892,0.0357142857142857,1,0,0,0,1.00000000000001,"Essex",FALSE,"2020-2024"
"12933",0,14,3,0,NA,NA,NA,NA,NA,NA,NA,0,NA,NA,NA,NA,NA,1.00000000000021,"Clinton",FALSE,"2020-2024"
"12934",93,42,435,0.213793103448276,830,0,77734,72917,33200,0.0789473684210526,0.118421052631579,0.124107142857143,0.0118811881188119,0.935483870967742,0,0,0,0.999999999999999,"Clinton",FALSE,"2020-2024"
"12935",121,51,565,0.214159292035398,926,0,57542,22337,37040,0.506024096385542,0.72289156626506,0.131399317406143,0.010593220338983,0.87603305785124,0,0,0,0.999999999999998,"Clinton",FALSE,"2020-2024"
"12936",65,35,334,0.194610778443114,910,0.177215189873418,77321,NA,36400,0.0961538461538462,0.134615384615385,0.191027496382055,0.0436046511627907,0.984615384615385,0,0,0,1.00000000000001,"Essex",FALSE,"2020-2024"
"12937",58,24,506,0.114624505928854,585,0,55417,NA,23400,0.333333333333333,0.666666666666667,0.21097372488408,0.00889679715302491,1,0,0,0,0.999999999999994,"Franklin",FALSE,"2020-2024"
"12939",37,29,121,0.305785123966942,NA,0,51635,51375,NA,0,0,0.121387283236994,0,1,0,0,0,1,"Franklin",FALSE,"2020-2024"
"12941",66,43,641,0.102964118564743,1250,0.232558139534884,68625,57619,50000,0.257575757575758,0.363636363636364,0.06496199032481,0.0143979057591623,1,0,0,0,0.999999999999988,"Essex",FALSE,"2020-2024"
"12942",27,22,262,0.103053435114504,1713,0.425531914893617,115000,198224,68520,0,0,0.0155555555555556,0,1,0,0,0,1.00000000000001,"Essex",FALSE,"2020-2024"
"12943",36,29,115,0.31304347826087,NA,0.26530612244898,NA,50333,NA,0.0952380952380952,0.761904761904762,0.0811965811965812,0,1,0,0,0,0.999999999999999,"Essex",FALSE,"2020-2024"
"12944",332,105,1467,0.226312201772324,1091,0.102702702702703,72207,39500,43640,0.291390728476821,0.516556291390728,0.188800410994092,0.0551224944320713,0.882530120481928,0,0.0481927710843374,0,1,"Essex",FALSE,"2020-2024"
"12945",12,18,168,0.0714285714285714,NA,0,80227,NA,NA,NA,NA,0.0562659846547315,0,1,0,0,0,1.00000000000001,"Franklin",FALSE,"2020-2024"
"12946",921,201,2589,0.355735805330243,1131,0,77548,38351,45240,0.209798994974874,0.611809045226131,0.0961579282530248,0.0106749311294766,0.931596091205212,0,0.01085776330076,0.00434310532030402,0.999999999999997,"Essex",FALSE,"2020-2024"
"12950",59,38,320,0.184375,1135,0,82794,39125,45400,0.450980392156863,0.450980392156863,0.0305084745762712,0.0346820809248555,0.966101694915254,0,0,0,1.00000000000001,"Essex",FALSE,"2020-2024"
"12952",38,33,127,0.299212598425197,687,0,52841,NA,27480,0.5,0.5,0.153846153846154,0.0973451327433628,1,0,0,0,1,"Clinton",FALSE,"2020-2024"
"12953",1595,231,4871,0.32744816259495,853,0.061764705882353,68799,42075,34120,0.226885245901639,0.32,0.170731707317073,0.0261130941198572,0.969905956112853,0.0112852664576802,0,0.0100313479623824,1,"Franklin",FALSE,"2020-2024"
"12955",26,31,225,0.115555555555556,941,0,78487,78289,37640,0,0.115384615384615,0.095427435387674,0,1,0,0,0,0.999999999999994,"Clinton",FALSE,"2020-2024"
"12956",10,15,481,0.0207900207900208,NA,0,69692,NA,NA,NA,NA,0.0683333333333333,0,1,0,0,0,0.99999999999998,"Essex",FALSE,"2020-2024"
"12957",308,133,847,0.363636363636364,800,0,54572,NA,32000,0.15530303030303,0.568181818181818,0.280179674340258,0.0930232558139535,0.970779220779221,0,0,0,0.999999999999995,"Franklin",FALSE,"2020-2024"
"12958",120,103,825,0.145454545454545,NA,0,63977,NA,NA,0.583333333333333,0.583333333333333,0.101806239737274,0.0343601895734597,0.583333333333333,0,0,0,1,"Clinton",FALSE,"2020-2024"
"12959",23,37,862,0.0266821345707657,NA,0,54981,NA,NA,0,1,0.0971112476951444,0.0327455919395466,1,0,0,0,1,"Clinton",FALSE,"2020-2024"
"12960",91,105,513,0.177387914230019,850,0,64702,78302,34000,0.131868131868132,0.131868131868132,0.0218722659667542,0,1,0,0,0,1,"Essex",FALSE,"2020-2024"
"12961",0,14,11,0,NA,NA,NA,NA,NA,NA,NA,0,0,NA,NA,NA,NA,0.999999999999979,"Essex",FALSE,"2020-2024"
"12962",412,194,2497,0.164997997597117,1064,0,77847,77500,42560,0.0728155339805825,0.274271844660194,0.115316590024761,0.00796495420151334,0.813106796116505,0,0,0,1.00000000000003,"Clinton",FALSE,"2020-2024"
"12964",4,5,35,0.114285714285714,NA,0,99688,NA,NA,1,1,0.232876712328767,0.272727272727273,1,0,0,0,1,"Essex",FALSE,"2020-2024"
"12965",16,12,161,0.0993788819875776,NA,0,66477,NA,NA,0,0,0.143250688705234,0.0209424083769634,1,0,0,0,0.999999999999989,"St. Lawrence",FALSE,"2020-2024"
"12966",108,54,1127,0.095829636202307,889,0,65893,29667,35560,0.428571428571429,0.511904761904762,0.133819018404908,0.0264900662251656,0.935185185185185,0,0,0,0.999999999999996,"Franklin",FALSE,"2020-2024"
"12967",55,30,417,0.13189448441247,838,0,75781,NA,33520,0.418181818181818,0.618181818181818,0.115015974440895,0.00919117647058824,0.836363636363636,0,0,0.109090909090909,0.999999999999995,"St. Lawrence",FALSE,"2020-2024"
"12969",34,32,150,0.226666666666667,NA,0,65469,73750,NA,0,0.0357142857142857,0.121863799283154,0.293333333333333,1,0,0,0,1,"Franklin",FALSE,"2020-2024"
"12970",78,38,218,0.357798165137615,1034,0,84250,98333,41360,0,0,0.0387931034482759,0.0922509225092251,1,0,0,0,0.999999999999998,"Franklin",FALSE,"2020-2024"
"12972",400,147,2733,0.146359312111233,1057,0.0338164251207729,125373,45179,42280,0.164021164021164,0.518518518518518,0.0882096069868996,0.0136411332633788,0.8075,0.1775,0,0,0.999999999999998,"Clinton",FALSE,"2020-2024"
"12973",0,14,62,0,NA,NA,104091,NA,NA,NA,NA,0.0909090909090909,0.0853658536585366,NA,NA,NA,NA,0.999999999999994,"St. Lawrence",FALSE,"2020-2024"
"12974",247,136,863,0.286210892236385,791,0,47278,12379,31640,0.3625,0.6875,0.308596165739023,0.0402542372881356,0.959514170040486,0,0.0283400809716599,0,1.00000000000002,"Essex",FALSE,"2020-2024"
"12975",13,15,64,0.203125,1047,0,NA,76750,41880,0,0.153846153846154,0,0,0.538461538461538,0,0,0,1.00000000000001,"Essex",FALSE,"2020-2024"
"12976",17,23,87,0.195402298850575,NA,0,61406,NA,NA,0,1,0.0802919708029197,0,1,0,0,0,1.00000000000001,"Franklin",FALSE,"2020-2024"
"12977",0,14,10,0,NA,NA,NA,NA,NA,NA,NA,0,0,NA,NA,NA,NA,1.00000000000006,"Essex",FALSE,"2020-2024"
"12978",6,9,118,0.0508474576271186,NA,0,98958,NA,NA,NA,NA,0.0735294117647059,0,0,0,0,0,0.999999999999959,"Clinton",FALSE,"2020-2024"
"12979",479,150,1192,0.401845637583893,737,0,45850,24153,29480,0.10761154855643,0.511811023622047,0.120486815415821,0.051438535309503,0.951983298538622,0,0,0.0438413361169102,0.999999999999945,"Clinton",FALSE,"2020-2024"
"12980",79,36,520,0.151923076923077,678,0,60938,26563,27120,0.164556962025316,0.379746835443038,0.107906976744186,0.107368421052632,0.848101265822785,0,0,0,1,"Franklin",FALSE,"2020-2024"
"12981",69,62,819,0.0842490842490843,901,0,76450,NA,36040,0,0.202898550724638,0.193891102257636,0,0.710144927536232,0,0,0.289855072463768,0.999999999999998,"Clinton",FALSE,"2020-2024"
"12983",1555,229,3641,0.427080472397693,872,0.00128452151573539,65985,48057,34880,0.121010638297872,0.332446808510638,0.143861622837857,0.028792322047454,0.913183279742765,0,0.00257234726688103,0.0334405144694534,1.00000000000001,"Franklin",FALSE,"2020-2024"
"12985",56,70,364,0.153846153846154,NA,0,76090,19056,NA,1,1,0.141721854304636,0.0261627906976744,1,0,0,0,1.00000000000001,"Clinton",FALSE,"2020-2024"
"12986",637,173,2335,0.272805139186296,790,0.0548961424332344,67883,42868,31600,0.0325497287522604,0.244122965641953,0.168761904761905,0.0204578665367755,0.959183673469388,0,0,0.0156985871271586,1.00000000000001,"Franklin",FALSE,"2020-2024"
"12987",4,7,70,0.0571428571428571,NA,0,127083,NA,NA,0,0,0.352941176470588,0,1,0,0,0,1.00000000000001,"Essex",FALSE,"2020-2024"
"12989",57,31,539,0.105751391465677,675,0,84464,55250,27000,0.289473684210526,0.289473684210526,0.185219831618335,0.037328094302554,0.894736842105263,0,0,0,0.999999999999996,"Franklin",FALSE,"2020-2024"
"12992",409,196,1930,0.211917098445596,930,0,82685,NA,37200,0.0459363957597173,0.303886925795053,0.0802374148164432,0.0374592833876222,1,0,0,0,0.999999999999998,"Clinton",FALSE,"2020-2024"
"12993",149,51,847,0.175914994096812,940,0.0314465408805031,80139,55054,37600,0.295454545454545,0.303030303030303,0.0931321540062435,0.105263157894737,0.906040268456376,0,0,0,1,"Essex",FALSE,"2020-2024"
"12996",136,69,875,0.155428571428571,720,0.291666666666667,69766,NA,28800,0.357894736842105,0.610526315789474,0.121387283236994,0.0203644158628081,0.904411764705882,0,0,0.0588235294117647,1.00000000000001,"Essex",FALSE,"2020-2024"
"12997",103,42,514,0.200389105058366,1063,0,82344,48068,42520,0.216867469879518,0.265060240963855,0.0399680255795364,0,0.815533980582524,0,0,0.0776699029126214,1,"Essex",FALSE,"2020-2024"
"12998",24,39,145,0.16551724137931,NA,0,NA,NA,NA,NA,NA,0.087719298245614,0.096045197740113,1,0,0,0,0.999999999999939,"Essex",FALSE,"2020-2024"
"13020",4,7,35,0.114285714285714,NA,0,92813,NA,NA,0,0,0.0581395348837209,0,1,0,0,0,0.999999999999962,"Onondaga",FALSE,"2020-2024"
"13021",6461,514,17093,0.377990990463933,911,0.0378394420537172,60712,33260,36440,0.238048299655002,0.539510432068342,0.151648836439837,0.0432429447175126,0.844760872929887,0.0594335242222566,0.0100603621730382,0.0297167621111283,1,"Cayuga",FALSE,"2020-2024"
"13024",0,14,0,NA,NA,NA,NA,NA,NA,NA,NA,NA,NA,NA,NA,NA,NA,1.00000000000006,"Cayuga",FALSE,"2020-2024"
"13026",132,53,512,0.2578125,1259,0.11038961038961,96324,78750,50360,0,0.0891089108910891,0.0535420098846787,0.0347448425624321,0.909090909090909,0,0,0.0833333333333333,0.999999999999986,"Cayuga",FALSE,"2020-2024"
"13027",4695,412,15184,0.309207060063224,1252,0.00315258511979823,91797,49832,50080,0.229284164859002,0.526681127982646,0.0657347073513793,0.0338495928468785,0.847071352502662,0.0487752928647497,0.0170394036208733,0.0276890308839191,1.00000000000002,"Onondaga",FALSE,"2020-2024"
"13028",48,68,387,0.124031007751938,NA,0,61645,NA,NA,NA,NA,0.348090277777778,0.0135135135135135,1,0,0,0,0.999999999999999,"Oswego",FALSE,"2020-2024"
"13029",658,272,3081,0.213567023693606,833,0.116778523489933,103878,NA,33320,0.251004016064257,0.5,0.148078975453575,0.0605985654217165,0.870820668693009,0.129179331306991,0,0,1.00000000000002,"Onondaga",FALSE,"2020-2024"
"13030",189,96,1460,0.129452054794521,798,0,68306,38417,31920,0.0121951219512195,0.323170731707317,0.0817240414217744,0.0543130990415335,0.814814814814815,0.0105820105820106,0,0.185185185185185,1.00000000000003,"Madison",FALSE,"2020-2024"
"13031",1697,294,7255,0.233907649896623,1345,0.00702165008777063,88224,43255,53800,0.240384615384615,0.538461538461538,0.0591610117211598,0.032258064516129,0.886859163229228,0.0176782557454331,0.0106069534472599,0.0329994107248085,1.00000000000001,"Onondaga",FALSE,"2020-2024"
"13032",981,163,5381,0.182308121167069,945,0.0258192651439921,81171,42560,37800,0.240761478163494,0.384098544232923,0.0841530054644809,0.0468471389204085,0.960244648318043,0.0193679918450561,0.00305810397553517,0.0091743119266055,1,"Madison",FALSE,"2020-2024"
"13033",164,53,1347,0.121752041573868,920,0,93092,73621,36800,0.102362204724409,0.173228346456693,0.0713900862068965,0.0527983104540655,0.810975609756098,0,0,0.128048780487805,1.00000000000001,"Cayuga",FALSE,"2020-2024"
"13034",96,38,787,0.121982210927573,1125,0,104154,NA,45000,0.365079365079365,0.650793650793651,0.0661728395061728,0.0414593698175788,0.9375,0,0,0.0520833333333333,0.999999999999999,"Cayuga",FALSE,"2020-2024"
"13035",533,103,3274,0.162797800855223,1244,0.0344202898550725,109394,43203,49760,0.171306209850107,0.513918629550321,0.050411249668347,0.0444342647732478,0.917448405253283,0.0375234521575985,0.0206378986866792,0.0225140712945591,0.999999999999997,"Madison",FALSE,"2020-2024"
"13036",828,207,3607,0.229553645688938,927,0.0258823529411765,83648,38707,37080,0.207349081364829,0.476377952755905,0.085349862915723,0.0796855078623034,0.958937198067633,0,0,0.0217391304347826,1,"Oswego",FALSE,"2020-2024"
"13037",835,159,3838,0.217561229807191,819,0,83963,32026,32760,0.364109232769831,0.522756827048114,0.0946031079378412,0.0404894327030033,0.950898203592814,0,0,0.00359281437125748,1.00000000000002,"Madison",FALSE,"2020-2024"
"13039",1172,290,7000,0.167428571428571,1118,0,107500,41048,44720,0.271698113207547,0.585849056603774,0.0832046561349329,0.0330509360945508,0.976962457337884,0,0,0.023037542662116,0.999999999999994,"Onondaga",FALSE,"2020-2024"
"13040",193,68,998,0.193386773547094,908,0.0631067961165049,70167,NA,36320,0.352941176470588,0.638655462184874,0.12626656274357,0.0751104565537555,0.968911917098446,0,0,0.0103626943005181,1.00000000000001,"Cortland",FALSE,"2020-2024"
"13041",475,170,4576,0.103802447552448,1570,0,120188,39923,62800,0.366292134831461,0.568539325842697,0.0226936359151455,0.0466715435259693,0.987368421052632,0,0.0126315789473684,0,1,"Onondaga",FALSE,"2020-2024"
"13042",53,32,821,0.0645554202192448,1163,0.231884057971014,86587,NA,46520,0.31578947368421,0.473684210526316,0.0642857142857143,0.0677339901477833,0.867924528301887,0,0,0,0.999999999999988,"Oneida",FALSE,"2020-2024"
"13044",69,75,1043,0.0661553211888782,891,0.330097087378641,64313,NA,35640,0.0144927536231884,0.0144927536231884,0.131417624521073,0.0879043600562588,0.927536231884058,0,0,0,0.999999999999991,"Oswego",FALSE,"2020-2024"
"13045",4749,442,11397,0.416688602263754,981,0.052285050348567,69961,39951,39240,0.331698617922425,0.499777084262149,0.154724567752312,0.040037493304767,0.851968835544325,0.0393767108865024,0.00989682038323858,0.0791745630659086,1.00000000000001,"Cortland",FALSE,"2020-2024"
"13051",0,14,18,0,NA,NA,NA,NA,NA,NA,NA,0,0,NA,NA,NA,NA,1.00000000000007,"Onondaga",FALSE,"2020-2024"
"13052",121,30,703,0.172119487908962,663,0,76750,33750,26520,0.160714285714286,0.5,0.076748152359295,0.0201421800947867,0.826446280991736,0,0,0.140495867768595,1.00000000000001,"Madison",FALSE,"2020-2024"
"13053",613,140,1962,0.31243628950051,895,0,83021,24750,35800,0.420959147424512,0.625222024866785,0.187237026647966,0.0623916811091854,0.918433931484502,0.00815660685154975,0,0.068515497553018,1.00000000000001,"Tompkins",FALSE,"2020-2024"
"13054",53,27,472,0.11228813559322,595,0.0363636363636364,94100,23625,23800,0.341463414634146,0.439024390243902,0.0488721804511278,0.0170278637770898,0.962264150943396,0,0,0,0.999999999999974,"Oneida",FALSE,"2020-2024"
"13057",1528,289,6376,0.239648682559599,1023,0.00953591862682772,80900,47646,40920,0.175192711983182,0.395234758234057,0.0753009902400798,0.0360313987903745,0.856020942408377,0.0425392670157068,0.0229057591623037,0.0536649214659686,1,"Onondaga",FALSE,"2020-2024"
"13060",147,77,1222,0.120294599018003,921,0,64448,78074,36840,0,0.126315789473684,0.130275229357798,0.0246020260492041,0.972789115646258,0,0,0,1.00000000000001,"Onondaga",FALSE,"2020-2024"
"13061",40,32,340,0.117647058823529,779,0,75250,37143,31160,0,0.0789473684210526,0.0733532934131736,0.0290697674418605,1,0,0,0,0.999999999999999,"Madison",FALSE,"2020-2024"
"13062",31,34,98,0.316326530612245,NA,0,NA,NA,NA,0.451612903225806,0.451612903225806,0.215384615384615,0,1,0,0,0,1.00000000000001,"Tompkins",FALSE,"2020-2024"
"13063",82,38,804,0.101990049751244,895,0.0681818181818182,84063,53750,35800,0.147540983606557,0.278688524590164,0.0474722564734895,0.0632768361581921,0.670731707317073,0,0,0.268292682926829,0.999999999999996,"Onondaga",FALSE,"2020-2024"
"13065",0,14,40,0,NA,NA,NA,NA,NA,NA,NA,0,0,NA,NA,NA,NA,1.00000000000001,"Seneca",FALSE,"2020-2024"
"13066",992,231,5368,0.184798807749627,1222,0.0353901996370236,122088,72866,48880,0.319123020706456,0.492082825822168,0.0637447012716948,0.0188231572287251,0.883064516129032,0.0675403225806452,0,0,0.999999999999999,"Onondaga",FALSE,"2020-2024"
"13068",664,147,1935,0.343152454780362,1166,0.003003003003003,80043,60962,46640,0.182527301092044,0.330733229329173,0.0856316725978648,0.0453678993518872,0.938253012048193,0,0.0120481927710843,0.0150602409638554,1,"Tompkins",FALSE,"2020-2024"
"13069",3204,415,9573,0.334691319335631,926,0.0317316409791478,63113,38919,37040,0.289256198347107,0.487603305785124,0.193312017053024,0.0483236561153774,0.897315855181024,0.0181023720349563,0,0.047752808988764,1.00000000000001,"Oswego",FALSE,"2020-2024"
"13071",54,26,285,0.189473684210526,1261,0.15625,85972,63750,50440,0.105263157894737,0.184210526315789,0.0665829145728643,0.0169491525423729,0.537037037037037,0,0,0.203703703703704,1,"Cayuga",FALSE,"2020-2024"
"13072",63,30,338,0.186390532544379,797,0,48611,35804,31880,0.0476190476190476,0.261904761904762,0.177377892030848,0.0223463687150838,1,0,0,0,1.00000000000001,"Madison",FALSE,"2020-2024"
"13073",657,174,2570,0.255642023346303,1095,0,71452,44158,43800,0.37258064516129,0.45,0.0857621440536013,0.0323091542603738,0.905631659056317,0,0,0.0350076103500761,0.999999999999997,"Tompkins",FALSE,"2020-2024"
"13074",282,97,1712,0.164719626168224,1212,0,81563,61250,48480,0.1931330472103,0.373390557939914,0.146642712777903,0.051098376313276,0.925531914893617,0,0,0,1.00000000000001,"Oswego",FALSE,"2020-2024"
"13076",76,68,1084,0.0701107011070111,642,0,95889,90125,25680,0.164179104477612,0.164179104477612,0.120950323974082,0.0264248704663212,0.763157894736842,0,0.0921052631578947,0,1.00000000000001,"Oswego",FALSE,"2020-2024"
"13077",753,201,3006,0.250499001996008,1207,0,72266,43869,48280,0.160179640718563,0.630239520958084,0.0589430894308943,0.0378513776788199,0.962815405046481,0,0.0345285524568393,0,1.00000000000001,"Cortland",FALSE,"2020-2024"
"13078",559,142,3765,0.148472775564409,1140,0,119191,82584,45600,0.289205702647658,0.466395112016293,0.0560650270946228,0.0703741152679474,0.813953488372093,0,0.114490161001789,0,1.00000000000001,"Onondaga",FALSE,"2020-2024"
"13080",236,67,1409,0.16749467707594,793,0.040650406504065,83882,24583,31720,0.141242937853107,0.412429378531073,0.104689863842663,0.0117647058823529,0.741525423728814,0.0847457627118644,0,0.0974576271186441,1.00000000000002,"Onondaga",FALSE,"2020-2024"
"13081",80,34,515,0.155339805825243,1482,0,93558,65781,59280,0.328358208955224,0.388059701492537,0.0668449197860963,0.0117056856187291,0.9625,0,0.0375,0,1,"Cayuga",FALSE,"2020-2024"
"13082",139,57,1777,0.0782217220033765,631,0.0441988950276243,82964,NA,25240,0.208791208791209,0.274725274725275,0.0778859527121001,0.0668414154652687,0.942446043165468,0.0431654676258993,0,0,1.00000000000002,"Madison",FALSE,"2020-2024"
"13083",145,47,744,0.19489247311828,881,0.0822784810126582,71667,30341,35240,0.527777777777778,0.648148148148148,0.201749589939858,0.0739957716701903,0.986206896551724,0,0,0,1,"Oswego",FALSE,"2020-2024"
"13084",401,154,1682,0.238406658739596,1315,0,91389,83257,52600,0.0353535353535354,0.151515151515152,0.0526822227567958,0.0444546287809349,0.892768079800499,0,0,0.107231920199501,1,"Onondaga",FALSE,"2020-2024"
"13087",0,14,61,0,NA,NA,97125,NA,NA,NA,NA,0.172413793103448,0,NA,NA,NA,NA,0.999999999999943,"Cortland",FALSE,"2020-2024"
"13088",4535,466,11010,0.411898274296094,1157,0.0207298639602678,75378,64370,46280,0.193436561127802,0.348509359833603,0.0837729962838923,0.0521429163557987,0.767364939360529,0.0721058434399118,0.0423373759647188,0.0758544652701213,1.00000000000001,"Onondaga",FALSE,"2020-2024"
"13090",4020,422,12530,0.320830007980846,1382,0.0173551698851137,88492,63200,55280,0.190439075084438,0.432320083138478,0.108437077365884,0.0293893614320173,0.709203980099502,0.156716417910448,0.0124378109452736,0.0539800995024876,1,"Onondaga",FALSE,"2020-2024"
"13092",177,53,984,0.179878048780488,1183,0,78056,63051,47320,0.18,0.313333333333333,0.193368107302534,0.00367376928728876,0.937853107344633,0,0,0.0169491525423729,0.999999999999993,"Cayuga",FALSE,"2020-2024"
"13101",194,84,996,0.194779116465863,1042,0,63587,51458,41680,0.181318681318681,0.379120879120879,0.0926086956521739,0.0184696569920844,0.963917525773196,0,0,0.0257731958762887,1.00000000000001,"Cortland",FALSE,"2020-2024"
"13102",0,14,17,0,NA,NA,NA,NA,NA,NA,NA,0,0,NA,NA,NA,NA,1.00000000000057,"Tompkins",FALSE,"2020-2024"
"13103",20,18,100,0.2,1643,0,80000,NA,65720,0.3,0.55,0.0491071428571429,0.393939393939394,1,0,0,0,1.00000000000002,"Oswego",FALSE,"2020-2024"
"13104",1227,247,6584,0.186360874848117,1079,0,127933,48274,43160,0.1953125,0.491319444444444,0.0540742121946672,0.0390559482448784,0.832925835370823,0.0863895680521597,0.045639771801141,0.0285248573757131,1,"Onondaga",FALSE,"2020-2024"
"13108",544,140,2767,0.196602818937477,1077,0,94327,56111,43080,0.16195856873823,0.382297551789077,0.0497291974396849,0.0681528662420382,0.957720588235294,0,0.00551470588235294,0.0128676470588235,0.99999999999999,"Onondaga",FALSE,"2020-2024"
"13110",118,58,1020,0.115686274509804,1024,0.151079136690647,93438,NA,40960,0.204545454545455,0.295454545454545,0.0633831247476786,0.0292921074043938,0.703389830508475,0,0,0.110169491525424,0.999999999999989,"Onondaga",FALSE,"2020-2024"
"13111",32,29,565,0.0566371681415929,967,0,59063,68750,38680,0.28125,0.28125,0.155160628844839,0.0702402957486137,0.71875,0,0,0,1,"Cayuga",FALSE,"2020-2024"
"13112",85,81,771,0.110246433203632,1127,0,96615,28880,45080,0.105882352941176,0.905882352941176,0.104672897196262,0.00799289520426288,0.905882352941176,0,0,0,1,"Onondaga",FALSE,"2020-2024"
"13113",7,9,31,0.225806451612903,NA,0,35313,NA,NA,1,1,0.375,0,1,0,0,0,0.999999999999794,"Cayuga",FALSE,"2020-2024"
"13114",578,173,3032,0.190633245382586,895,0.0350584307178631,65561,47153,35800,0.151785714285714,0.357142857142857,0.154201034530966,0.0322195704057279,0.984429065743945,0,0,0.00519031141868512,1,"Oswego",FALSE,"2020-2024"
"13115",3,5,46,0.0652173913043478,NA,0,72857,NA,NA,0,0,0.133858267716535,0.025,1,0,0,0,1,"Oswego",FALSE,"2020-2024"
"13116",241,104,1471,0.163834126444596,1027,0,95506,44241,41080,0.199029126213592,0.45631067961165,0.0444633248371566,0.139978213507625,0.925311203319502,0.0746887966804979,0,0,1.00000000000002,"Onondaga",FALSE,"2020-2024"
"13117",15,18,47,0.319148936170213,583,0,63250,NA,23320,0,0.733333333333333,0.0757575757575758,0,1,0,0,0,0.999999999999958,"Cayuga",FALSE,"2020-2024"
"13118",392,81,2117,0.185167690127539,847,0.0462287104622871,67651,41923,33880,0.188679245283019,0.540880503144654,0.122867587327376,0.0491017964071856,0.941326530612245,0,0.038265306122449,0,1,"Cayuga",FALSE,"2020-2024"
"13119",0,14,0,NA,NA,NA,NA,NA,NA,NA,NA,NA,NA,NA,NA,NA,NA,0.999999999999868,"Onondaga",FALSE,"2020-2024"
"13120",86,43,702,0.122507122507123,1170,0,55682,48250,46800,0,0.23943661971831,0.0955021565003081,0.0747986191024166,0.732558139534884,0.0581395348837209,0,0,0.999999999999996,"Onondaga",FALSE,"2020-2024"
"13121",0,14,0,NA,NA,NA,NA,NA,NA,NA,NA,NA,NA,NA,NA,NA,NA,1.00000000000007,"Oswego",FALSE,"2020-2024"
"13122",66,37,596,0.110738255033557,NA,0,81500,70000,NA,0.0983606557377049,0.0983606557377049,0.035799522673031,0.0433639947437582,0.863636363636364,0,0,0,0.999999999999996,"Madison",FALSE,"2020-2024"
"13123",0,14,65,0,NA,NA,NA,NA,NA,NA,NA,0,NA,NA,NA,NA,NA,1.00000000000001,"Oneida",FALSE,"2020-2024"
"13124",3,5,40,0.075,NA,0,90000,NA,NA,0,0,0.0340909090909091,0.03125,1,0,0,0,1.00000000000001,"Chenango",FALSE,"2020-2024"
"13126",4693,410,13599,0.345098904331201,1064,0.061212477928193,65346,37985,42560,0.302095066456409,0.570173462491552,0.168488302903135,0.0880535238419232,0.881312593223951,0.0287662476028127,0.008736415938632,0.0522054123162156,0.99999999999999,"Oswego",FALSE,"2020-2024"
"13131",214,79,1183,0.180896027049873,888,0.036036036036036,70286,40227,35520,0.0754716981132075,0.364779874213836,0.139792634966035,0.0864285714285714,0.953271028037383,0,0,0.0327102803738318,0.999999999999992,"Oswego",FALSE,"2020-2024"
"13132",150,87,1773,0.0846023688663283,1278,0,72473,NA,51120,0.382352941176471,0.549019607843137,0.163265306122449,0.0420932878270762,0.94,0,0,0,0.999999999999996,"Oswego",FALSE,"2020-2024"
"13134",0,14,17,0,NA,NA,72188,NA,NA,NA,NA,0.0884955752212389,0,NA,NA,NA,NA,1.00000000000013,"Madison",FALSE,"2020-2024"
"13135",668,142,2556,0.261345852895149,943,0.0401662049861496,87041,28558,37720,0.316062176165803,0.556131260794473,0.136208501396215,0.0492365222810845,0.901197604790419,0,0,0.031437125748503,1.00000000000002,"Oswego",FALSE,"2020-2024"
"13136",31,17,188,0.164893617021277,983,0,51667,77917,39320,0.0384615384615385,0.307692307692308,0.160098522167488,0.0384615384615385,1,0,0,0,0.999999999999997,"Chenango",FALSE,"2020-2024"
"13138",0,14,58,0,NA,NA,95083,NA,NA,NA,NA,0.032258064516129,0.230769230769231,NA,NA,NA,NA,1.00000000000014,"Onondaga",FALSE,"2020-2024"
"13140",322,73,1600,0.20125,1011,0,61977,38333,40440,0.357142857142857,0.530612244897959,0.171002778479414,0.036741214057508,0.950310559006211,0,0,0,0.999999999999989,"Cayuga",FALSE,"2020-2024"
"13141",23,15,241,0.0954356846473029,1107,0,80208,NA,44280,0.3,0.5,0.0170015455950541,0.00664451827242525,1,0,0,0,1.00000000000008,"Cortland",FALSE,"2020-2024"
"13142",780,135,2628,0.296803652968037,881,0.0812720848056537,73854,32727,35240,0.192012288786482,0.43010752688172,0.161536020311012,0.0833055648117294,0.964102564102564,0.0192307692307692,0.00641025641025641,0,0.999999999999998,"Oswego",FALSE,"2020-2024"
"13143",85,37,911,0.0933040614709111,1146,0,61674,34097,45840,0.169230769230769,0.661538461538462,0.185381788485096,0.0481036077705828,0.929411764705882,0,0,0.0705882352941176,1,"Wayne",FALSE,"2020-2024"
"13144",50,54,465,0.10752688172043,773,0,64073,19394,30920,0,0.86,0.201158940397351,0.0606741573033708,0.88,0,0,0,1.00000000000002,"Oswego",FALSE,"2020-2024"
"13145",302,119,886,0.340857787810384,785,0.0258064516129032,60625,28404,31400,0.388888888888889,0.650793650793651,0.207100591715976,0.145833333333333,0.97682119205298,0,0,0.0231788079470199,0.999999999999997,"Oswego",FALSE,"2020-2024"
"13146",152,66,756,0.201058201058201,747,0,61842,49815,29880,0.152777777777778,0.409722222222222,0.0704633204633205,0.0949367088607595,0.953947368421053,0,0,0.0263157894736842,1.00000000000001,"Wayne",FALSE,"2020-2024"
"13147",96,46,433,0.221709006928406,873,0,74934,47500,34920,0,0.138888888888889,0.18042071197411,0.0111111111111111,0.5,0,0,0.5,1,"Cayuga",FALSE,"2020-2024"
"13148",1614,260,4816,0.335132890365449,964,0.0375,65313,36234,38560,0.239690721649485,0.424613402061856,0.159527186761229,0.0441012281354671,0.877942998760843,0.0285006195786865,0,0.0415117719950434,0.999999999999998,"Seneca",FALSE,"2020-2024"
"13152",636,143,3352,0.189737470167064,1324,0,104211,54444,52960,0.158273381294964,0.348920863309353,0.0838070059484468,0.0135593220338983,0.900943396226415,0,0.020440251572327,0.0377358490566038,1,"Onondaga",FALSE,"2020-2024"
"13153",0,14,135,0,NA,NA,158688,NA,NA,NA,NA,0,0.045643153526971,NA,NA,NA,NA,0.999999999999989,"Onondaga",FALSE,"2020-2024"
"13154",0,14,29,0,NA,NA,NA,NA,NA,NA,NA,0,0,NA,NA,NA,NA,1,"Wayne",FALSE,"2020-2024"
"13155",50,27,266,0.18796992481203,913,0,66563,51250,36520,0.264705882352941,0.5,0.10762331838565,0.121293800539084,1,0,0,0,0.999999999999993,"Chenango",FALSE,"2020-2024"
"13156",125,63,985,0.126903553299492,582,0,64063,29583,23280,0.266666666666667,0.4,0.100046533271289,0.030623020063358,0.864,0,0,0.04,0.999999999999989,"Cayuga",FALSE,"2020-2024"
"13157",111,67,321,0.345794392523364,1000,0.0826446280991736,45481,35240,40000,0.4375,0.4375,0.126654064272212,0.0974729241877256,1,0,0,0,1.00000000000006,"Oneida",FALSE,"2020-2024"
"13158",104,40,488,0.213114754098361,876,0,85208,60000,35040,0.012987012987013,0.363636363636364,0.0780608052588332,0.0316546762589928,0.961538461538462,0,0,0,0.99999999999999,"Cortland",FALSE,"2020-2024"
"13159",279,60,2065,0.135108958837772,1104,0.0668896321070234,101250,42411,44160,0.15450643776824,0.347639484978541,0.0785824345146379,0.0388768898488121,0.849462365591398,0,0.010752688172043,0.0716845878136201,0.999999999999997,"Onondaga",FALSE,"2020-2024"
"13160",246,87,900,0.273333333333333,1089,0,86029,54884,43560,0.0613207547169811,0.0943396226415094,0.0838198498748957,0.0519262981574539,0.626016260162602,0.154471544715447,0,0.195121951219512,0.999999999999998,"Cayuga",FALSE,"2020-2024"
"13162",3,6,135,0.0222222222222222,NA,0.863636363636364,NA,NA,NA,0,0,0.243523316062176,0,1,0,0,0,1.00000000000001,"Oneida",FALSE,"2020-2024"
"13163",0,14,110,0,NA,NA,78125,NA,NA,NA,NA,0.117903930131004,0.0740740740740741,NA,NA,NA,NA,1.00000000000003,"Madison",FALSE,"2020-2024"
"13164",160,101,984,0.16260162601626,1033,0,84808,42877,41320,0.34375,0.78125,0.0666436464088398,0.0154220779220779,1,0,0,0,1.00000000000001,"Onondaga",FALSE,"2020-2024"
"13165",1356,226,4355,0.311366245694604,929,0.06353591160221,59981,49097,37160,0.156429156429156,0.451269451269451,0.105695450124284,0.062938646139914,0.797197640117994,0.0368731563421829,0,0.117994100294985,1,"Seneca",FALSE,"2020-2024"
"13166",490,159,2366,0.207100591715976,1104,0.0277777777777778,78108,46569,44160,0.266112266112266,0.444906444906445,0.140338379341051,0.0208824520040418,0.975510204081633,0,0,0.0163265306122449,1.00000000000001,"Cayuga",FALSE,"2020-2024"
"13167",123,56,1320,0.0931818181818182,1154,0,85294,NA,46160,0.110169491525424,0.38135593220339,0.0686641697877653,0.0384615384615385,1,0,0,0,0.999999999999989,"Oswego",FALSE,"2020-2024"
"13202",3089,328,3396,0.909599528857479,931,0.0212632895559725,27000,26356,37240,0.278399457443201,0.438792811122414,0.563755254553947,0.0869977855109143,0.348332793784396,0.396568468760117,0.0815797992877954,0.174166396892198,1.00000000000007,"Onondaga",FALSE,"2020-2024"
"13203",4942,519,7745,0.638089089735313,984,0.0752708255509899,46997,31969,39360,0.337864077669903,0.539374325782093,0.274272002075362,0.0880626223091976,0.556859571023877,0.227842978551194,0.0437070012140834,0.0926750303520842,0.99999999999997,"Onondaga",FALSE,"2020-2024"
"13204",6348,401,8970,0.707692307692308,1083,0.0163656013586537,45351,37978,43320,0.344810379241517,0.521290751829674,0.326284920512425,0.0808178120316849,0.484404536862004,0.286074354127284,0.0118147448015123,0.151858853182105,1,"Onondaga",FALSE,"2020-2024"
"13205",4021,456,7402,0.543231559038098,993,0.0912994350282486,38497,26019,39720,0.354838709677419,0.61743535057318,0.315460785416901,0.0935672514619883,0.414822183536434,0.394677940810744,0.0278537677194728,0.0668987813976623,0.99999999999998,"Onondaga",FALSE,"2020-2024"
"13206",3354,525,7893,0.424933485366781,972,0.0255665310865776,63136,43642,38880,0.224806201550388,0.464806201550388,0.111090272568142,0.0496949528563505,0.69886702444842,0.149970184853906,0.0166964818127609,0.0429338103756708,0.999999999999993,"Onondaga",FALSE,"2020-2024"
"13207",1805,288,5356,0.337005227781927,1142,0.0502851218247797,60720,37588,45680,0.360198388096714,0.546807191568506,0.236308894132964,0.0627171646977067,0.300831024930748,0.493074792243767,0.0188365650969529,0.170637119113573,0.999999999999996,"Onondaga",FALSE,"2020-2024"
"13208",4629,522,9111,0.508067171550873,1037,0.0121925583350851,44712,29989,41480,0.338595664467484,0.601790763430726,0.325493270612832,0.0874987724639104,0.490602721970188,0.288831281054223,0.0637286670987254,0.101317779217974,0.999999999999998,"Onondaga",FALSE,"2020-2024"
"13209",1742,250,5876,0.29646017699115,994,0.0100902814657461,68138,47792,39760,0.130434782608696,0.362732919254658,0.0739342457133868,0.0676585747846515,0.777267508610792,0.0752009184845006,0.0126291618828932,0.167623421354765,0.999999999999993,"Onondaga",FALSE,"2020-2024"
"13210",6011,501,8515,0.705930710510863,1123,0.0815836832633473,41738,30772,44920,0.409042553191489,0.606560283687943,0.278894624962041,0.0576905522592424,0.492264182332391,0.262352354017634,0.132423889535851,0.0627183496922309,1,"Onondaga",FALSE,"2020-2024"
"13211",491,119,2556,0.192097026604069,1163,0,66724,46964,46520,0.19959266802444,0.409368635437882,0.15922107674685,0.052849129022734,0.835030549898167,0.0366598778004073,0.0631364562118126,0,0.999999999999996,"Onondaga",FALSE,"2020-2024"
"13212",2008,291,8926,0.224960788707148,1085,0,81085,43829,43400,0.277994428969359,0.485793871866295,0.107187767214929,0.0486815415821501,0.862549800796813,0.0443227091633466,0.0144422310756972,0.0268924302788845,1,"Onondaga",FALSE,"2020-2024"
"13214",977,248,3066,0.318656229615134,1141,0,98000,31922,45640,0.259176863181313,0.512791991101224,0.101343624928531,0.0555411367765378,0.520982599795292,0.33367451381781,0.0143295803480041,0.0552712384851586,0.999999999999947,"Onondaga",FALSE,"2020-2024"
"13215",994,195,5654,0.175804740007075,1343,0.0273972602739726,113864,55565,53720,0.266247379454927,0.506289308176101,0.0312820512820513,0.040667361835245,0.746478873239437,0.170020120724346,0,0.0311871227364185,1,"Onondaga",FALSE,"2020-2024"
"13219",869,182,6180,0.140614886731392,1094,0.038961038961039,85149,35559,43760,0.272058823529412,0.51593137254902,0.0707982903626086,0.0134922714173435,0.825086306098964,0.110471806674338,0.0115074798619102,0.0264672036823936,1.00000000000005,"Onondaga",FALSE,"2020-2024"
"13224",1326,222,3800,0.348947368421053,1006,0.0861474844934528,76500,29919,40240,0.334916864608076,0.588281868566904,0.164796633941094,0.0579488300896567,0.431372549019608,0.402714932126697,0.00452488687782805,0.1289592760181,0.999999999999969,"Onondaga",FALSE,"2020-2024"
"13244",13,13,13,1,NA,0.48,NA,NA,NA,0.538461538461538,0.538461538461538,0.291666666666667,0.169817927170868,1,0,0,0,0.999999999999934,"Onondaga",FALSE,"2020-2024"
"13290",0,14,0,NA,NA,NA,NA,NA,NA,NA,NA,NA,NA,NA,NA,NA,NA,1.00000000000004,"Onondaga",FALSE,"2020-2024"
"13301",0,14,39,0,NA,NA,126397,NA,NA,NA,NA,0.144927536231884,0,NA,NA,NA,NA,1.00000000000003,"Oneida",FALSE,"2020-2024"
"13302",118,38,579,0.203799654576857,925,0,55341,46324,37000,0.1,0.2,0.159813809154383,0.111607142857143,0.847457627118644,0,0,0,0.999999999999995,"Oswego",FALSE,"2020-2024"
"13303",75,37,563,0.133214920071048,973,0,89940,70655,38920,0.178082191780822,0.356164383561644,0.136460554371002,0.0337423312883436,1,0,0,0,0.999999999999996,"Oneida",FALSE,"2020-2024"
"13304",148,102,638,0.231974921630094,1297,0,108587,58962,51880,0.3359375,0.3359375,0.0937689050211736,0.027363184079602,1,0,0,0,1.00000000000001,"Oneida",FALSE,"2020-2024"
"13305",30,33,172,0.174418604651163,NA,0,NA,NA,NA,0.4,0.4,0.10969387755102,0.112820512820513,1,0,0,0,1.00000000000005,"Lewis",FALSE,"2020-2024"
"13308",309,141,1702,0.181551116333725,933,0,87651,32719,37320,0.374045801526718,0.526717557251908,0.147801196981525,0.0440331844288449,0.967637540453074,0,0.0258899676375405,0,1,"Oneida",FALSE,"2020-2024"
"13309",687,181,2558,0.268569194683346,814,0,74767,36838,32560,0.158730158730159,0.518518518518518,0.119089316987741,0.053085600530856,0.983988355167394,0,0,0.00582241630276565,1,"Oneida",FALSE,"2020-2024"
"13310",98,68,253,0.387351778656126,795,0,101250,NA,31800,0.526315789473684,0.526315789473684,0.0412844036697248,0,1,0,0,0,0.999999999999991,"Madison",FALSE,"2020-2024"
"13312",0,14,129,0,NA,NA,72266,NA,NA,NA,NA,0.0964912280701754,0,NA,NA,NA,NA,1,"Lewis",FALSE,"2020-2024"
"13313",76,52,272,0.279411764705882,735,0,36597,37083,29400,0,0.03125,0.220136518771331,0.06,0.5,0,0,0.447368421052632,0.999999999999964,"Oneida",FALSE,"2020-2024"
"13314",0,14,26,0,NA,NA,37000,NA,NA,NA,NA,0.542372881355932,0,NA,NA,NA,NA,1.00000000000006,"Madison",FALSE,"2020-2024"
"13315",70,44,486,0.1440329218107,NA,0,65921,16204,NA,0.220338983050847,0.35593220338983,0.160064672594988,0.0357142857142857,1,0,0,0,1,"Otsego",FALSE,"2020-2024"
"13316",375,91,2727,0.137513751375138,730,0.00793650793650794,66760,42813,29200,0.252906976744186,0.415697674418605,0.0846674368707708,0.0518335684062059,0.912,0,0.0213333333333333,0.0133333333333333,1.00000000000003,"Oneida",FALSE,"2020-2024"
"13317",238,65,1236,0.192556634304207,870,0.172185430463576,72500,35000,34800,0.213636363636364,0.504545454545455,0.0818486961012135,0.0267062314540059,0.773109243697479,0,0.0378151260504202,0.0420168067226891,0.999999999999999,"Montgomery",FALSE,"2020-2024"
"13318",21,15,362,0.0580110497237569,NA,0,84211,36964,NA,0.333333333333333,0.333333333333333,0.123734533183352,0.037117903930131,1,0,0,0,1,"Oneida",FALSE,"2020-2024"
"13319",66,53,196,0.336734693877551,680,0,73571,NA,27200,0,0,0,0,1,0,0,0,1.00000000000005,"Oneida",FALSE,"2020-2024"
"13320",43,23,750,0.0573333333333333,1125,0.258620689655172,86204,50625,45000,0.171428571428571,0.4,0.0956743002544529,0.04,0.72093023255814,0,0,0,1.00000000000001,"Otsego",FALSE,"2020-2024"
"13321",139,102,418,0.332535885167464,1027,0.054421768707483,68438,54948,41080,0,0.122302158273381,0.0472560975609756,0.0251396648044693,0.611510791366906,0.0575539568345324,0,0.330935251798561,0.999999999999996,"Oneida",FALSE,"2020-2024"
"13322",70,60,429,0.163170163170163,1595,0.0540540540540541,91369,62635,63800,0,0.833333333333333,0.0486348122866894,0.0495575221238938,1,0,0,0,1.00000000000001,"Herkimer",FALSE,"2020-2024"
"13323",1496,232,4489,0.3332590777456,1080,0.031210986267166,78224,59375,43200,0.0945945945945946,0.274537695590327,0.0709027069883339,0.0270063206282321,0.885026737967914,0,0.0053475935828877,0.108288770053476,1,"Oneida",FALSE,"2020-2024"
"13324",63,25,778,0.0809768637532134,808,0.0307692307692308,86176,NA,32320,0.475,0.475,0.089586969168121,0.0249671484888305,1,0,0,0,0.999999999999997,"Herkimer",FALSE,"2020-2024"
"13325",69,41,417,0.165467625899281,861,0.148148148148148,58750,40662,34440,0.107692307692308,0.169230769230769,0.174291938997821,0.0423162583518931,0.971014492753623,0,0,0,0.999999999999997,"Lewis",FALSE,"2020-2024"
"13326",489,111,1911,0.255886970172684,1184,0.0756143667296786,80040,68958,47360,0.189010989010989,0.257142857142857,0.082983682983683,0.0629887054735013,0.725971370143149,0,0.165644171779141,0.0633946830265849,1,"Otsego",FALSE,"2020-2024"
"13327",161,56,871,0.184845005740528,853,0.0122699386503067,66875,33917,34120,0.32824427480916,0.450381679389313,0.0857000498256104,0.0401267159450898,0.826086956521739,0.149068322981366,0,0,1,"Lewis",FALSE,"2020-2024"
"13328",42,28,560,0.075,1112,0,105000,57500,44480,0,0.363636363636364,0.0427154843630816,0.00666666666666667,1,0,0,0,0.99999999999999,"Oneida",FALSE,"2020-2024"
"13329",393,111,1381,0.284576393917451,839,0,60104,43472,33560,0.231607629427793,0.307901907356948,0.121007371007371,0.0284391534391534,0.928753180661578,0,0,0.0152671755725191,0.999999999999998,"Fulton",FALSE,"2020-2024"
"13331",4,8,102,0.0392156862745098,NA,0,61250,NA,NA,NA,NA,0,0,1,0,0,0,0.999999999999986,"Herkimer",FALSE,"2020-2024"
"13332",130,47,874,0.148741418764302,1194,0.121621621621622,79737,57931,47760,0.040983606557377,0.540983606557377,0.10360884749709,0.112531969309463,0.930769230769231,0,0,0.00769230769230769,0.999999999999997,"Madison",FALSE,"2020-2024"
"13333",6,6,23,0.260869565217391,NA,0,42813,NA,NA,0,0,0.0652173913043478,0.217391304347826,1,0,0,0,0.999999999999995,"Otsego",FALSE,"2020-2024"
"13334",81,63,480,0.16875,825,0,58125,40292,33000,0.0641025641025641,0.243589743589744,0.0693533270852859,0.0339702760084926,1,0,0,0,1,"Madison",FALSE,"2020-2024"
"13335",135,47,510,0.264705882352941,1007,0.15625,65000,55417,40280,0.162790697674419,0.333333333333333,0.244325767690254,0.0348432055749129,0.97037037037037,0,0,0.0296296296296296,0.999999999999992,"Otsego",FALSE,"2020-2024"
"13337",103,78,279,0.369175627240143,1335,0.27972027972028,99375,NA,53400,0,0.388349514563107,0,0.0364963503649635,1,0,0,0,1.00000000000002,"Otsego",FALSE,"2020-2024"
"13338",60,33,582,0.103092783505155,640,0,58333,30000,25600,0.2,0.366666666666667,0.1,0.00603621730382294,1,0,0,0,1.00000000000001,"Herkimer",FALSE,"2020-2024"
"13339",488,130,2354,0.207306711979609,867,0.115449915110357,56047,34431,34680,0.134663341645885,0.403990024937656,0.153228504516561,0.0161124442920809,0.940573770491803,0,0,0.0266393442622951,0.999999999999993,"Montgomery",FALSE,"2020-2024"
"13340",637,137,3295,0.193323216995448,907,0.030441400304414,69821,50698,36280,0.214920071047957,0.355239786856128,0.0668918918918919,0.0303638644918444,0.8712715855573,0.0235478806907378,0.00156985871271586,0.0235478806907378,0.999999999999998,"Herkimer",FALSE,"2020-2024"
"13342",2,5,86,0.0232558139534884,NA,0,83333,NA,NA,0,0,0.0156862745098039,0,1,0,0,0,1.00000000000002,"Otsego",FALSE,"2020-2024"
"13343",77,40,733,0.105047748976808,852,0,70478,NA,34080,0.419354838709677,0.661290322580645,0.115769712140175,0.0326481257557437,0.831168831168831,0,0,0,1.00000000000002,"Lewis",FALSE,"2020-2024"
"13345",23,14,113,0.20353982300885,NA,0,48750,NA,NA,0,0.615384615384615,0.23963133640553,0.175572519083969,1,0,0,0,0.999999999999975,"Lewis",FALSE,"2020-2024"
"13346",463,126,1686,0.274614472123369,1146,0,60600,39871,45840,0.204326923076923,0.418269230769231,0.127812781278128,0.0326365969930326,0.937365010799136,0.019438444924406,0.00431965442764579,0.0215982721382289,0.999999999999997,"Madison",FALSE,"2020-2024"
"13348",99,45,568,0.174295774647887,1064,0,80245,NA,42560,0.351063829787234,0.638297872340426,0.0844570617459191,0.175298804780877,1,0,0,0,1.00000000000001,"Otsego",FALSE,"2020-2024"
"13350",1675,297,4143,0.404296403572291,820,0.0301100173711639,56157,31577,32800,0.203655352480418,0.4588772845953,0.218492144229682,0.0490367775831874,0.901492537313433,0.0525373134328358,0.00716417910447761,0,0.999999999999997,"Herkimer",FALSE,"2020-2024"
"13352",0,14,11,0,NA,NA,NA,NA,NA,NA,NA,0,0,NA,NA,NA,NA,1.00000000000002,"Oneida",FALSE,"2020-2024"
"13353",5,5,38,0.131578947368421,NA,0,82000,NA,NA,0,0,0.0317460317460317,0,1,0,0,0,0.999999999999987,"Hamilton",FALSE,"2020-2024"
"13354",140,61,1253,0.111731843575419,873,0,101733,44167,34920,0.195488721804511,0.360902255639098,0.123522791221159,0.0245362058647516,0.9,0,0.1,0,1,"Oneida",FALSE,"2020-2024"
"13355",42,36,307,0.136807817589577,960,0,53988,250001,38400,0.0789473684210526,0.0789473684210526,0.0974358974358974,0.0143198090692124,1,0,0,0,1.00000000000003,"Madison",FALSE,"2020-2024"
"13357",1338,259,4652,0.287618228718831,764,0.0304347826086957,63678,26215,30560,0.22805578342904,0.467596390484003,0.147713717693837,0.0315247694617199,0.820627802690583,0.0134529147982063,0.000747384155455904,0.0807174887892377,1.00000000000001,"Herkimer",FALSE,"2020-2024"
"13360",11,10,94,0.117021276595745,NA,0,107750,NA,NA,0,1,0.039647577092511,0,1,0,0,0,1,"Hamilton",FALSE,"2020-2024"
"13361",51,23,254,0.200787401574803,564,0,92000,43750,22560,0,0.35,0.124137931034483,0.0488505747126437,1,0,0,0,0.999999999999994,"Herkimer",FALSE,"2020-2024"
"13363",55,45,849,0.0647820965842167,NA,0,94432,53073,NA,0,0,0.0530035335689046,0.00397219463753724,0.781818181818182,0,0,0.218181818181818,0.999999999999997,"Oneida",FALSE,"2020-2024"
"13364",7,9,128,0.0546875,NA,0,80160,NA,NA,NA,NA,0.171171171171171,0,1,0,0,0,1.00000000000002,"Madison",FALSE,"2020-2024"
"13365",715,139,3475,0.205755395683453,813,0.0124309392265193,66307,26009,32520,0.215815485996705,0.416803953871499,0.165920339382512,0.0514905149051491,0.93986013986014,0.0125874125874126,0,0.0447552447552448,0.999999999999997,"Herkimer",FALSE,"2020-2024"
"13367",925,144,3456,0.267650462962963,789,0.0112936344969199,67873,45642,31560,0.182027649769585,0.426267281105991,0.120374762808349,0.0406104500775996,0.940540540540541,0,0,0.0583783783783784,0.999999999999992,"Lewis",FALSE,"2020-2024"
"13368",55,26,470,0.117021276595745,625,0,62159,20875,25000,0.425,0.525,0.0965456155890168,0.0762527233115468,0.890909090909091,0,0,0,1.00000000000001,"Lewis",FALSE,"2020-2024"
"13402",65,46,457,0.142231947483589,942,0.0428571428571429,74375,NA,37680,0.411764705882353,0.607843137254902,0.23758865248227,0.0066815144766147,1,0,0,0,1,"Madison",FALSE,"2020-2024"
"13403",403,204,1990,0.20251256281407,1504,0,86300,44745,60160,0.31,0.436666666666667,0.0950749464668094,0.0324989020641195,0.992555831265509,0,0,0,1,"Oneida",FALSE,"2020-2024"
"13404",25,26,66,0.378787878787879,NA,0,NA,NA,NA,0,0,0,0,1,0,0,0,1.00000000000001,"Lewis",FALSE,"2020-2024"
"13406",8,8,160,0.05,1050,0.5,102692,NA,42000,0,0.25,0.0498960498960499,0.120689655172414,1,0,0,0,0.999999999999988,"Herkimer",FALSE,"2020-2024"
"13407",464,127,2181,0.212746446584136,728,0.0127659574468085,69846,42336,29120,0.146788990825688,0.247706422018349,0.142828605673192,0.0247058823529412,1,0,0,0,0.999999999999994,"Herkimer",FALSE,"2020-2024"
"13408",186,65,793,0.234552332912989,876,0.0746268656716418,68750,31786,35040,0.21301775147929,0.538461538461538,0.0749250749250749,0.057277628032345,1,0,0,0,0.999999999999994,"Madison",FALSE,"2020-2024"
"13409",128,44,862,0.148491879350348,1014,0.0303030303030303,72333,43125,40560,0.247422680412371,0.309278350515464,0.12260177819373,0.0243266724587315,0.9296875,0,0,0.015625,0.999999999999979,"Madison",FALSE,"2020-2024"
"13410",111,105,300,0.37,623,0.0975609756097561,NA,3936,24920,0.783783783783784,0.864864864864865,0.307086614173228,0.0669856459330144,0.333333333333333,0,0,0,0.999999999999929,"Montgomery",FALSE,"2020-2024"
"13411",272,70,1178,0.230899830220713,750,0.025089605734767,55357,27692,30000,0.0862068965517241,0.413793103448276,0.219570405727924,0.0632506004803843,0.9375,0,0,0.0147058823529412,1.00000000000001,"Otsego",FALSE,"2020-2024"
"13413",1617,391,7035,0.229850746268657,1126,0.118801089918256,95261,42148,45040,0.263509006004003,0.482988659106071,0.0586579951222563,0.0178717439551454,0.940012368583797,0.0197897340754484,0.00556586270871985,0.00865800865800866,1.00000000000001,"Oneida",FALSE,"2020-2024"
"13415",0,14,42,0,NA,NA,83750,NA,NA,NA,NA,0.191780821917808,0,NA,NA,NA,NA,0.999999999999921,"Otsego",FALSE,"2020-2024"
"13416",132,50,930,0.141935483870968,779,0.0364963503649635,85128,49318,31160,0.0165289256198347,0.198347107438017,0.141831996623048,0.0598526703499079,0.909090909090909,0,0,0,1,"Herkimer",FALSE,"2020-2024"
"13417",876,216,1701,0.514991181657848,909,0.0467899891186072,59453,34747,36360,0.173076923076923,0.330528846153846,0.34201030927835,0.0121602288984263,0.969178082191781,0,0.0308219178082192,0,0.999999999999963,"Oneida",FALSE,"2020-2024"
"13418",10,13,42,0.238095238095238,NA,0,91250,NA,NA,0,1,0.0824742268041237,0.108108108108108,1,0,0,0,0.99999999999999,"Madison",FALSE,"2020-2024"
"13420",79,74,469,0.168443496801706,1164,0.168421052631579,109351,NA,46560,0,0.240506329113924,0.0199052132701422,0.059967585089141,1,0,0,0,0.999999999999991,"Herkimer",FALSE,"2020-2024"
"13421",1930,270,5712,0.337885154061625,904,0.00924024640657084,65752,35160,36160,0.25958866036687,0.465814341300723,0.125693453796164,0.0450023685457129,0.884974093264249,0.0207253886010363,0.00518134715025907,0.0466321243523316,1.00000000000001,"Madison",FALSE,"2020-2024"
"13424",181,56,969,0.186790505675955,892,0,84844,40938,35680,0.209580838323353,0.449101796407186,0.0733267716535433,0.0289855072463768,0.988950276243094,0,0,0.0110497237569061,1.00000000000002,"Oneida",FALSE,"2020-2024"
"13425",190,53,817,0.232558139534884,781,0,65243,26029,31240,0.339181286549708,0.52046783625731,0.119131751640586,0.0215439856373429,0.968421052631579,0,0,0,0.999999999999997,"Oneida",FALSE,"2020-2024"
"13428",160,68,705,0.226950354609929,487,0.0677966101694915,76295,24662,19480,0.137404580152672,0.404580152671756,0.128332300061996,0.0268292682926829,0.9625,0,0,0.025,1.00000000000001,"Montgomery",FALSE,"2020-2024"
"13431",108,55,734,0.147138964577657,768,0.0863309352517986,76000,NA,30720,0.0526315789473684,0.326315789473684,0.101245262587981,0.0818652849740933,0.953703703703704,0,0,0,0.999999999999964,"Herkimer",FALSE,"2020-2024"
"13433",199,62,734,0.271117166212534,730,0.0432692307692308,50806,32721,29200,0.369791666666667,0.526041666666667,0.137603795966785,0.130952380952381,0.969849246231156,0,0,0.0301507537688442,0.999999999999997,"Lewis",FALSE,"2020-2024"
"13435",0,14,109,0,NA,NA,46971,NA,NA,NA,NA,0,0,NA,NA,NA,NA,0.999999999999889,"Oneida",FALSE,"2020-2024"
"13436",17,9,64,0.265625,NA,0,73409,40893,NA,1,1,0.18018018018018,0.024390243902439,0.764705882352941,0.235294117647059,0,0.235294117647059,1.00000000000001,"Hamilton",FALSE,"2020-2024"
"13437",11,9,135,0.0814814814814815,683,0,48438,61875,27320,0,0.5,0.149606299212598,0.018348623853211,1,0,0,0,0.999999999999998,"Oswego",FALSE,"2020-2024"
"13438",208,61,1410,0.147517730496454,814,0.0755555555555556,69797,38214,32560,0.312138728323699,0.514450867052023,0.107283464566929,0.0195121951219512,0.870192307692308,0,0.0576923076923077,0.0673076923076923,0.999999999999996,"Oneida",FALSE,"2020-2024"
"13439",308,89,1396,0.220630372492837,849,0.0404984423676012,65761,46833,33960,0.0678571428571429,0.307142857142857,0.123607715294757,0.0440097799511002,0.938311688311688,0,0,0.0162337662337662,0.999999999999987,"Otsego",FALSE,"2020-2024"
"13440",6407,454,17991,0.356122505697293,906,0.0626000873489591,68207,39364,36240,0.198700866089274,0.445536309127249,0.14956425368999,0.0484611729926622,0.798033400967692,0.0443265178710785,0.00405806149523958,0.0917746215077259,1,"Oneida",FALSE,"2020-2024"
"13441",47,38,47,1,NA,0,NA,NA,NA,0.468085106382979,0.468085106382979,0,0,1,0,0,0,1.00000000000001,"Oneida",FALSE,"2020-2024"
"13450",0,14,48,0,NA,NA,119167,NA,NA,NA,NA,0,0.037037037037037,NA,NA,NA,NA,1.00000000000008,"Otsego",FALSE,"2020-2024"
"13452",424,88,1943,0.218219248584663,763,0.0319634703196347,60327,29722,30520,0.294270833333333,0.5078125,0.184238780330685,0.0604801477377655,0.841981132075472,0,0,0.0330188679245283,0.999999999999988,"Fulton",FALSE,"2020-2024"
"13454",28,29,331,0.0845921450151057,NA,0,122669,NA,NA,0.842105263157895,0.842105263157895,0.146978021978022,0.028322440087146,1,0,0,0,1.00000000000001,"Herkimer",FALSE,"2020-2024"
"13455",0,14,25,0,NA,NA,NA,NA,NA,NA,NA,0,0,NA,NA,NA,NA,1.00000000000003,"Oneida",FALSE,"2020-2024"
"13456",208,90,1379,0.150833937635968,795,0,93510,33819,31800,0.278947368421053,0.510526315789474,0.0527966544694198,0.0192307692307692,0.879807692307692,0,0,0.120192307692308,1.00000000000001,"Oneida",FALSE,"2020-2024"
"13457",0,14,18,0,NA,NA,45833,NA,NA,NA,NA,0,0,NA,NA,NA,NA,0.999999999999968,"Otsego",FALSE,"2020-2024"
"13459",178,49,751,0.237017310252996,1132,0,65893,55000,45280,0.210843373493976,0.22289156626506,0.161016949152542,0.0487264673311185,0.898876404494382,0,0,0.0561797752808989,0.999999999999987,"Schoharie",FALSE,"2020-2024"
"13460",470,111,1695,0.277286135693215,862,0.0265848670756646,61587,31458,34480,0.219457013574661,0.459276018099547,0.101147776183644,0.0421882243857209,0.897872340425532,0,0,0,1,"Chenango",FALSE,"2020-2024"
"13461",372,83,1371,0.271334792122538,1122,0.0236220472440945,88750,59605,44880,0.135359116022099,0.267955801104972,0.0580858085808581,0.0198544010589014,0.887096774193548,0,0.0376344086021505,0.0376344086021505,0.999999999999997,"Oneida",FALSE,"2020-2024"
"13464",60,26,535,0.11214953271028,838,0,56953,23846,33520,0.333333333333333,0.777777777777778,0.126878130217028,0.0509666080843585,0.766666666666667,0,0,0,0.999999999999999,"Chenango",FALSE,"2020-2024"
"13468",31,23,90,0.344444444444444,785,0,62727,63625,31400,0.111111111111111,0.444444444444444,0.107569721115538,0.0149253731343284,0.806451612903226,0,0,0.193548387096774,1.00000000000001,"Otsego",FALSE,"2020-2024"
"13469",47,54,318,0.147798742138365,1163,0,94185,41836,46520,0,0.680851063829787,0.0385964912280702,0,0.765957446808511,0,0.234042553191489,0,1.00000000000002,"Oneida",FALSE,"2020-2024"
"13470",47,30,313,0.150159744408946,844,0.189655172413793,75313,NA,33760,0.355555555555556,0.355555555555556,0.266818700114025,0.023598820058997,0.936170212765957,0,0,0.0638297872340425,0.999999999999999,"Fulton",FALSE,"2020-2024"
"13471",133,44,1084,0.122693726937269,1098,0.0827586206896552,70455,90893,43920,0,0.216666666666667,0.11864406779661,0.0555555555555556,0.902255639097744,0,0,0.0300751879699248,0.999999999999989,"Oneida",FALSE,"2020-2024"
"13472",0,14,94,0,NA,NA,NA,NA,NA,NA,NA,0,0.268115942028986,NA,NA,NA,NA,1.00000000000001,"Herkimer",FALSE,"2020-2024"
"13473",7,11,378,0.0185185185185185,800,0.461538461538462,103598,NA,32000,0.25,0.25,0.0286298568507157,0.161731207289294,1,0,0,0,0.999999999999999,"Lewis",FALSE,"2020-2024"
"13475",13,16,28,0.464285714285714,NA,0,53750,NA,NA,0.230769230769231,0.230769230769231,0,0,0.230769230769231,0,0,0,1.00000000000003,"Herkimer",FALSE,"2020-2024"
"13476",382,160,1139,0.335381913959614,849,0,62798,23827,33960,0.133152173913043,0.41304347826087,0.0926944226237235,0.0206185567010309,0.965968586387435,0,0,0.0287958115183246,0.999999999999999,"Oneida",FALSE,"2020-2024"
"13477",142,132,646,0.219814241486068,731,0,71111,48526,29240,0.137404580152672,0.16030534351145,0.118632707774799,0.0588832487309645,1,0,0,0,0.999999999999997,"Oneida",FALSE,"2020-2024"
"13478",116,52,1319,0.087945413191812,846,0,83986,62500,33840,0.0975609756097561,0.414634146341463,0.0640025990903184,0.0861748295102294,0.974137931034483,0,0.0258620689655172,0,1,"Oneida",FALSE,"2020-2024"
"13480",415,97,1308,0.317278287461774,849,0,85435,53229,33960,0.13031914893617,0.252659574468085,0.0589688175362766,0.0284718187100523,0.939759036144578,0,0,0,1.00000000000002,"Oneida",FALSE,"2020-2024"
"13482",0,14,36,0,NA,NA,58864,NA,NA,NA,NA,0,0,NA,NA,NA,NA,1.00000000000002,"Otsego",FALSE,"2020-2024"
"13483",69,76,127,0.543307086614173,855,0,115341,115932,34200,0.173913043478261,0.202898550724638,0.0951086956521739,0.0303030303030303,1,0,0,0,1.00000000000001,"Oneida",FALSE,"2020-2024"
"13484",0,14,46,0,NA,NA,NA,NA,NA,NA,NA,0.21,0,NA,NA,NA,NA,1.00000000000016,"Madison",FALSE,"2020-2024"
"13485",83,41,579,0.143350604490501,993,0.135416666666667,62337,43542,39720,0.140625,0.375,0.178321678321678,0.0513157894736842,0.939759036144578,0,0,0,1.00000000000002,"Madison",FALSE,"2020-2024"
"13486",40,33,312,0.128205128205128,1053,0,60217,35500,42120,0.6,0.725,0.162754303599374,0.0487012987012987,1,0,0,0,0.999999999999995,"Oneida",FALSE,"2020-2024"
"13488",3,3,67,0.0447761194029851,NA,0,52159,NA,NA,0,1,0.0776699029126214,0.0447761194029851,1,0,0,0,1.00000000000008,"Otsego",FALSE,"2020-2024"
"13489",36,23,226,0.15929203539823,950,0,89271,113250,38000,0,0.0434782608695652,0.104166666666667,0.069620253164557,0.861111111111111,0,0,0.138888888888889,1.00000000000001,"Lewis",FALSE,"2020-2024"
"13490",68,105,491,0.138492871690428,NA,0,135302,NA,NA,0,0,0,0,1,0,0,0,1.00000000000001,"Oneida",FALSE,"2020-2024"
"13491",217,67,1267,0.171270718232044,746,0.0702479338842975,72917,32768,29840,0.28042328042328,0.439153439153439,0.0846153846153846,0.0831826401446655,0.889400921658986,0.0184331797235023,0,0.0552995391705069,0.999999999999988,"Otsego",FALSE,"2020-2024"
"13492",1261,279,5063,0.249061821054711,962,0,82173,36856,38480,0.267785771382894,0.585931254996003,0.110584659395673,0.0296346186226637,0.826328310864393,0.0785091197462331,0,0.0158604282315623,0.999999999999995,"Oneida",FALSE,"2020-2024"
"13493",134,47,831,0.161251504211793,947,0.0218978102189781,63125,32321,37880,0.269230769230769,0.432692307692308,0.220289855072464,0.0817843866171004,0.902985074626866,0,0,0,1.00000000000001,"Oswego",FALSE,"2020-2024"
"13494",4,5,141,0.0283687943262411,NA,0.428571428571429,104688,NA,NA,0,0,0.023121387283237,0.0130718954248366,1,0,0,0,0.999999999999995,"Oneida",FALSE,"2020-2024"
"13495",327,138,925,0.353513513513514,1024,0,66995,78125,40960,0,0.235474006116208,0.05331088664422,0.0264446620959843,1,0,0,0,0.999999999999941,"Oneida",FALSE,"2020-2024"
"13501",7593,618,15428,0.492157116930257,877,0.0295977738426512,52548,30723,35080,0.327227794737607,0.533943887192906,0.269937358530294,0.0759077843608846,0.493612537863822,0.192282365336494,0.109969708942447,0.137231660740155,0.999999999999998,"Oneida",FALSE,"2020-2024"
"13502",5792,504,14210,0.407600281491907,1042,0.0592233009708738,57835,36143,41680,0.292807594012413,0.510952902519168,0.229367631296892,0.0717423133235725,0.612051104972376,0.206146408839779,0.0341850828729282,0.0963397790055249,1.00000000000001,"Oneida",FALSE,"2020-2024"
"13601",8563,576,16663,0.513893056472424,1011,0.0306769300430156,58791,41592,40440,0.203158025612334,0.467735919433047,0.165683465363223,0.0571658615136876,0.821674646735957,0.0558215578652341,0.0225388298493519,0.0596753474249679,1,"Jefferson",FALSE,"2020-2024"
"13602",0,14,0,NA,NA,NA,NA,NA,NA,NA,NA,NA,0,NA,NA,NA,NA,0.999999999999989,"Jefferson",FALSE,"2020-2024"
"13603",4916,347,5122,0.959781335415853,1627,0.0347535833496957,62500,63426,65080,0.255735634603241,0.55483056198695,0.116429128554208,0.0909090909090909,0.63506916192026,0.0986574450772986,0.0510577705451587,0.196908055329536,0.999999999999975,"Jefferson",FALSE,"2020-2024"
"13605",638,220,2189,0.291457286432161,740,0.0196671709531014,70045,43486,29600,0.136279926335175,0.233885819521179,0.0775253007447012,0.0371187063579566,0.592476489028213,0.296238244514107,0,0.0579937304075235,0.999999999999997,"Jefferson",FALSE,"2020-2024"
"13606",129,76,894,0.144295302013423,1125,0,88977,55174,45000,0.232,0.232,0.15257048092869,0.0039032006245121,1,0,0,0,0.999999999999996,"Jefferson",FALSE,"2020-2024"
"13607",360,96,1042,0.345489443378119,663,0.11566265060241,66500,30096,26520,0.195121951219512,0.344512195121951,0.0768458061275741,0.0757261410788382,0.952777777777778,0,0.0138888888888889,0.0111111111111111,1.00000000000001,"Jefferson",FALSE,"2020-2024"
"13608",149,56,706,0.211048158640227,779,0.107784431137725,73643,34063,31160,0.179245283018868,0.471698113207547,0.14251497005988,0.0780669144981413,0.778523489932886,0,0,0.0134228187919463,1.00000000000003,"Jefferson",FALSE,"2020-2024"
"13611",9,13,91,0.0989010989010989,NA,0,70139,NA,NA,NA,NA,0,0,1,0,0,0,1.00000000000005,"Jefferson",FALSE,"2020-2024"
"13612",317,102,1164,0.27233676975945,922,0.0422960725075529,85658,30096,36880,0.263157894736842,0.603238866396761,0.12216404886562,0.138628158844765,0.753943217665615,0,0.17981072555205,0.0347003154574132,1.00000000000002,"Jefferson",FALSE,"2020-2024"
"13613",277,109,1188,0.233164983164983,733,0,58846,26250,29320,0.244,0.684,0.191232309285468,0.0412287793047696,0.992779783393502,0,0,0,1,"St. Lawrence",FALSE,"2020-2024"
"13614",30,22,94,0.319148936170213,544,0,39000,NA,21760,0.566666666666667,0.8,0.322429906542056,0,0.766666666666667,0,0,0,1,"St. Lawrence",FALSE,"2020-2024"
"13615",60,38,291,0.206185567010309,900,0.130434782608696,101563,52222,36000,0,0.4,0.0329985652797704,0,0.966666666666667,0,0,0,1.00000000000002,"Jefferson",FALSE,"2020-2024"
"13616",501,233,734,0.682561307901907,1306,0,45962,NA,52240,0.397205588822355,0.606786427145709,0.23986013986014,0.152354570637119,0.441117764471058,0.373253493013972,0,0.103792415169661,0.999999999999995,"Jefferson",FALSE,"2020-2024"
"13617",1598,314,4293,0.372233869089215,886,0.0178242163491088,71663,NA,35440,0.218594748048261,0.298793470546487,0.106818181818182,0.0469377072064212,0.954943679599499,0,0.00688360450563204,0.00688360450563204,1,"St. Lawrence",FALSE,"2020-2024"
"13618",108,46,871,0.123995407577497,878,0,61494,28750,35120,0.311320754716981,0.584905660377358,0.0852625635234331,0.0371389270976616,0.981481481481482,0,0,0,1.00000000000002,"Jefferson",FALSE,"2020-2024"
"13619",1827,252,4184,0.436663479923518,959,0.0384210526315789,63120,43250,38360,0.221249270286048,0.39871570344425,0.186233640329617,0.0841573280597671,0.86152162014231,0.023535851122058,0,0.0914066776135742,1.00000000000001,"Jefferson",FALSE,"2020-2024"
"13620",238,87,910,0.261538461538462,866,0.0205761316872428,70087,47143,34640,0.255555555555556,0.494444444444444,0.131647776809067,0.0123076923076923,0.991596638655462,0,0,0,1.00000000000001,"Lewis",FALSE,"2020-2024"
"13621",20,25,228,0.087719298245614,NA,0,77703,NA,NA,0.2,0.2,0.3446519524618,0.13302752293578,1,0,0,0,0.999999999999995,"St. Lawrence",FALSE,"2020-2024"
"13622",54,19,742,0.0727762803234501,907,0,81065,24167,36280,0.372093023255814,0.372093023255814,0.159396876682822,0.0537772087067862,0.907407407407407,0,0,0,0.999999999999995,"Jefferson",FALSE,"2020-2024"
"13623",0,14,36,0,NA,NA,NA,NA,NA,NA,NA,0.0588235294117647,0,NA,NA,NA,NA,0.999999999999991,"St. Lawrence",FALSE,"2020-2024"
"13624",584,148,1928,0.302904564315353,1088,0.0958904109589041,87988,39762,43520,0.281535648994516,0.502742230347349,0.111274150158963,0.0395452298566485,0.929794520547945,0.0136986301369863,0,0.0308219178082192,1,"Jefferson",FALSE,"2020-2024"
"13625",66,34,694,0.0951008645533141,NA,0.131578947368421,80417,68947,NA,0,0.175438596491228,0.0876116071428571,0.0485074626865672,1,0,0,0,1,"St. Lawrence",FALSE,"2020-2024"
"13626",205,61,911,0.225027442371021,952,0.066079295154185,64495,33750,38080,0.204968944099379,0.267080745341615,0.180909090909091,0.0369344413665743,0.75609756097561,0.11219512195122,0,0.0341463414634146,1,"Lewis",FALSE,"2020-2024"
"13628",37,28,137,0.27007299270073,1214,0,58125,36042,48560,0.34375,0.5625,0.148484848484848,0,0.972972972972973,0,0,0.027027027027027,1.00000000000001,"Jefferson",FALSE,"2020-2024"
"13630",30,16,384,0.078125,NA,0,63333,16500,NA,0.461538461538462,0.653846153846154,0.052901023890785,0.0306122448979592,1,0,0,0,0.999999999999988,"St. Lawrence",FALSE,"2020-2024"
"13632",2,4,24,0.0833333333333333,NA,0,132857,NA,NA,0,0,0,0,0,0,0,0,1,"Jefferson",FALSE,"2020-2024"
"13633",6,6,129,0.0465116279069767,NA,0,65625,NA,NA,1,1,0.123393316195373,0.0234375,1,0,0,0,1.00000000000003,"St. Lawrence",FALSE,"2020-2024"
"13634",233,109,1547,0.150614091790562,764,0.0291666666666667,92109,39659,30560,0.241935483870968,0.510752688172043,0.0558674901740595,0.0363843092666288,0.96137339055794,0,0,0,1,"Jefferson",FALSE,"2020-2024"
"13635",89,31,440,0.202272727272727,850,0,71316,39219,34000,0.0657894736842105,0.131578947368421,0.101018010963195,0.0579150579150579,1,0,0,0,0.999999999999989,"St. Lawrence",FALSE,"2020-2024"
"13636",16,12,63,0.253968253968254,635,0,58882,58000,25400,0,0.266666666666667,0.049645390070922,0.0338983050847458,1,0,0,0,1.00000000000001,"Jefferson",FALSE,"2020-2024"
"13637",1569,249,2240,0.700446428571429,1337,0.0798630918425556,57103,50661,53480,0.26509186351706,0.541994750656168,0.212299255777517,0.0615608337372758,0.461440407903123,0.0968769917144678,0.000637348629700446,0.176545570427024,0.999999999999995,"Jefferson",FALSE,"2020-2024"
"13638",40,38,96,0.416666666666667,NA,0,62955,91250,NA,0,0,0.133757961783439,0,0.95,0,0,0,1.00000000000004,"Jefferson",FALSE,"2020-2024"
"13639",0,14,20,0,NA,NA,21346,NA,NA,NA,NA,0.130434782608696,0,NA,NA,NA,NA,0.999999999999971,"St. Lawrence",FALSE,"2020-2024"
"13640",0,14,156,0,NA,NA,118026,NA,NA,NA,NA,0.0614886731391586,0.216981132075472,NA,NA,NA,NA,0.999999999999988,"Jefferson",FALSE,"2020-2024"
"13641",0,14,56,0,NA,NA,61458,NA,NA,NA,NA,0,0,NA,NA,NA,NA,0.999999999999996,"Jefferson",FALSE,"2020-2024"
"13642",1281,319,3613,0.354553003044561,887,0,49728,26476,35480,0.372881355932203,0.611864406779661,0.198112035771954,0.066527446300716,0.837626854020297,0,0,0.117096018735363,1.00000000000001,"St. Lawrence",FALSE,"2020-2024"
"13643",11,17,51,0.215686274509804,NA,0,100625,NA,NA,0,0,0.0621761658031088,0,1,0,0,0,0.99999999999995,"Jefferson",FALSE,"2020-2024"
"13645",0,14,0,NA,NA,NA,NA,NA,NA,NA,NA,NA,NA,NA,NA,NA,NA,0.99999999999958,"St. Lawrence",FALSE,"2020-2024"
"13646",206,58,930,0.221505376344086,738,0,72212,63750,29520,0.148648648648649,0.310810810810811,0.255704169944925,0.0483576642335766,0.91747572815534,0.0339805825242718,0,0.0388349514563107,1,"St. Lawrence",FALSE,"2020-2024"
"13647",15,20,15,1,NA,0,NA,NA,NA,0,0.666666666666667,0,NA,1,0,0,0,1.00000000000001,"St. Lawrence",FALSE,"2020-2024"
"13648",123,48,964,0.127593360995851,872,0.0538461538461538,60735,28125,34880,0.262135922330097,0.54368932038835,0.0919384057971015,0.024514811031665,0.934959349593496,0,0,0,1.00000000000001,"Lewis",FALSE,"2020-2024"
"13649",0,14,19,0,NA,NA,156250,NA,NA,NA,NA,0,0.142857142857143,NA,NA,NA,NA,1.00000000000001,"St. Lawrence",FALSE,"2020-2024"
"13650",82,33,598,0.137123745819398,953,0.196078431372549,94318,NA,38120,0.145161290322581,0.5,0.0566343042071197,0.0543259557344064,0.926829268292683,0,0,0,1,"Jefferson",FALSE,"2020-2024"
"13651",0,14,85,0,NA,1,116705,NA,NA,NA,NA,0.0408163265306122,0,NA,NA,NA,NA,1.00000000000002,"Jefferson",FALSE,"2020-2024"
"13652",158,70,694,0.227665706051873,934,0,67946,33125,37360,0.137096774193548,0.516129032258065,0.213139418254764,0.102206736353078,0.962025316455696,0,0,0,0.999999999999999,"St. Lawrence",FALSE,"2020-2024"
"13654",123,48,829,0.148371531966224,588,0.276470588235294,74125,24327,23520,0.290697674418605,0.441860465116279,0.166666666666667,0.0282608695652174,1,0,0,0,1.00000000000001,"St. Lawrence",FALSE,"2020-2024"
"13655",434,152,1333,0.325581395348837,999,0,52309,20172,39960,0.55045871559633,0.63914373088685,0.33588412134463,0.0951111111111111,0,0,0.0391705069124424,0,0.999999999999989,"Franklin",FALSE,"2020-2024"
"13656",186,75,1086,0.171270718232044,868,0.0882352941176471,72500,45962,34720,0.275590551181102,0.598425196850394,0.105173587474472,0.0782339271882262,0.956989247311828,0,0,0,0.999999999999998,"Jefferson",FALSE,"2020-2024"
"13658",89,55,959,0.0928050052137643,634,0,69055,45956,25360,0.0449438202247191,0.280898876404494,0.0969529085872576,0.037593984962406,1,0,0,0,1.00000000000001,"St. Lawrence",FALSE,"2020-2024"
"13659",5,7,155,0.032258064516129,NA,0.545454545454545,63125,NA,NA,0,0,0.167539267015707,0.0297619047619048,1,0,0,0,1,"Jefferson",FALSE,"2020-2024"
"13660",90,36,643,0.139968895800933,835,0.1,68482,48333,33400,0.325301204819277,0.409638554216867,0.191657271702368,0.0324675324675325,0.855555555555556,0,0,0.0777777777777778,1.00000000000001,"St. Lawrence",FALSE,"2020-2024"
"13661",98,48,723,0.135546334716459,NA,0,82297,38750,NA,0.333333333333333,0.611111111111111,0.0924824229313142,0.0683371298405467,1,0,0,0,0.999999999999999,"Jefferson",FALSE,"2020-2024"
"13662",2378,316,7034,0.338072220642593,728,0.0513225424397947,59106,29675,29120,0.287154756685664,0.551074090311267,0.198595189185607,0.0542128455067432,0.949537426408747,0,0,0.0100925147182506,1.00000000000001,"St. Lawrence",FALSE,"2020-2024"
"13664",37,31,141,0.26241134751773,1125,0,78750,22313,45000,0.594594594594595,0.783783783783784,0.2578125,0.0808080808080808,0.972972972972973,0.027027027027027,0,0,1.00000000000003,"St. Lawrence",FALSE,"2020-2024"
"13665",30,32,225,0.133333333333333,NA,0,51250,60357,NA,0,0.25,0.221505376344086,0.015625,1,0,0,0,0.999999999999989,"Lewis",FALSE,"2020-2024"
"13666",31,25,83,0.373493975903614,856,0,38438,NA,34240,0.380952380952381,0.380952380952381,0.298245614035088,0.174311926605505,0.806451612903226,0,0,0.193548387096774,0.999999999999998,"St. Lawrence",FALSE,"2020-2024"
"13667",430,142,1462,0.294117647058824,823,0.146825396825397,59849,40577,32920,0.152905198776758,0.562691131498471,0.159953970080552,0.0597302504816956,1,0,0,0,1.00000000000001,"St. Lawrence",FALSE,"2020-2024"
"13668",230,77,1390,0.165467625899281,790,0.0495867768595041,63393,27593,31600,0.202970297029703,0.485148514851485,0.180185237159697,0.057799875699192,0.926086956521739,0,0,0.0478260869565217,0.999999999999998,"St. Lawrence",FALSE,"2020-2024"
"13669",1545,234,6000,0.2575,788,0,70304,34375,31520,0.27105449398443,0.381457891012031,0.158846044797278,0.0630800464037123,0.984466019417476,0,0.0116504854368932,0,0.99999999999999,"St. Lawrence",FALSE,"2020-2024"
"13670",2,3,158,0.0126582278481013,NA,0,36250,NA,NA,NA,NA,0.0925925925925926,0.123287671232877,1,0,0,0,0.999999999999999,"St. Lawrence",FALSE,"2020-2024"
"13672",60,47,192,0.3125,NA,0,76216,NA,NA,0.714285714285714,1,0.175946547884187,0.0342465753424658,1,0,0,0,0.999999999999999,"St. Lawrence",FALSE,"2020-2024"
"13673",224,58,758,0.295514511873351,1064,0.21405750798722,81167,48333,42560,0.245098039215686,0.377450980392157,0.15340613624545,0.0292841648590022,0.888392857142857,0.0223214285714286,0,0.0848214285714286,0.999999999999974,"Jefferson",FALSE,"2020-2024"
"13674",0,14,69,0,NA,NA,NA,NA,NA,NA,NA,0.101123595505618,0,NA,NA,NA,NA,1.00000000000006,"Jefferson",FALSE,"2020-2024"
"13675",4,7,16,0.25,NA,0,208182,NA,NA,0,1,0,0,1,0,0,0,0.999999999999986,"Jefferson",FALSE,"2020-2024"
"13676",2163,324,5158,0.419348584722761,923,0.0607457059069962,56170,25260,36920,0.32360342224459,0.644690488173125,0.187364228819696,0.0494533221194281,0.863615349052242,0.00647249190938511,0.0841423948220065,0.0235783633841886,1.00000000000001,"St. Lawrence",FALSE,"2020-2024"
"13678",20,33,20,1,NA,0,NA,NA,NA,0,1,0,NA,1,0,0,0,1.00000000000007,"St. Lawrence",FALSE,"2020-2024"
"13679",77,35,499,0.154308617234469,1259,0,101932,65481,50360,0.203389830508475,0.203389830508475,0.10207468879668,0.0103703703703704,0.87012987012987,0,0,0,0.999999999999988,"Jefferson",FALSE,"2020-2024"
"13680",40,29,420,0.0952380952380952,643,0,80625,24167,25720,0.25,0.65,0.128813559322034,0.089678510998308,0.975,0,0,0,0.99999999999998,"St. Lawrence",FALSE,"2020-2024"
"13681",66,34,341,0.193548387096774,1179,0,46250,NA,47160,0.205882352941176,0.558823529411765,0.100271002710027,0.0970464135021097,1,0,0,0,0.999999999999998,"St. Lawrence",FALSE,"2020-2024"
"13682",63,37,335,0.188059701492537,950,0,79821,49792,38000,0.2,0.2,0.0480093676814988,0.0616438356164384,1,0,0,0,1,"Jefferson",FALSE,"2020-2024"
"13683",19,26,19,1,NA,0,NA,NA,NA,1,1,1,0,0,0,0,0,1.00000000000006,"St. Lawrence",FALSE,"2020-2024"
"13684",70,39,453,0.154525386313466,900,0,57465,83250,36000,0,0.224137931034483,0.25674499564839,0.0575539568345324,0.971428571428571,0,0,0,1,"St. Lawrence",FALSE,"2020-2024"
"13685",480,116,1183,0.40574809805579,1333,0.0773480662983425,79469,49286,53320,0.295652173913043,0.484782608695652,0.0966780238500852,0.00720164609053498,0.76875,0,0.00416666666666667,0.0229166666666667,1,"Jefferson",FALSE,"2020-2024"
"13687",5,8,208,0.0240384615384615,NA,0,44833,NA,NA,NA,NA,0.161764705882353,0.0087719298245614,1,0,0,0,0.999999999999986,"St. Lawrence",FALSE,"2020-2024"
"13690",52,23,308,0.168831168831169,722,0,62000,46667,28880,0.342105263157895,0.394736842105263,0.231393775372124,0.0418006430868167,0.807692307692308,0,0,0.115384615384615,0.999999999999998,"St. Lawrence",FALSE,"2020-2024"
"13691",254,98,1157,0.219533275713051,990,0.00392156862745098,79943,57143,39600,0.048780487804878,0.105691056910569,0.0904201680672269,0.0488559059987631,0.996062992125984,0,0,0,1,"Jefferson",FALSE,"2020-2024"
"13692",6,9,85,0.0705882352941176,NA,0,190250,NA,NA,0,0,0,0.116666666666667,1,0,0,0,0.999999999999977,"Jefferson",FALSE,"2020-2024"
"13693",6,8,220,0.0272727272727273,NA,0,72396,NA,NA,0,0,0.0614657210401891,0,1,0,0,0,0.999999999999997,"Jefferson",FALSE,"2020-2024"
"13694",109,62,597,0.182579564489112,850,0.0353982300884956,75179,NA,34000,0.411764705882353,0.647058823529412,0.134535367545076,0.0393559928443649,0.981651376146789,0.018348623853211,0,0,1,"St. Lawrence",FALSE,"2020-2024"
"13695",0,14,45,0,NA,NA,123036,NA,NA,NA,NA,0.099009900990099,0.0462962962962963,NA,NA,NA,NA,1,"St. Lawrence",FALSE,"2020-2024"
"13696",49,73,79,0.620253164556962,NA,0,NA,NA,NA,0,0,0,0.096969696969697,1,0,0,0,1.00000000000003,"St. Lawrence",FALSE,"2020-2024"
"13697",139,95,805,0.172670807453416,1084,0,75953,44125,43360,0.0935251798561151,0.194244604316547,0.134351949420443,0.00380710659898477,0.884892086330935,0,0,0,0.999999999999997,"St. Lawrence",FALSE,"2020-2024"
"13699",0,14,0,NA,NA,NA,NA,NA,NA,NA,NA,NA,0.022379269729093,NA,NA,NA,NA,0.99999999999998,"St. Lawrence",FALSE,"2020-2024"
"13730",368,121,1271,0.289535798583792,862,0,53348,28452,34480,0.426294820717131,0.661354581673307,0.146771771771772,0.100172711571675,0.91304347826087,0,0,0.0516304347826087,1.00000000000002,"Chenango",FALSE,"2020-2024"
"13731",71,34,544,0.130514705882353,967,0.154761904761905,73750,23438,38680,0.125,0.5625,0.132947976878613,0.103313840155945,0.802816901408451,0,0,0,1,"Delaware",FALSE,"2020-2024"
"13732",417,129,3069,0.135874877810362,1044,0,88750,39205,41760,0.289256198347107,0.426997245179063,0.0943345079967471,0.0305620305620306,0.949640287769784,0.0503597122302158,0,0,1,"Tioga",FALSE,"2020-2024"
"13733",277,88,2382,0.116288832913518,908,0.130841121495327,60759,45893,36320,0.156488549618321,0.423664122137405,0.0999408633944412,0.045398773006135,0.974729241877256,0,0,0.0144404332129964,1.00000000000001,"Chenango",FALSE,"2020-2024"
"13734",32,38,984,0.032520325203252,NA,0,63523,NA,NA,0.53125,0.53125,0.105713000449843,0.120161290322581,1,0,0,0,0.999999999999999,"Tioga",FALSE,"2020-2024"
"13736",104,47,771,0.134889753566796,1183,0,65880,60673,47320,0,0.159574468085106,0.167618059159315,0.0491803278688525,0.903846153846154,0,0,0,1.00000000000004,"Tioga",FALSE,"2020-2024"
"13738",0,14,7,0,NA,NA,NA,NA,NA,NA,NA,0,0,NA,NA,NA,NA,1,"Cortland",FALSE,"2020-2024"
"13739",67,43,345,0.194202898550725,839,0.118421052631579,64219,52227,33560,0.294117647058824,0.294117647058824,0.112845138055222,0.0690376569037657,1,0,0,0,1.00000000000002,"Delaware",FALSE,"2020-2024"
"13740",22,15,285,0.0771929824561404,850,0.5,80625,40417,34000,0.583333333333333,0.666666666666667,0.10223642172524,0.00699300699300699,0.954545454545455,0,0,0,0.999999999999996,"Delaware",FALSE,"2020-2024"
"13743",451,140,1464,0.308060109289617,875,0,51364,37226,35000,0.349315068493151,0.495433789954338,0.193695157621059,0.0661612680909717,0.891352549889135,0.0931263858093126,0,0.0133037694013304,1,"Tioga",FALSE,"2020-2024"
"13744",40,24,383,0.10443864229765,831,0,61086,43000,33240,0.151515151515152,0.333333333333333,0.315836298932384,0.108986615678776,1,0,0,0,1.00000000000002,"Broome",FALSE,"2020-2024"
"13746",155,70,1127,0.137533274179237,796,0.0935672514619883,62993,21827,31840,0.470967741935484,0.735483870967742,0.152053712480253,0.0171171171171171,0.606451612903226,0,0,0,1.00000000000001,"Broome",FALSE,"2020-2024"
"13747",0,14,0,NA,NA,NA,NA,NA,NA,NA,NA,NA,NA,NA,NA,NA,NA,0.999999999999771,"Otsego",FALSE,"2020-2024"
"13748",375,231,1738,0.215765247410817,807,0,62125,60511,32280,0.08,0.368,0.0934758771929825,0.0273768043802887,0.882666666666667,0,0,0.117333333333333,0.999999999999994,"Broome",FALSE,"2020-2024"
"13750",15,17,348,0.0431034482758621,1063,0.634146341463415,62344,48542,42520,0.133333333333333,0.133333333333333,0.0848214285714286,0.190064794816415,0.6,0,0,0,0.999999999999998,"Delaware",FALSE,"2020-2024"
"13751",0,14,81,0,NA,NA,NA,NA,NA,NA,NA,0,0,NA,NA,NA,NA,0.999999999999978,"Delaware",FALSE,"2020-2024"
"13752",87,53,383,0.227154046997389,1054,0,66302,50944,42160,0,0.142857142857143,0.193473193473193,0.0228571428571429,1,0,0,0,1.00000000000001,"Delaware",FALSE,"2020-2024"
"13753",557,123,1868,0.298179871520343,911,0.137770897832817,70000,32906,36440,0.21011673151751,0.453307392996109,0.0977855187857676,0.0478053020425902,0.81508078994614,0,0.0789946140035907,0.0556552962298025,0.999999999999999,"Delaware",FALSE,"2020-2024"
"13754",320,79,1226,0.261011419249592,759,0.027355623100304,61000,19934,30360,0.298969072164948,0.580756013745705,0.201665459811731,0.0241635687732342,0.9,0.009375,0,0.03125,0.999999999999998,"Broome",FALSE,"2020-2024"
"13755",46,33,310,0.148387096774194,836,0,64375,18750,33440,0.323529411764706,1,0.159509202453988,0.165697674418605,0.782608695652174,0,0,0.217391304347826,1,"Delaware",FALSE,"2020-2024"
"13756",50,33,314,0.159235668789809,1548,0,71765,55357,61920,0,0.868421052631579,0.0780559646539028,0.0766871165644172,1,0,0,0,0.999999999999998,"Delaware",FALSE,"2020-2024"
"13757",61,62,515,0.118446601941748,1319,0,73523,36493,52760,0.173076923076923,0.865384615384615,0.0540780141843972,0,1,0,0,0,0.999999999999998,"Delaware",FALSE,"2020-2024"
"13760",6824,525,19483,0.350254067648719,903,0.0393483363247273,66095,37947,36120,0.229457364341085,0.444961240310077,0.136313192132417,0.0396039603960396,0.796893317702227,0.0660902696365768,0,0.0650644783118406,0.999999999999961,"Broome",FALSE,"2020-2024"
"13774",24,32,132,0.181818181818182,NA,0,70638,NA,NA,0,0,0,0,1,0,0,0,0.999999999999993,"Delaware",FALSE,"2020-2024"
"13775",147,51,783,0.187739463601533,753,0.0328947368421053,78750,41094,30120,0.0517241379310345,0.189655172413793,0.0913268236645606,0.0392927308447937,0.938775510204082,0,0,0.0612244897959184,1.00000000000001,"Delaware",FALSE,"2020-2024"
"13776",21,15,151,0.139072847682119,1219,0.34375,80750,46406,48760,0.2,0.55,0.05,0.0180722891566265,0.761904761904762,0,0,0,0.999999999999963,"Otsego",FALSE,"2020-2024"
"13777",28,19,233,0.120171673819742,NA,0.263157894736842,65625,61563,NA,0,0,0.11890243902439,0.136490250696379,1,0,0,0,1.00000000000001,"Broome",FALSE,"2020-2024"
"13778",566,103,2255,0.2509977827051,784,0.0207612456747405,73850,49839,31360,0.0974264705882353,0.246323529411765,0.0997150997150997,0.0432453119020283,0.920494699646643,0.0176678445229682,0.0176678445229682,0.0176678445229682,1,"Chenango",FALSE,"2020-2024"
"13780",116,106,378,0.306878306878307,1750,0,77262,76587,70000,0,0.150943396226415,0.0805785123966942,0,1,0,0,0,0.999999999999996,"Chenango",FALSE,"2020-2024"
"13782",67,48,380,0.176315789473684,1005,0,62961,63036,40200,0.117647058823529,0.215686274509804,0.107905982905983,0.0938864628820961,1,0,0,0,0.999999999999998,"Delaware",FALSE,"2020-2024"
"13783",276,75,1005,0.274626865671642,879,0,51510,30357,35160,0.235772357723577,0.479674796747967,0.127407407407407,0.070506454816286,0.981884057971015,0.0072463768115942,0,0,1.00000000000001,"Delaware",FALSE,"2020-2024"
"13784",39,32,153,0.254901960784314,1093,0,76446,117969,43720,0.205128205128205,0.205128205128205,0.283783783783784,0.072463768115942,1,0,0,0,0.999999999999891,"Cortland",FALSE,"2020-2024"
"13786",11,18,182,0.0604395604395604,NA,0,54688,NA,NA,NA,NA,0.134883720930233,0.118483412322275,1,0,0,0,0.999999999999996,"Delaware",FALSE,"2020-2024"
"13787",174,139,1144,0.152097902097902,690,0,66222,NA,27600,0.134020618556701,0.752577319587629,0.111842105263158,0.00647773279352227,0.53448275862069,0,0,0.431034482758621,0.999999999999965,"Broome",FALSE,"2020-2024"
"13788",67,34,428,0.156542056074766,748,0.0821917808219178,100313,56250,29920,0.169491525423729,0.271186440677966,0.115346038114343,0.0813308687615527,0.776119402985075,0,0.0298507462686567,0,0.999999999999997,"Delaware",FALSE,"2020-2024"
"13790",3694,439,8247,0.447920455923366,1027,0.0502807554874936,59045,40248,41080,0.354616048317515,0.568306010928962,0.179495650258782,0.103939836120777,0.753113156469951,0.0952896589063346,0.081754195993503,0.0189496480779643,0.999999999999992,"Broome",FALSE,"2020-2024"
"13795",425,173,1662,0.255716004813478,997,0,56743,NA,39880,0.46831955922865,0.683195592286501,0.168211559432933,0.0333692142088267,0.887058823529412,0.0352941176470588,0.00470588235294118,0.0729411764705882,0.99999999999999,"Broome",FALSE,"2020-2024"
"13796",78,39,428,0.182242990654206,1096,0,88750,54500,43840,0.0641025641025641,0.384615384615385,0.0513245033112583,0.0310965630114566,1,0,0,0,0.999999999999993,"Otsego",FALSE,"2020-2024"
"13797",200,93,801,0.249687890137328,755,0,67316,23587,30200,0.0975609756097561,0.835365853658537,0.239735724398301,0.0771670190274841,0.805,0,0,0,1.00000000000002,"Broome",FALSE,"2020-2024"
"13801",107,38,696,0.153735632183908,900,0,69375,50078,36000,0.173913043478261,0.510869565217391,0.147135416666667,0.0566298342541436,1,0,0,0,1.00000000000001,"Chenango",FALSE,"2020-2024"
"13802",43,51,454,0.0947136563876652,NA,0,NA,NA,NA,0,0,0.33196159122085,0.010482180293501,1,0,0,0,1,"Broome",FALSE,"2020-2024"
"13803",325,89,1585,0.205047318611987,800,0.00914634146341463,63713,44250,32000,0.269662921348315,0.445692883895131,0.148981525343439,0.07666015625,0.990769230769231,0,0,0,0.999999999999995,"Cortland",FALSE,"2020-2024"
"13804",26,17,112,0.232142857142857,1125,0,45000,75278,45000,0.115384615384615,0.307692307692308,0.241803278688525,0.0537634408602151,0.884615384615385,0,0,0,0.999999999999972,"Delaware",FALSE,"2020-2024"
"13806",0,14,48,0,NA,NA,NA,NA,NA,NA,NA,0.111888111888112,0,NA,NA,NA,NA,1.00000000000001,"Delaware",FALSE,"2020-2024"
"13807",102,49,479,0.21294363256785,820,0.0555555555555556,77083,29327,32800,0.127450980392157,0.5,0.0779967159277504,0.0902777777777778,0.931372549019608,0,0.0686274509803922,0,1.00000000000002,"Otsego",FALSE,"2020-2024"
"13808",128,64,674,0.189910979228487,747,0.117241379310345,67071,57750,29880,0.112903225806452,0.379032258064516,0.130929791271347,0.031063321385902,0.9453125,0,0,0.046875,1.00000000000001,"Otsego",FALSE,"2020-2024"
"13809",83,72,580,0.143103448275862,956,0,52167,48911,38240,0.038961038961039,0.12987012987013,0.0560283687943262,0.210235131396957,1,0,0,0,1.00000000000002,"Otsego",FALSE,"2020-2024"
"13810",61,28,469,0.130063965884861,770,0,93819,NA,30800,0.236842105263158,0.605263157894737,0.126558005752637,0.0117878192534381,0.918032786885246,0.0819672131147541,0,0,1,"Otsego",FALSE,"2020-2024"
"13811",197,74,1699,0.115950559152443,826,0.0528846153846154,78418,31641,33040,0.291428571428571,0.451428571428571,0.134480251999031,0.0309757356737223,0.934010152284264,0,0,0.065989847715736,0.999999999999999,"Tioga",FALSE,"2020-2024"
"13812",218,99,969,0.224974200206398,1263,0,82679,71346,50520,0.0855263157894737,0.210526315789474,0.052099533437014,0.0374288039056143,0.990825688073395,0,0,0,0.999999999999997,"Tioga",FALSE,"2020-2024"
"13813",7,12,281,0.0249110320284698,NA,0,107813,NA,NA,0,0,0.0110330992978937,0.0225806451612903,1,0,0,0,1.00000000000001,"Broome",FALSE,"2020-2024"
"13814",0,14,9,0,NA,NA,NA,NA,NA,NA,NA,0,0,NA,NA,NA,NA,0.999999999999842,"Chenango",FALSE,"2020-2024"
"13815",1979,244,5503,0.359622024350354,881,0.00635386119257087,61469,40546,35240,0.144716293597085,0.3878188443519,0.103315909833388,0.0731234866828087,0.920161697827185,0.00353713996968166,0,0.0439615967660435,1,"Chenango",FALSE,"2020-2024"
"13820",3525,413,8604,0.409693165969317,1024,0.0562364816149964,65953,45628,40960,0.194477085781434,0.487074030552291,0.151396374326311,0.0762241775057383,0.861560283687943,0.0141843971631206,0.0340425531914894,0.0553191489361702,0.999999999999996,"Otsego",FALSE,"2020-2024"
"13825",257,121,1283,0.200311769290725,953,0.147909967845659,76875,40313,38120,0.0943396226415094,0.495283018867925,0.0864622803995866,0.0932270916334661,0.914396887159533,0,0.0311284046692607,0.0272373540856031,1.00000000000001,"Otsego",FALSE,"2020-2024"
"13826",9,10,69,0.130434782608696,NA,0,NA,NA,NA,0,0,0,0.170212765957447,0,0,0,0,0.999999999999941,"Broome",FALSE,"2020-2024"
"13827",1422,222,4947,0.287446937537902,915,0.0411328388401888,72769,35588,36600,0.23602033405955,0.525054466230937,0.194691035683203,0.0576290852833108,0.976090014064698,0.00421940928270042,0.00914205344585091,0.00351617440225035,0.999999999999989,"Tioga",FALSE,"2020-2024"
"13830",265,78,1874,0.141408751334045,937,0,62400,30363,37480,0.292682926829268,0.678048780487805,0.151175811870101,0.0751697381183317,0.947169811320755,0.0113207547169811,0,0.0415094339622641,1,"Chenango",FALSE,"2020-2024"
"13832",5,6,167,0.029940119760479,NA,0.642857142857143,78125,NA,NA,0,0,0.203125,0,1,0,0,0,0.999999999999984,"Chenango",FALSE,"2020-2024"
"13833",386,143,1585,0.243533123028391,1172,0,60409,44478,46880,0.250666666666667,0.413333333333333,0.193604362915221,0.0909090909090909,0.870466321243523,0.129533678756477,0,0,0.999999999999989,"Broome",FALSE,"2020-2024"
"13834",0,14,51,0,NA,NA,37153,NA,NA,NA,NA,0,0,NA,NA,NA,NA,1.00000000000004,"Otsego",FALSE,"2020-2024"
"13835",77,35,527,0.146110056925996,627,0,66620,52031,25080,0.137931034482759,0.413793103448276,0.0869932432432432,0.0859106529209622,0.974025974025974,0,0,0,0.999999999999986,"Tioga",FALSE,"2020-2024"
"13838",1017,236,1894,0.536958817317846,903,0,53306,41386,36120,0.267535070140281,0.402805611222445,0.198583234946871,0.0929061784897025,0.791543756145526,0.0580137659783677,0,0.148475909537856,0.999999999999945,"Delaware",FALSE,"2020-2024"
"13839",49,29,554,0.0884476534296029,858,0,54271,NA,34320,0.540540540540541,0.540540540540541,0.199558173784978,0,1,0,0,0,0.999999999999998,"Delaware",FALSE,"2020-2024"
"13841",44,44,179,0.245810055865922,1093,0,58229,30926,43720,0.0909090909090909,0.886363636363636,0.148051948051948,0.0568720379146919,1,0,0,0,1.00000000000006,"Chenango",FALSE,"2020-2024"
"13842",13,13,204,0.0637254901960784,NA,0.277777777777778,88500,NA,NA,0.692307692307692,0.692307692307692,0.0512820512820513,0.0078125,1,0,0,0,0.999999999999999,"Delaware",FALSE,"2020-2024"
"13843",86,59,730,0.117808219178082,771,0.131313131313131,79018,55500,30840,0,0.177215189873418,0.0688800792864222,0.068762278978389,1,0,0,0,1.00000000000001,"Otsego",FALSE,"2020-2024"
"13844",32,18,208,0.153846153846154,1600,0,61071,28750,64000,0.625,0.625,0.195652173913043,0.125541125541126,0.65625,0,0,0,0.999999999999994,"Chenango",FALSE,"2020-2024"
"13846",9,10,146,0.0616438356164384,NA,0,32857,NA,NA,0,0.666666666666667,0.204545454545455,0,1,0,0,0,0.999999999999998,"Delaware",FALSE,"2020-2024"
"13847",0,14,14,0,NA,NA,NA,NA,NA,NA,NA,0,0,NA,NA,NA,NA,0.999999999999962,"Delaware",FALSE,"2020-2024"
"13849",340,121,1867,0.182110337439743,857,0.0201729106628242,57917,50493,34280,0.173652694610778,0.305389221556886,0.119727891156463,0.0693877551020408,0.973529411764706,0,0.0176470588235294,0,1.00000000000007,"Otsego",FALSE,"2020-2024"
"13850",2237,333,9392,0.238181431005111,1199,0.127428127428127,83403,46116,47960,0.397708674304419,0.578286961265685,0.117259778820087,0.0258339376359681,0.713455520786768,0.0236924452391596,0.198480107286544,0.0554313813142602,1,"Broome",FALSE,"2020-2024"
"13856",570,168,2645,0.215500945179584,819,0.0578512396694215,48958,24931,32760,0.221797323135755,0.405353728489484,0.238904948138072,0.0892341040462428,0.945614035087719,0,0.0245614035087719,0.0157894736842105,0.999999999999999,"Delaware",FALSE,"2020-2024"
"13859",0,14,32,0,NA,NA,53846,NA,NA,NA,NA,0.0714285714285714,0,NA,NA,NA,NA,1.00000000000002,"Otsego",FALSE,"2020-2024"
"13860",18,31,91,0.197802197802198,NA,0.672727272727273,143315,NA,NA,1,1,0,0,1,0,0,0,1.00000000000003,"Delaware",FALSE,"2020-2024"
"13861",116,143,291,0.398625429553265,NA,0,57847,NA,NA,0,0,0.012987012987013,0.0087463556851312,1,0,0,0,0.999999999999986,"Otsego",FALSE,"2020-2024"
"13862",317,78,1334,0.237631184407796,851,0.0593471810089021,63487,44375,34040,0.104166666666667,0.45,0.161046511627907,0.124849215922799,0.965299684542587,0,0,0.0157728706624606,1.00000000000001,"Broome",FALSE,"2020-2024"
"13863",9,10,174,0.0517241379310345,NA,0,73333,NA,NA,0,0.222222222222222,0.112565445026178,0.114427860696517,0.222222222222222,0,0,0,1.00000000000001,"Cortland",FALSE,"2020-2024"
"13864",148,115,660,0.224242424242424,731,0,60389,NA,29240,0,0,0.16196542311192,0.0433482810164425,1,0,0,0,0.999999999999976,"Tioga",FALSE,"2020-2024"
"13865",295,98,2493,0.118331327717609,839,0.0422077922077922,73623,33992,33560,0.301960784313725,0.376470588235294,0.114588954847994,0.0860176991150442,0.949152542372881,0.00338983050847458,0,0.0101694915254237,1.00000000000001,"Broome",FALSE,"2020-2024"
"13901",3848,400,8835,0.435540464063384,797,0.0812514592575298,55523,23237,31880,0.339872893064382,0.543520309477756,0.2356153093288,0.0788283193847546,0.743503118503118,0.167359667359667,0.014033264033264,0.0766632016632017,1,"Broome",FALSE,"2020-2024"
"13902",0,19,0,NA,NA,NA,NA,NA,NA,NA,NA,NA,0.255240443896424,NA,NA,NA,NA,1.00000000000003,"Broome",FALSE,"2020-2024"
"13903",2433,352,7827,0.310847067842085,858,0.106676342525399,66278,42135,34320,0.261398176291793,0.418584455058619,0.162502851927903,0.106648817492191,0.744348540896013,0.141389231401562,0.0300041101520756,0.0669954788327168,1,"Broome",FALSE,"2020-2024"
"13904",1288,299,3645,0.353360768175583,936,0.0974071478626489,53984,35978,37440,0.240516545601291,0.520581113801453,0.231608548931384,0.143298479087452,0.633540372670807,0.187888198757764,0,0.111024844720497,0.999999999999996,"Broome",FALSE,"2020-2024"
"13905",6255,459,11815,0.529411764705882,993,0.11473165388828,53362,36510,39720,0.325125715276574,0.518293740246229,0.304242106838246,0.0676572417772649,0.644284572342126,0.125979216626699,0.106474820143885,0.101518784972022,0.99999999999998,"Broome",FALSE,"2020-2024"
"14001",823,192,4085,0.201468788249694,766,0,75107,37070,30640,0.14735516372796,0.503778337531486,0.0631697687535251,0.044006417602567,0.972053462940462,0,0,0,1,"Erie",FALSE,"2020-2024"
"14004",608,151,4122,0.147501213003396,938,0,90839,43377,37520,0.159722222222222,0.309027777777778,0.0528753377074489,0.0538970146263274,0.924342105263158,0,0,0.0756578947368421,1.00000000000001,"Erie",FALSE,"2020-2024"
"14005",92,47,662,0.138972809667674,1314,0,105082,90500,52560,0.028169014084507,0.140845070422535,0.028372900984366,0.0734649122807018,0.978260869565217,0,0,0,0.999999999999999,"Genesee",FALSE,"2020-2024"
"14006",418,122,4224,0.0989583333333333,950,0.0118203309692671,65972,45417,38000,0.281420765027322,0.371584699453552,0.123930235077456,0.0422442244224422,0.794258373205742,0,0,0.0311004784688995,0.999999999999996,"Erie",FALSE,"2020-2024"
"14008",148,84,619,0.239095315024233,629,0,77702,32206,25160,0.128378378378378,0.195945945945946,0.0316233309908644,0,0.655405405405405,0,0,0,0.999999999999998,"Niagara",FALSE,"2020-2024"
"14009",607,123,2762,0.219768283852281,829,0,62761,36840,33160,0.199649737302977,0.371278458844133,0.0963813500347947,0.0324976787372331,0.968698517298188,0,0,0,0.999999999999999,"Wyoming",FALSE,"2020-2024"
"14011",498,115,2279,0.218516893374287,821,0.0879120879120879,74946,29214,32840,0.215158924205379,0.418092909535452,0.0939445387662705,0.0348972469949593,0.891566265060241,0,0,0.0602409638554217,1,"Wyoming",FALSE,"2020-2024"
"14012",148,58,1179,0.125530110262935,715,0,72083,28750,28600,0.190082644628099,0.537190082644628,0.13500515286843,0.0390206579954093,1,0,0,0,0.999999999999998,"Niagara",FALSE,"2020-2024"
"14013",73,27,567,0.128747795414462,983,0,72768,55481,39320,0.0545454545454545,0.0545454545454545,0.11154144074361,0.013953488372093,0.698630136986301,0,0,0,0.999999999999996,"Genesee",FALSE,"2020-2024"
"14020",3882,358,10493,0.36996092633184,937,0.0558497833413577,62655,39455,37480,0.219800914716169,0.468388485337638,0.128206335012002,0.0583855443566694,0.820968572900567,0.0623390005151984,0.00824317362184441,0.0770221535291087,1,"Genesee",FALSE,"2020-2024"
"14024",114,44,704,0.161931818181818,747,0,86833,26667,29880,0.405940594059406,0.514851485148515,0.121590909090909,0.0175438596491228,1,0,0,0,1,"Wyoming",FALSE,"2020-2024"
"14025",165,95,1415,0.11660777385159,1250,0,115188,94583,50000,0.266666666666667,0.266666666666667,0.0521122417514647,0.0336448598130841,0.951515151515152,0,0.0484848484848485,0,1,"Erie",FALSE,"2020-2024"
"14026",46,30,308,0.149350649350649,2338,0,88750,NA,93520,0.304347826086957,1,0.0226904376012966,0,1,0,0,0,1,"Erie",FALSE,"2020-2024"
"14027",6,8,41,0.146341463414634,NA,0,NA,NA,NA,0,0,0.345070422535211,0,1,0,0,0,0.999999999999997,"Erie",FALSE,"2020-2024"
"14028",33,38,516,0.063953488372093,1688,0,89188,NA,67520,0.19047619047619,0.619047619047619,0.0947791164658635,0.0206540447504303,0.636363636363636,0,0,0.363636363636364,1.00000000000001,"Niagara",FALSE,"2020-2024"
"14029",2,3,12,0.166666666666667,NA,0,145000,NA,NA,NA,NA,0.1,0,1,0,0,0,0.999999999999996,"Allegany",FALSE,"2020-2024"
"14030",103,64,744,0.138440860215054,813,0,78182,36790,32520,0,0,0.159651669085631,0.0172786177105832,0.83495145631068,0,0,0,1,"Erie",FALSE,"2020-2024"
"14031",816,292,4202,0.19419324131366,947,0,103750,60016,37880,0.160462130937099,0.309370988446727,0.0936468646864686,0.0439759036144578,0.981617647058823,0,0,0,1,"Erie",FALSE,"2020-2024"
"14032",179,74,3823,0.0468218676432121,1444,0,168711,NA,57760,0.141104294478528,0.288343558282209,0.0392659826361484,0.0340823970037453,0.837988826815642,0,0,0.0837988826815642,1,"Erie",FALSE,"2020-2024"
"14033",68,48,711,0.0956399437412096,970,0,87431,32206,38800,0.372549019607843,0.372549019607843,0.0857699805068226,0,1,0,0,0,0.999999999999999,"Erie",FALSE,"2020-2024"
"14034",133,67,759,0.175230566534914,887,0,62412,70903,35480,0,0.276315789473684,0.0383497966298664,0.0115681233933162,0.962406015037594,0,0,0.037593984962406,1,"Erie",FALSE,"2020-2024"
"14035",7,11,48,0.145833333333333,NA,0,91250,NA,NA,1,1,0.0657894736842105,0.0625,1,0,0,0,0.999999999999998,"Erie",FALSE,"2020-2024"
"14036",328,134,2277,0.144049187527448,944,0,88466,61719,37760,0.11400651465798,0.296416938110749,0.103424420615704,0.0480167014613779,0.99390243902439,0,0,0,0.999999999999998,"Genesee",FALSE,"2020-2024"
"14037",42,36,378,0.111111111111111,NA,0,93594,70556,NA,0,0.228571428571429,0.0696902654867257,0.0200445434298441,1,0,0,0,1,"Wyoming",FALSE,"2020-2024"
"14039",11,13,49,0.224489795918367,NA,0,62917,NA,NA,0,0.636363636363636,0.094017094017094,0.06,0.363636363636364,0,0,0,1.00000000000001,"Wyoming",FALSE,"2020-2024"
"14040",58,57,760,0.0763157894736842,NA,0,88779,NA,NA,0,0,0.034010152284264,0,1,0,0,0,0.999999999999992,"Genesee",FALSE,"2020-2024"
"14041",25,22,93,0.268817204301075,1229,0.431818181818182,75938,97292,49160,0.28,0.28,0.107142857142857,0,0.76,0,0,0.24,0.999999999999996,"Cattaraugus",FALSE,"2020-2024"
"14042",442,105,1808,0.244469026548673,780,0.0494623655913978,47431,37188,31200,0.263768115942029,0.428985507246377,0.19081451408272,0.0279569892473118,0.902714932126697,0.0542986425339367,0,0.00452488687782805,1,"Cattaraugus",FALSE,"2020-2024"
"14043",3137,401,11261,0.278572062871859,1084,0.0556547619047619,74112,53525,43360,0.275572765408196,0.47757341077767,0.0785985985985986,0.0315311965494162,0.8737647433854,0.0337902454574434,0.0111571565189672,0.0443098501753267,0.999999999999995,"Erie",FALSE,"2020-2024"
"14047",518,165,2554,0.202819107282694,958,0,78816,65950,38320,0.153508771929825,0.243421052631579,0.136870114751372,0.0215727209464161,0.957528957528958,0,0,0,0.999999999999999,"Erie",FALSE,"2020-2024"
"14048",2380,299,6455,0.36870642912471,869,0.0262838657501011,56431,35710,34760,0.223887174966946,0.466284706919348,0.216866639084264,0.0409063260340633,0.480252100840336,0.121008403361345,0,0.381932773109244,1,"Chautauqua",FALSE,"2020-2024"
"14051",1478,281,8007,0.184588485075559,1864,0,135663,68750,74560,0.264643613267466,0.510938602681722,0.0429606363037641,0.0290534208059981,0.780108254397835,0.0108254397834912,0.108254397834912,0.0771312584573748,0.999999999999996,"Erie",FALSE,"2020-2024"
"14052",1050,221,7402,0.141853553093758,1066,0.0506329113924051,99970,65227,42640,0.13030602171767,0.338598223099704,0.0280646478791061,0.0375704445835942,0.951428571428571,0.00476190476190476,0.00857142857142857,0.0352380952380952,0.999999999999995,"Erie",FALSE,"2020-2024"
"14054",141,62,542,0.260147601476015,1016,0,79286,39886,40640,0.148936170212766,0.51063829787234,0.11214953271028,0.0352941176470588,0.893617021276596,0,0,0.0780141843971631,1.00000000000002,"Genesee",FALSE,"2020-2024"
"14055",81,76,721,0.112343966712899,NA,0,51089,NA,NA,0.0493827160493827,0.555555555555556,0.078984485190409,0.0403877221324717,1,0,0,0,1,"Erie",FALSE,"2020-2024"
"14056",0,14,89,0,NA,NA,58176,NA,NA,NA,NA,0,NA,NA,NA,NA,NA,0.999999999999996,"Genesee",FALSE,"2020-2024"
"14057",346,140,3105,0.111433172302738,865,0,92410,44531,34600,0.217532467532468,0.36038961038961,0.0929458456023557,0.036983669548511,1,0,0,0,0.999999999999997,"Erie",FALSE,"2020-2024"
"14058",98,53,764,0.128272251308901,971,0,102750,47222,38840,0.0864197530864197,0.444444444444444,0.0679324894514768,0.0726072607260726,0.704081632653061,0,0,0.295918367346939,1,"Genesee",FALSE,"2020-2024"
"14059",438,210,3511,0.124750783252635,1160,0,113555,63051,46400,0.124401913875598,0.351674641148325,0.0424362357080035,0.0670510356609011,1,0,0,0,0.999999999999998,"Erie",FALSE,"2020-2024"
"14060",20,18,152,0.131578947368421,NA,0,62000,34375,NA,0.333333333333333,0.333333333333333,0.0856353591160221,0.162921348314607,1,0,0,0,0.999999999999998,"Allegany",FALSE,"2020-2024"
"14061",6,9,33,0.181818181818182,NA,0,111250,NA,NA,1,1,0.204301075268817,0,1,0,0,0,1.00000000000004,"Erie",FALSE,"2020-2024"
"14062",194,114,1367,0.141916605705925,1026,0,83125,29773,41040,0.0961538461538462,0.66025641025641,0.122473974280465,0.0447180816591056,1,0,0,0,1.00000000000001,"Chautauqua",FALSE,"2020-2024"
"14063",1978,339,5289,0.373983739837398,866,0.0830641439778496,57937,27188,34640,0.441356309060589,0.596998332406893,0.219952494061758,0.0538834951456311,0.693629929221436,0.0596562184024267,0.0278058645096057,0.232052578361982,1,"Chautauqua",FALSE,"2020-2024"
"14065",63,64,641,0.0982839313572543,488,0,61058,38849,19520,0,0.174603174603175,0.119572057898049,0.0247747747747748,1,0,0,0,0.999999999999995,"Cattaraugus",FALSE,"2020-2024"
"14066",68,45,475,0.143157894736842,692,0,64750,53750,27680,0.129032258064516,0.129032258064516,0.0870445344129555,0.0499168053244592,1,0,0,0,0.999999999999999,"Wyoming",FALSE,"2020-2024"
"14067",220,96,1690,0.130177514792899,802,0,95671,91310,32080,0.080188679245283,0.080188679245283,0.0646397547266224,0.015828677839851,0.786363636363636,0,0,0.1,0.999999999999996,"Niagara",FALSE,"2020-2024"
"14068",1088,199,3366,0.323232323232323,1475,0.112877583465819,98750,62632,59000,0.353170731707317,0.616585365853659,0.133067921341537,0.0167583791895948,0.85202205882353,0.0459558823529412,0.0450367647058824,0.015625,1,"Erie",FALSE,"2020-2024"
"14069",44,46,215,0.204651162790698,NA,0,85469,NA,NA,0,1,0.0767494356659142,0,0.590909090909091,0,0,0.409090909090909,1.00000000000001,"Erie",FALSE,"2020-2024"
"14070",381,107,2031,0.187592319054653,771,0.216269841269841,53310,29129,30840,0.321022727272727,0.647727272727273,0.146422628951747,0.0515414258188825,0.863517060367454,0,0,0.094488188976378,1.00000000000001,"Cattaraugus",FALSE,"2020-2024"
"14072",1622,371,8807,0.184171681616896,1199,0.00551808706315144,115991,57000,47960,0.176214196762142,0.435242839352428,0.0414699144420029,0.0352667382742571,0.836621454993835,0.0339087546239211,0.0770653514180025,0.0524044389642417,1,"Erie",FALSE,"2020-2024"
"14075",5264,481,19927,0.264164199327546,1179,0.02906548933039,83383,53328,47160,0.162140889413617,0.432310114128296,0.0551608763406362,0.0485050686513538,0.929331306990882,0.0146276595744681,0.00322948328267477,0.0131079027355623,1,"Erie",FALSE,"2020-2024"
"14080",208,99,1988,0.104627766599598,773,0,76786,23750,30920,0.302439024390244,0.634146341463415,0.0813796212804328,0.0355535553555356,1,0,0,0,1,"Erie",FALSE,"2020-2024"
"14081",206,57,1124,0.183274021352313,861,0,65778,NA,34440,0.41358024691358,0.487654320987654,0.149358226371062,0.0705229793977813,0.592233009708738,0,0,0.0388349514563107,0.999999999999997,"Erie",FALSE,"2020-2024"
"14082",9,13,166,0.0542168674698795,NA,0,93571,NA,NA,0,0.111111111111111,0.0268041237113402,0.0179372197309417,0.888888888888889,0,0,0,0.999999999999996,"Wyoming",FALSE,"2020-2024"
"14083",0,14,25,0,NA,NA,91806,NA,NA,NA,NA,0,0,NA,NA,NA,NA,1.00000000000002,"Wyoming",FALSE,"2020-2024"
"14085",55,51,3044,0.0180683311432326,NA,0,129563,51033,NA,0,0.311111111111111,0.0442677427011631,0.0265350877192982,0.745454545454545,0,0,0,1.00000000000001,"Erie",FALSE,"2020-2024"
"14086",2469,447,14987,0.164742777073464,1125,0,99499,51433,45000,0.217188823031329,0.460626587637595,0.0422654747086115,0.0205574733371117,0.932361279870393,0.0129607128392062,0.0222762251923856,0.0267314702308627,1,"Erie",FALSE,"2020-2024"
"14091",65,47,504,0.128968253968254,NA,0,82833,NA,NA,0.464285714285714,0.642857142857143,0.21048632218845,0.0288624787775891,0.384615384615385,0,0,0,1,"Erie",FALSE,"2020-2024"
"14092",1361,374,4890,0.278323108384458,977,0.0908483633934536,72218,39076,39080,0.356748224151539,0.471191791633781,0.11549211419445,0.0325706039991754,0.900073475385746,0,0.0102865540044085,0,1.00000000000001,"Niagara",FALSE,"2020-2024"
"14094",6081,505,21642,0.280981425006931,894,0.0339952343129468,75427,39188,35760,0.192955058129446,0.402221065417317,0.112217541171965,0.0506310152417331,0.770432494655484,0.109357013649071,0.0100312448610426,0.0504851175793455,1,"Niagara",FALSE,"2020-2024"
"14098",172,66,1035,0.166183574879227,932,0.0947368421052632,91042,31500,37280,0.367741935483871,0.406451612903226,0.177001127395716,0.0120937263794407,0.947674418604651,0,0,0,1.00000000000001,"Orleans",FALSE,"2020-2024"
"14101",155,66,780,0.198717948717949,1058,0.0773809523809524,73116,64063,42320,0.028169014084507,0.246478873239437,0.189973614775726,0.021566401816118,0.812903225806452,0,0,0.187096774193548,1,"Cattaraugus",FALSE,"2020-2024"
"14102",68,67,665,0.102255639097744,NA,0,119327,NA,NA,0,0.654545454545455,0,0.023417172593235,1,0,0,0,1.00000000000001,"Erie",FALSE,"2020-2024"
"14103",1348,215,4549,0.29632886348648,920,0,69926,46903,36800,0.16887417218543,0.30794701986755,0.109061519444709,0.0460104834012813,0.939910979228487,0.00667655786350148,0.0267062314540059,0.0103857566765579,1,"Orleans",FALSE,"2020-2024"
"14105",450,171,2026,0.222112537018756,794,0,92405,78333,31760,0.0455635491606715,0.220623501199041,0.0369114877589454,0.0299556213017751,0.72,0,0,0,1,"Niagara",FALSE,"2020-2024"
"14108",384,184,2224,0.172661870503597,860,0,76345,58443,34400,0,0.128472222222222,0.122529644268775,0.0913357400722022,0.890625,0,0,0,0.999999999999998,"Niagara",FALSE,"2020-2024"
"14109",0,14,0,NA,NA,NA,NA,NA,NA,NA,NA,NA,0.104384133611691,NA,NA,NA,NA,1.00000000000003,"Niagara",FALSE,"2020-2024"
"14111",352,75,1306,0.269525267993874,926,0,90700,66786,37040,0.259786476868327,0.345195729537367,0.0606251973476476,0.0343137254901961,0.920454545454545,0,0,0.0795454545454545,1,"Erie",FALSE,"2020-2024"
"14112",0,14,0,NA,NA,NA,NA,NA,NA,NA,NA,NA,NA,NA,NA,NA,NA,0.999999999999989,"Erie",FALSE,"2020-2024"
"14113",13,10,287,0.0452961672473868,NA,0,102798,NA,NA,1,1,0.0507757404795487,0.00869565217391304,1,0,0,0,0.999999999999994,"Wyoming",FALSE,"2020-2024"
"14120",5394,410,19584,0.275428921568627,954,0.0354077253218884,74871,38889,38160,0.258788480635551,0.522740814299901,0.102543665884818,0.0514320642682501,0.845383759733037,0.0708194289951798,0.0166852057842047,0.0368928439006303,0.999999999999995,"Niagara",FALSE,"2020-2024"
"14125",486,108,1388,0.35014409221902,954,0,70294,34516,38160,0.119700748129676,0.553615960099751,0.201216141514649,0.0481586402266289,0.897119341563786,0,0,0.0637860082304527,0.999999999999999,"Genesee",FALSE,"2020-2024"
"14126",10,18,67,0.149253731343284,NA,0,167723,NA,NA,NA,NA,0,0,1,0,0,0,0.999999999999966,"Niagara",FALSE,"2020-2024"
"14127",3499,524,13432,0.260497319833234,1270,0.0315527262662607,109386,64830,50800,0.134718287692792,0.447592067988669,0.0702934768678713,0.0468020541549953,0.924835667333524,0.0194341240354387,0,0.0314375535867391,0.999999999999998,"Erie",FALSE,"2020-2024"
"14129",58,35,473,0.12262156448203,1034,0,68542,NA,41360,0.482758620689655,0.586206896551724,0.184466019417476,0.0824742268041237,0.827586206896552,0,0,0,1,"Cattaraugus",FALSE,"2020-2024"
"14130",7,10,27,0.259259259259259,NA,0,70114,NA,NA,0,1,0.1,0,1,0,0,0,1.00000000000003,"Wyoming",FALSE,"2020-2024"
"14131",251,110,2042,0.122918707149853,885,0.166112956810631,85909,29848,35400,0.104347826086957,0.630434782608696,0.0691165270373191,0.0232296740352192,0.940239043824701,0,0,0.0597609561752988,1,"Niagara",FALSE,"2020-2024"
"14132",311,123,2234,0.139212175470009,946,0.00638977635782748,97210,47444,37840,0.0774410774410774,0.178451178451178,0.0760904170646291,0.0527570789865872,0.710610932475884,0,0.215434083601286,0,0.999999999999994,"Niagara",FALSE,"2020-2024"
"14134",0,14,22,0,NA,NA,NA,NA,NA,NA,NA,0.71875,0,NA,NA,NA,NA,1.00000000000001,"Erie",FALSE,"2020-2024"
"14135",11,16,60,0.183333333333333,NA,0,80833,NA,NA,0,1,0.0888888888888889,0,1,0,0,0,1.00000000000001,"Chautauqua",FALSE,"2020-2024"
"14136",410,109,2259,0.18149623727313,952,0.156378600823045,69567,46776,38080,0.216710182767624,0.331592689295039,0.144651764271199,0.0565960912052117,0.880487804878049,0,0,0.0609756097560976,0.999999999999999,"Chautauqua",FALSE,"2020-2024"
"14138",248,128,822,0.301703163017032,892,0.0387596899224806,56868,55363,35680,0.0841121495327103,0.420560747663551,0.252725470763132,0.0247718383311604,0.645161290322581,0,0,0.342741935483871,1,"Cattaraugus",FALSE,"2020-2024"
"14139",102,47,764,0.133507853403141,1694,0,86402,79868,67760,0.285714285714286,0.285714285714286,0.0715658021133525,0.0195694716242661,0.823529411764706,0,0,0,0.999999999999997,"Erie",FALSE,"2020-2024"
"14141",834,172,3183,0.262016965127238,721,0.0723025583982203,80906,26250,28840,0.199186991869919,0.638211382113821,0.0753378830456309,0.0410602910602911,0.936450839328537,0,0.00719424460431655,0.0359712230215827,1,"Erie",FALSE,"2020-2024"
"14143",67,43,485,0.138144329896907,735,0.367924528301887,95893,72054,29400,0,0.0701754385964912,0.0825688073394495,0.0337941628264209,0.985074626865672,0,0,0.0149253731343284,0.999999999999993,"Genesee",FALSE,"2020-2024"
"14145",98,45,555,0.176576576576577,856,0,85114,31111,34240,0.351648351648352,0.615384615384615,0.0565400843881857,0.00870827285921625,1,0,0,0,0.999999999999996,"Wyoming",FALSE,"2020-2024"
"14150",5458,614,19548,0.279210149375895,1132,0.0314974485307056,71406,38672,45280,0.283641423176307,0.564102564102564,0.106304860553894,0.0435685564049313,0.83803591058996,0.0824477830707219,0.0280322462440454,0.0445218028581898,1,"Erie",FALSE,"2020-2024"
"14166",0,14,73,0,NA,NA,101629,NA,NA,NA,NA,0,0,NA,NA,NA,NA,1.00000000000002,"Chautauqua",FALSE,"2020-2024"
"14167",106,37,852,0.124413145539906,703,0,67132,62619,28120,0.0638297872340425,0.297872340425532,0.130820399113082,0.103881278538813,0.981132075471698,0,0,0,1,"Wyoming",FALSE,"2020-2024"
"14168",0,14,30,0,NA,NA,NA,NA,NA,NA,NA,0.18,0,NA,NA,NA,NA,0.999999999999964,"Cattaraugus",FALSE,"2020-2024"
"14169",0,14,77,0,NA,NA,61782,NA,NA,NA,NA,0,0,NA,NA,NA,NA,0.999999999999936,"Erie",FALSE,"2020-2024"
"14170",94,71,898,0.10467706013363,855,0,116746,NA,34200,0.195402298850575,0.64367816091954,0.0226876090750436,0.0296577946768061,1,0,0,0,0.999999999999998,"Erie",FALSE,"2020-2024"
"14171",41,36,754,0.0543766578249337,643,0,75625,NA,25720,0,0.260869565217391,0.0620732464307883,0.00835654596100279,1,0,0,0,1,"Cattaraugus",FALSE,"2020-2024"
"14172",209,92,1398,0.149499284692418,1060,0,81330,NA,42400,0.409326424870466,0.61139896373057,0.125769854132901,0.0293501048218029,0.84688995215311,0.0382775119617225,0,0.0574162679425837,1,"Niagara",FALSE,"2020-2024"
"14173",0,14,97,0,NA,NA,NA,NA,NA,NA,NA,0.0338345864661654,0,NA,NA,NA,NA,1.00000000000001,"Cattaraugus",FALSE,"2020-2024"
"14174",560,187,2461,0.227549776513612,1145,0.0588235294117647,79695,61230,45800,0.194552529182879,0.392996108949416,0.0816722526018698,0.0287854889589905,0.9625,0,0,0,0.999999999999998,"Niagara",FALSE,"2020-2024"
"14201",4598,396,6022,0.763533709730986,1053,0.0847929936305732,40512,31086,42120,0.285210439689631,0.573477545262168,0.394712777454485,0.0774147727272727,0.445193562418443,0.167899086559374,0.0130491518051327,0.366681165724228,0.999999999999992,"Erie",FALSE,"2020-2024"
"14202",1720,217,2203,0.780753517930095,803,0.0544255085211655,56528,40410,32120,0.20232985898222,0.354383813611281,0.142977765268787,0.05863921217547,0.4,0.284883720930233,0.047093023255814,0.266279069767442,0.999999999999972,"Erie",FALSE,"2020-2024"
"14203",1623,354,1668,0.973021582733813,1331,0.0127737226277372,56141,55959,53240,0.159547738693467,0.445979899497487,0.319570602807597,0.0334014996591684,0.370918052988293,0.404805914972274,0.0764017252002465,0.118915588416513,0.999999999999994,"Erie",FALSE,"2020-2024"
"14204",3199,414,4353,0.734895474385481,851,0.0625358577165806,28182,20864,34040,0.323076923076923,0.511111111111111,0.376709652207894,0.056495371848069,0.231322288215067,0.57267896217568,0.00250078149421694,0.163488590184433,0.999999999999993,"Erie",FALSE,"2020-2024"
"14206",3667,405,9320,0.393454935622318,908,0.0395421436004162,50450,35784,36320,0.253542357552005,0.558034368405185,0.215749930433169,0.0859516760576831,0.658849195527679,0.160621761658031,0.00981728933733297,0.129806381238069,1.00000000000001,"Erie",FALSE,"2020-2024"
"14207",6862,689,10550,0.65042654028436,964,0.0350161721276895,39753,32821,38560,0.344244149272612,0.518184693232132,0.323471175081867,0.0699246667954414,0.405566890119499,0.229670649956281,0.058874963567473,0.256630719906733,0.999999999999995,"Erie",FALSE,"2020-2024"
"14208",2184,405,4727,0.462026655383964,967,0.0541346973572037,48476,32365,38680,0.346098611775969,0.584011488750598,0.230915535575344,0.0800271278399457,0.166666666666667,0.761446886446886,0.0338827838827839,0.0283882783882784,0.999999999999973,"Erie",FALSE,"2020-2024"
"14209",2866,355,4323,0.662965533194541,1141,0.0440293529019346,50046,37135,45640,0.342133428469497,0.54405993578309,0.217858078030898,0.0629868684620521,0.561409630146546,0.341939986043266,0.0394277739009072,0.0450104675505932,0.999999999999971,"Erie",FALSE,"2020-2024"
"14210",3911,421,7258,0.538853678699366,1006,0.0132798797293911,54197,36919,40240,0.260881392818281,0.475244831338411,0.211035194018306,0.0689066806667542,0.804142163129634,0.0434671439529532,0.00920480695474303,0.0825875735106111,0.999999999999972,"Erie",FALSE,"2020-2024"
"14211",5304,587,9671,0.5484438010547,1073,0.025179195000919,36300,33122,42920,0.360872174434887,0.59131826365273,0.34378312270689,0.0921554478919699,0.105392156862745,0.651206636500754,0.10105580693816,0.122549019607843,0.999999999999993,"Erie",FALSE,"2020-2024"
"14212",2204,387,4668,0.472150814053128,990,0.0708263069139966,44020,24960,39600,0.386328327291559,0.597099948213361,0.345298242968102,0.0870040043684019,0.318058076225045,0.514065335753176,0.0862068965517241,0.0494555353901996,1.00000000000001,"Erie",FALSE,"2020-2024"
"14213",5744,604,9492,0.605141171512853,1100,0.0237293840457758,53870,41492,44000,0.273107714701601,0.525291120815138,0.245483346176899,0.0668275632490013,0.454735376044568,0.185933147632312,0.0858286908077994,0.211525069637883,1.00000000000001,"Erie",FALSE,"2020-2024"
"14214",5001,585,8670,0.57681660899654,1131,0.0374041518608566,58228,40390,45240,0.377123912142561,0.525279734769996,0.254393803991659,0.0581242898348047,0.390321935612877,0.403519296140772,0.0631873625274945,0.105778844231154,1,"Erie",FALSE,"2020-2024"
"14215",8366,738,16733,0.499970118926672,1039,0.0356896154731752,44955,31533,41560,0.36975546975547,0.58996138996139,0.287548609582508,0.0715991720184704,0.14929476452307,0.71886206072197,0.0432703801099689,0.0541477408558451,1.00000000000001,"Erie",FALSE,"2020-2024"
"14216",6326,648,11638,0.543564186286304,1211,0.0608426635238656,69629,50194,48440,0.30567612687813,0.462771285475793,0.152780213997544,0.0489329596895883,0.670565918431869,0.223205817262093,0.017862788491938,0.0575403098324376,1.00000000000001,"Erie",FALSE,"2020-2024"
"14217",3649,426,10743,0.339663036395793,1026,0.0127164502164502,73800,42237,41040,0.207654955726935,0.454727220794059,0.105556562726613,0.0540866290018832,0.761578514661551,0.0860509728692792,0.0252123869553302,0.0901616881337353,1.00000000000001,"Erie",FALSE,"2020-2024"
"14218",3774,360,8613,0.438174851967955,878,0.0316787228735345,54748,31401,35120,0.262611703660997,0.50533294897665,0.222244211359588,0.0665921787709497,0.61075781664017,0.164811870694224,0.00556438791732909,0.176205617382088,0.999999999999999,"Erie",FALSE,"2020-2024"
"14219",1372,211,5213,0.263188183387685,957,0,78569,41500,38280,0.237875288683603,0.434949961508853,0.11209162598573,0.07221269296741,0.884110787172012,0.0255102040816327,0.0291545189504373,0.0459183673469388,0.999999999999996,"Erie",FALSE,"2020-2024"
"14220",3056,421,10435,0.292860565404887,1060,0.0817307692307692,70963,50691,42400,0.208088489457311,0.44175596266851,0.125123314699112,0.0663980901223515,0.665248691099476,0.100785340314136,0.00327225130890052,0.199934554973822,1,"Erie",FALSE,"2020-2024"
"14221",6134,601,24532,0.25004076308495,1603,0.0612182430364249,101615,54907,64120,0.336082474226804,0.560996563573883,0.0710236191390741,0.0256829242300451,0.793609390283665,0.0347244864688621,0.0940658624062602,0.0435278774046299,1,"Erie",FALSE,"2020-2024"
"14222",4145,516,6894,0.601247461560777,1174,0.0205140297099741,81652,59954,46960,0.242559523809524,0.443948412698413,0.128361948272051,0.066167697147196,0.724728588661037,0.103980699638118,0.0294330518697226,0.112424607961399,0.999999999999973,"Erie",FALSE,"2020-2024"
"14223",1984,491,10383,0.191081575652509,1025,0.0928212162780064,84161,40817,41000,0.204785754034502,0.457985531441291,0.0954809525921327,0.0244824057309297,0.789314516129032,0.0619959677419355,0.0136088709677419,0.0100806451612903,1.00000000000002,"Erie",FALSE,"2020-2024"
"14224",4347,474,18256,0.238113496932515,1129,0.0258470894874023,80052,44623,45160,0.228423899680354,0.487582985001229,0.0854917852696336,0.0481280989855798,0.890499194847021,0.044168391994479,0.00138026224982747,0.05175983436853,1,"Erie",FALSE,"2020-2024"
"14225",4204,472,15541,0.270510263174828,965,0.0457296570275723,67237,40567,38600,0.256072351421189,0.533074935400517,0.120288331581319,0.0440556829697584,0.65080875356803,0.220980019029496,0.0107040913415794,0.0480494766888677,0.999999999999991,"Erie",FALSE,"2020-2024"
"14226",3607,377,12449,0.289742147963692,1136,0.0522858644245928,84325,47891,45440,0.242630385487528,0.405895691609977,0.115810639198533,0.0265619154508043,0.693928472414749,0.110618242306626,0.152758525090103,0.0421402827834766,1.00000000000001,"Erie",FALSE,"2020-2024"
"14227",3303,345,9979,0.330995089688346,1109,0.0192992874109264,68928,48203,44360,0.22715816005041,0.431001890359168,0.0625432953983177,0.0335588392380274,0.636996669694217,0.199818346957312,0.0551014229488344,0.082954889494399,1,"Erie",FALSE,"2020-2024"
"14228",4987,495,10626,0.469320534537926,1334,0.0201394268009295,74871,41851,53360,0.341474051460968,0.563017880505888,0.169730293787125,0.0742734122712594,0.691798676559054,0.0693803890114297,0.164628032885502,0.0587527571686385,1,"Erie",FALSE,"2020-2024"
"14260",0,14,0,NA,NA,NA,NA,NA,NA,NA,NA,NA,0,NA,NA,NA,NA,0.999999999999988,"Erie",FALSE,"2020-2024"
"14261",0,19,0,NA,NA,NA,NA,NA,NA,NA,NA,NA,0.010194624652456,NA,NA,NA,NA,0.999999999999993,"Erie",FALSE,"2020-2024"
"14301",3202,438,5918,0.541061169313957,748,0.0440875912408759,34549,20698,29920,0.324931880108992,0.641348773841962,0.359787372936678,0.116719914802982,0.622423485321674,0.289818863210493,0.0018738288569644,0.0671455340412242,0.999999999999985,"Niagara",FALSE,"2020-2024"
"14302",95,108,95,1,NA,0.136363636363636,NA,NA,NA,1,1,1,NA,0,1,0,0,0.999999999999896,"Niagara",FALSE,"2020-2024"
"14303",1649,318,2958,0.557471264367816,862,0.0216881594372802,45646,31237,34480,0.174374526156179,0.4275966641395,0.273399014778325,0.126855123674912,0.502728926622195,0.215888417222559,0.0175864160097029,0.135233474833232,0.999999999999995,"Niagara",FALSE,"2020-2024"
"14304",3239,386,13021,0.248752015974196,971,0.0361267397098016,66660,44317,38840,0.229152987524622,0.481286933683519,0.132607501030361,0.0667999448504067,0.833899351651744,0.0497066995986416,0.00957085520222291,0.0555727076258104,1,"Niagara",FALSE,"2020-2024"
"14305",2767,342,7214,0.383559744940394,896,0.0773572377158035,51004,24184,35840,0.432977461447212,0.617635429023329,0.239310512851748,0.101937756899589,0.379110950487893,0.441272135887243,0.00795084929526563,0.073726057101554,0.999999999999998,"Niagara",FALSE,"2020-2024"
"14411",1346,285,4923,0.273410522039407,858,0.0117474302496329,55641,31667,34320,0.357950263752826,0.418236623963828,0.171122505035708,0.0737344794651385,0.893016344725111,0.0542347696879643,0,0,1,"Orleans",FALSE,"2020-2024"
"14413",0,14,8,0,NA,NA,NA,NA,NA,NA,NA,0.732394366197183,0,NA,NA,NA,NA,0.999999999999972,"Wayne",FALSE,"2020-2024"
"14414",793,169,2880,0.275347222222222,944,0,72006,52547,37760,0.134408602150538,0.495967741935484,0.0736149372513009,0.0397390272835113,0.896595208070618,0.0113493064312736,0.0226986128625473,0.051702395964691,1,"Livingston",FALSE,"2020-2024"
"14415",0,14,19,0,NA,NA,114028,NA,NA,NA,NA,0.103896103896104,0,NA,NA,NA,NA,1.00000000000003,"Yates",FALSE,"2020-2024"
"14416",188,93,1572,0.119592875318066,783,0,80430,28191,31320,0.259887005649718,0.740112994350282,0.0803030303030303,0.0347222222222222,0.904255319148936,0,0,0,0.999999999999999,"Genesee",FALSE,"2020-2024"
"14418",35,21,448,0.078125,NA,0,65577,NA,NA,0,0,0.0565709312445605,0.0405982905982906,1,0,0,0,0.999999999999993,"Yates",FALSE,"2020-2024"
"14420",2857,306,7711,0.3705096615225,1066,0.035725677830941,75577,44961,42640,0.17027417027417,0.408369408369408,0.132754272905576,0.0219095287562565,0.746937346867343,0.087854392719636,0.0126006300315016,0.132656632831642,1,"Monroe",FALSE,"2020-2024"
"14422",65,51,692,0.0939306358381503,852,0,91786,21375,34080,0.683333333333333,0.783333333333333,0.0895522388059701,0.0415800415800416,1,0,0,0,0.999999999999991,"Genesee",FALSE,"2020-2024"
"14423",489,129,2075,0.23566265060241,954,0.0121212121212121,80807,52137,38160,0.232558139534884,0.323255813953488,0.0543763897311502,0.0271186440677966,0.869120654396728,0,0,0.0674846625766871,0.999999999999994,"Livingston",FALSE,"2020-2024"
"14424",4526,440,12995,0.348287803001154,1206,0.0472093999160722,79778,55387,48240,0.177291315852778,0.484724560981477,0.0932821083623568,0.040187495691735,0.85505965532479,0.0190013256738842,0.00994255413168361,0.0616438356164384,1,"Ontario",FALSE,"2020-2024"
"14425",1495,236,5325,0.28075117370892,1407,0.0373470701867354,94609,58272,56280,0.187045123726346,0.523289665211063,0.0843610888126688,0.0551159618008186,0.842809364548495,0.0107023411371237,0.0454849498327759,0.082943143812709,1,"Ontario",FALSE,"2020-2024"
"14427",216,74,815,0.265030674846626,723,0.0649350649350649,56490,41346,28920,0.213930348258706,0.338308457711443,0.131118881118881,0.0288461538461538,0.810185185185185,0.0648148148148148,0,0,1,"Wyoming",FALSE,"2020-2024"
"14428",501,122,3457,0.144923343939832,1126,0.127177700348432,91558,46116,45040,0.167023554603854,0.627408993576017,0.0476073014306857,0.0476875149772346,0.982035928143713,0,0,0.0179640718562874,1,"Monroe",FALSE,"2020-2024"
"14432",393,86,2172,0.180939226519337,699,0.11685393258427,78017,25950,27960,0.258760107816712,0.485175202156334,0.158021937163041,0.0102402520677432,0.865139949109415,0,0.0381679389312977,0.0534351145038168,1,"Ontario",FALSE,"2020-2024"
"14433",329,110,1728,0.190393518518519,819,0.138539042821159,66587,38661,32760,0.268292682926829,0.543554006968641,0.184604904632153,0.0741493143727781,0.927051671732523,0.0182370820668693,0,0.033434650455927,0.999999999999998,"Wayne",FALSE,"2020-2024"
"14435",124,84,1159,0.106988783433995,1110,0.0746268656716418,71865,NA,44400,0.107142857142857,0.107142857142857,0.143712574850299,0.0765391014975042,0.951612903225806,0,0,0.0483870967741935,1,"Livingston",FALSE,"2020-2024"
"14437",783,158,3981,0.196684250188395,902,0.0435267857142857,66332,31814,36080,0.334821428571429,0.662202380952381,0.0823017731682837,0.0369393139841689,0.918263090676884,0.00383141762452107,0.0421455938697318,0.0127713920817369,0.999999999999994,"Livingston",FALSE,"2020-2024"
"14441",22,18,110,0.2,718,0.266666666666667,70833,61250,28720,0,0,0.23051948051948,0.00675675675675676,0.681818181818182,0,0,0,1.00000000000003,"Yates",FALSE,"2020-2024"
"14445",1408,223,3500,0.402285714285714,1151,0.0218579234972678,73625,65395,46040,0.155061019382627,0.318018664752333,0.0686444060130371,0.0504032258064516,0.808238636363636,0.0284090909090909,0.0127840909090909,0.0710227272727273,0.999999999999964,"Monroe",FALSE,"2020-2024"
"14450",4278,427,18562,0.230470854433789,1353,0.0244066278549037,109466,56095,54120,0.203524867213906,0.491308546595847,0.055181536862495,0.0330311739995578,0.859981299672744,0.0425432445067789,0.0119214586255259,0.0624123422159888,0.999999999999995,"Monroe",FALSE,"2020-2024"
"14453",0,14,0,NA,NA,NA,NA,NA,NA,NA,NA,NA,NA,NA,NA,NA,NA,1.00000000000007,"Ontario",FALSE,"2020-2024"
"14454",1559,228,3512,0.443906605922551,993,0.017512077294686,77857,36953,39720,0.375679347826087,0.673913043478261,0.224408961505137,0.0734913793103448,0.894804361770366,0.0153944836433611,0.064143681847338,0.0147530468248877,1,"Livingston",FALSE,"2020-2024"
"14456",2851,278,8100,0.351975308641975,982,0.0765751211631664,81310,49923,39280,0.205109489051095,0.421897810218978,0.136580871768296,0.0272047832585949,0.709224833391792,0.047351806383725,0.00911960715538408,0.190459487898983,0.999999999999997,"Ontario",FALSE,"2020-2024"
"14462",44,39,312,0.141025641025641,1021,0,78194,NA,40840,0.272727272727273,1,0.224629418472064,0.0287958115183246,1,0,0,0,0.999999999999998,"Livingston",FALSE,"2020-2024"
"14463",0,14,122,0,NA,NA,46250,NA,NA,NA,NA,0.149019607843137,0.0268456375838926,NA,NA,NA,NA,0.999999999999992,"Ontario",FALSE,"2020-2024"
"14464",330,99,2716,0.121502209131075,1009,0,78600,26111,40360,0.551515151515152,0.657575757575758,0.13160621761658,0.0784787201931784,0.842424242424242,0.0484848484848485,0,0,1,"Monroe",FALSE,"2020-2024"
"14466",38,22,668,0.0568862275449102,779,0,108085,NA,31160,0.259259259259259,0.37037037037037,0.0273660205245154,0.0675355450236967,0.736842105263158,0,0,0,1,"Ontario",FALSE,"2020-2024"
"14467",1391,263,4583,0.303512982762383,1175,0,88653,60013,47000,0.204003079291763,0.492686682063125,0.0801379990142927,0.0108173076923077,0.750539180445723,0.0553558590941769,0.143781452192667,0.01509705248023,1,"Monroe",FALSE,"2020-2024"
"14468",1010,233,6845,0.147552958363769,1300,0,98693,42321,52000,0.387128712871287,0.554455445544555,0.0716446941862978,0.0348435701579994,0.87029702970297,0.0623762376237624,0,0.0821782178217822,1,"Monroe",FALSE,"2020-2024"
"14469",417,133,2736,0.152412280701754,882,0.0118483412322275,74521,64632,35280,0.226044226044226,0.339066339066339,0.0640426951300867,0.0367764630636393,0.956834532374101,0,0,0.0239808153477218,1,"Ontario",FALSE,"2020-2024"
"14470",538,143,3408,0.157863849765258,846,0,65938,41486,33840,0.1875,0.399193548387097,0.0949987110079917,0.0453639082751745,0.879182156133829,0.00929368029739777,0.016728624535316,0.0260223048327138,1.00000000000001,"Orleans",FALSE,"2020-2024"
"14471",283,100,1324,0.213746223564955,1143,0,78405,54659,45720,0.12639405204461,0.509293680297398,0.0456245325355273,0.110591900311526,1,0,0,0,0.999999999999993,"Ontario",FALSE,"2020-2024"
"14472",678,165,3394,0.199764289923394,1157,0.0341880341880342,129655,53750,46280,0.151067323481117,0.362889983579639,0.0470483799378606,0.0497737556561086,0.877581120943953,0,0.0132743362831858,0.0781710914454277,1.00000000000001,"Monroe",FALSE,"2020-2024"
"14475",0,14,75,0,NA,NA,123917,NA,NA,NA,NA,0.0511627906976744,0,NA,NA,NA,NA,1,"Ontario",FALSE,"2020-2024"
"14476",131,65,964,0.135892116182573,964,0,90536,39536,38560,0.0416666666666667,0.416666666666667,0.0470732705689726,0.0235109717868339,0.801526717557252,0,0,0.198473282442748,0.999999999999996,"Orleans",FALSE,"2020-2024"
"14477",65,42,647,0.100463678516229,718,0.368932038834951,96607,NA,28720,0.211538461538462,0.211538461538462,0.116060961313013,0.0482051282051282,0.723076923076923,0,0,0.276923076923077,0.999999999999996,"Orleans",FALSE,"2020-2024"
"14478",22,20,321,0.0685358255451713,NA,0,86853,NA,NA,0.454545454545455,0.454545454545455,0.0252365930599369,0.0814132104454685,1,0,0,0,0.999999999999985,"Yates",FALSE,"2020-2024"
"14479",59,62,93,0.634408602150538,NA,0,34572,NA,NA,0,1,0.188034188034188,0.446153846153846,1,0,0,0,1,"Orleans",FALSE,"2020-2024"
"14480",39,39,267,0.146067415730337,896,0,57152,33487,35840,0.307692307692308,0.794871794871795,0.0961538461538462,0.620578778135048,0.487179487179487,0,0,0,1,"Livingston",FALSE,"2020-2024"
"14481",89,39,767,0.116036505867014,720,0.118811881188119,79135,33958,28800,0.107692307692308,0.184615384615385,0.0318237454100367,0.0460448642266824,0.910112359550562,0.0112359550561798,0,0.0337078651685393,0.999999999999983,"Livingston",FALSE,"2020-2024"
"14482",980,267,3810,0.257217847769029,906,0,74216,33722,36240,0.306553911205074,0.381606765327696,0.0719203343988198,0.0218181818181818,0.936734693877551,0.0163265306122449,0,0.0183673469387755,0.999999999999997,"Genesee",FALSE,"2020-2024"
"14485",290,96,1628,0.178132678132678,860,0.0202702702702703,80341,24545,34400,0.441176470588235,0.65546218487395,0.0968071519795658,0.0349753694581281,0.772413793103448,0,0.0655172413793104,0,1.00000000000002,"Livingston",FALSE,"2020-2024"
"14486",75,69,148,0.506756756756757,NA,0,131875,NA,NA,0,1,0.306306306306306,0,0.266666666666667,0,0,0.733333333333333,1.00000000000001,"Livingston",FALSE,"2020-2024"
"14487",336,135,2259,0.148738379814077,946,0,89688,39292,37840,0.0616883116883117,0.626623376623377,0.0681437348724632,0.0528520786335804,0.982142857142857,0.00297619047619048,0,0.0148809523809524,1.00000000000001,"Livingston",FALSE,"2020-2024"
"14489",675,178,2747,0.245722606479796,962,0.0139664804469274,68250,52138,38480,0.263934426229508,0.365573770491803,0.130832708177044,0.0490070467648943,0.685925925925926,0.0414814814814815,0,0.205925925925926,1.00000000000001,"Wayne",FALSE,"2020-2024"
"14502",818,243,4865,0.16813977389517,1003,0,83330,35375,40120,0.361783439490446,0.561783439490446,0.0833642089662838,0.0406518010291595,0.881418092909535,0.00855745721271394,0,0.0268948655256724,0.999999999999989,"Wayne",FALSE,"2020-2024"
"14504",154,60,740,0.208108108108108,1310,0,65750,63750,52400,0.0952380952380952,0.333333333333333,0.0723562152133581,0,0.675324675324675,0,0.149350649350649,0.149350649350649,1.00000000000002,"Ontario",FALSE,"2020-2024"
"14505",447,164,2174,0.205611775528979,634,0,80382,28527,25360,0.0868421052631579,0.45,0.0492930086410055,0.0166666666666667,0.919463087248322,0,0,0.0268456375838926,1,"Wayne",FALSE,"2020-2024"
"14506",45,46,416,0.108173076923077,1625,0,126786,31250,65000,0.666666666666667,1,0.0967391304347826,0.0218818380743982,1,0,0,0,1.00000000000001,"Monroe",FALSE,"2020-2024"
"14507",47,20,546,0.0860805860805861,1750,0,77273,61250,70000,0.0909090909090909,0.272727272727273,0.0472868217054264,0.0240601503759399,1,0,0,0,1.00000000000001,"Yates",FALSE,"2020-2024"
"14510",444,153,1862,0.238453276047261,782,0,61713,38365,31280,0.202733485193622,0.466970387243736,0.122053315708306,0.0595521676989042,0.777027027027027,0.0315315315315315,0,0.191441441441441,0.999999999999994,"Livingston",FALSE,"2020-2024"
"14511",0,14,192,0,NA,NA,75375,NA,NA,NA,NA,0.27007299270073,0,NA,NA,NA,NA,0.999999999999999,"Monroe",FALSE,"2020-2024"
"14512",287,74,2002,0.143356643356643,969,0.139941690962099,77130,34635,38760,0.207792207792208,0.463203463203463,0.115990057995029,0.0554642563681183,0.968641114982578,0,0,0.0209059233449477,1,"Ontario",FALSE,"2020-2024"
"14513",1701,312,5804,0.293073742246726,1007,0.0100446428571429,65309,39835,40280,0.26,0.47625,0.176887871853547,0.0262042993880433,0.837742504409171,0.0529100529100529,0.0146972369194591,0.0681951793062904,0.999999999999974,"Wayne",FALSE,"2020-2024"
"14514",1127,214,2745,0.410564663023679,1610,0,86493,62832,64400,0.282964388835419,0.587102983638114,0.0408225437928408,0.00527704485488127,0.780834072759539,0.103815439219166,0.0186335403726708,0.0133096716947649,1,"Monroe",FALSE,"2020-2024"
"14515",0,14,126,0,NA,NA,NA,NA,NA,NA,NA,0,0,NA,NA,NA,NA,1.00000000000018,"Monroe",FALSE,"2020-2024"
"14516",107,54,814,0.131449631449631,1348,0,76000,57891,53920,0.216494845360825,0.463917525773196,0.2279176201373,0.112707182320442,1,0,0,0,1,"Wayne",FALSE,"2020-2024"
"14517",365,105,1083,0.337026777469991,855,0.0712468193384224,56088,31503,34200,0.315942028985507,0.452173913043478,0.215860899067006,0.031055900621118,0.731506849315068,0.010958904109589,0,0.238356164383562,1,"Livingston",FALSE,"2020-2024"
"14519",863,148,5222,0.165262351589429,887,0,85532,39028,35480,0.224159402241594,0.4906600249066,0.0526982117423643,0.0174859782250082,0.862108922363847,0.052143684820394,0.00695249130938586,0.0220162224797219,0.999999999999992,"Wayne",FALSE,"2020-2024"
"14521",311,88,1071,0.290382819794585,1018,0.0158227848101266,67198,26875,40720,0.498360655737705,0.649180327868852,0.240940632228219,0.0384959713518353,0.887459807073955,0.0128617363344051,0,0,1,"Seneca",FALSE,"2020-2024"
"14522",1001,191,4003,0.25006245316013,944,0,75116,51213,37760,0.203796203796204,0.377622377622378,0.0746628659138252,0.0249110320284698,0.951048951048951,0,0,0.028971028971029,0.999999999999981,"Wayne",FALSE,"2020-2024"
"14525",74,32,1077,0.0687093779015785,912,0.119047619047619,77102,39643,36480,0.220588235294118,0.514705882352941,0.105222734254992,0.0265995686556434,0.864864864864865,0,0,0.135135135135135,0.999999999999997,"Genesee",FALSE,"2020-2024"
"14526",1251,234,7833,0.159708923783991,1201,0.0881542699724518,118777,51583,48040,0.194029850746269,0.501658374792703,0.0427138276967629,0.0526060840922302,0.894484412470024,0.017585931254996,0.00559552358113509,0.0591526778577138,1,"Monroe",FALSE,"2020-2024"
"14527",1376,237,5098,0.269909768536681,813,0.00786275911365261,70758,38750,32520,0.144867549668874,0.30546357615894,0.133685493701747,0.0230726973081853,0.971656976744186,0,0,0.0276162790697674,0.999999999999997,"Yates",FALSE,"2020-2024"
"14529",9,13,37,0.243243243243243,NA,0,74479,NA,NA,NA,NA,0.116883116883117,NA,1,0,0,0,0.999999999999985,"Steuben",FALSE,"2020-2024"
"14530",725,173,2236,0.324239713774597,764,0,64576,34768,30560,0.15993265993266,0.429292929292929,0.092946965554948,0.0303620085636434,0.857931034482759,0,0,0.0882758620689655,1,"Wyoming",FALSE,"2020-2024"
"14532",260,80,1752,0.148401826484018,1182,0.0536277602523659,81923,51000,47280,0.172268907563025,0.474789915966387,0.10828331332533,0.0382916053019146,0.888461538461538,0,0,0.111538461538462,0.999999999999998,"Ontario",FALSE,"2020-2024"
"14533",200,114,665,0.300751879699248,1034,0,68170,NA,41360,0.478787878787879,0.545454545454545,0.174592833876221,0.03003003003003,0.885,0,0,0,0.999999999999999,"Livingston",FALSE,"2020-2024"
"14534",1211,206,12631,0.095875227614599,1731,0.00247116968698517,143694,71212,69240,0.351279788172992,0.511915269196823,0.0261994184637751,0.0318091451292246,0.903385631709331,0.0297274979355904,0.0305532617671346,0.00825763831544178,0.999999999999997,"Monroe",FALSE,"2020-2024"
"14536",94,53,313,0.300319488817891,717,0,63125,NA,28680,0.101694915254237,0.627118644067797,0.125948406676783,0.0842391304347826,0.51063829787234,0.074468085106383,0,0.212765957446809,1,"Wyoming",FALSE,"2020-2024"
"14537",0,14,124,0,NA,NA,NA,NA,NA,NA,NA,0,0,NA,NA,NA,NA,0.999999999999988,"Ontario",FALSE,"2020-2024"
"14539",9,14,47,0.191489361702128,NA,0,NA,NA,NA,1,1,0,0,1,0,0,0,1.00000000000003,"Livingston",FALSE,"2020-2024"
"14541",236,91,858,0.275058275058275,1294,0.0708661417322835,77375,44412,51760,0.519230769230769,0.596153846153846,0.17351942663146,0.0427852348993289,0.991525423728814,0,0,0.00847457627118644,0.999999999999999,"Seneca",FALSE,"2020-2024"
"14542",0,14,19,0,NA,NA,NA,NA,NA,NA,NA,0,NA,NA,NA,NA,NA,0.999999999999881,"Wayne",FALSE,"2020-2024"
"14543",129,82,1466,0.0879945429740791,1294,0,122654,95847,51760,0,0,0.0335087233453337,0.0183342063907805,0.496124031007752,0,0,0.263565891472868,0.999999999999995,"Monroe",FALSE,"2020-2024"
"14544",296,107,949,0.31190727081138,1234,0.0223642172523962,61118,29899,49360,0.424908424908425,0.58974358974359,0.0915225643188528,0.0224032586558045,0.945945945945946,0,0.0202702702702703,0.0540540540540541,1.00000000000001,"Yates",FALSE,"2020-2024"
"14545",0,14,56,0,NA,NA,1e+05,NA,NA,NA,NA,0,0,NA,NA,NA,NA,1.00000000000005,"Livingston",FALSE,"2020-2024"
"14546",634,169,1845,0.343631436314363,1186,0,95046,52214,47440,0.112244897959184,0.357142857142857,0.0946557971014493,0.0468392993145468,0.892744479495268,0.0757097791798107,0,0,0.999999999999996,"Monroe",FALSE,"2020-2024"
"14548",269,107,1668,0.161270983213429,948,0.159375,83571,63850,37920,0.0988593155893536,0.262357414448669,0.105857630680326,0.0239005736137667,0.672862453531598,0,0,0.0557620817843866,0.99999999999999,"Ontario",FALSE,"2020-2024"
"14549",0,14,160,0,NA,NA,NA,NA,NA,NA,NA,0.509389671361502,0.444444444444444,NA,NA,NA,NA,1,"Wyoming",FALSE,"2020-2024"
"14550",127,58,592,0.214527027027027,723,0.0522388059701493,52321,29750,28920,0.0909090909090909,0.504132231404959,0.113601236476043,0.0270700636942675,0.89763779527559,0,0,0.078740157480315,1.00000000000001,"Wyoming",FALSE,"2020-2024"
"14551",426,165,2194,0.194165907019143,860,0.123456790123457,59167,28672,34400,0.334437086092715,0.516556291390728,0.168308867886588,0.0145833333333333,0.748826291079812,0.0962441314553991,0,0.0492957746478873,1,"Wayne",FALSE,"2020-2024"
"14555",60,42,573,0.104712041884817,768,0,81042,52679,30720,0,0.127272727272727,0.0721030042918455,0.0254237288135593,0.883333333333333,0.0666666666666667,0,0.05,0.999999999999993,"Wayne",FALSE,"2020-2024"
"14556",0,14,0,NA,NA,NA,NA,NA,NA,NA,NA,0.578947368421053,0.166666666666667,NA,NA,NA,NA,0.999999999999975,"Livingston",FALSE,"2020-2024"
"14557",0,14,39,0,NA,NA,NA,NA,NA,NA,NA,0,0,NA,NA,NA,NA,1,"Genesee",FALSE,"2020-2024"
"14559",1534,195,7039,0.21792868305157,1178,0.0525015441630636,94794,53750,47120,0.160818713450292,0.43859649122807,0.0503751963236577,0.0400042444821732,0.94980443285528,0.0273794002607562,0,0,1,"Monroe",FALSE,"2020-2024"
"14560",217,113,1075,0.201860465116279,1114,0,75257,47212,44560,0.335106382978723,0.441489361702128,0.0961857379767828,0.0642978003384095,1,0,0,0,0.999999999999998,"Ontario",FALSE,"2020-2024"
"14561",55,42,882,0.0623582766439909,1160,0,77857,60391,46400,0.12,0.82,0.135226179018287,0.0502599653379549,1,0,0,0,1.00000000000001,"Ontario",FALSE,"2020-2024"
"14564",1423,228,6984,0.203751431844215,1418,0.0325149303251493,115625,65202,56720,0.26542750929368,0.488475836431227,0.027298322928143,0.0182875136248032,0.862965565706254,0.0154602951510892,0.0498945888966971,0.0948699929725931,0.999999999999994,"Ontario",FALSE,"2020-2024"
"14568",96,61,2458,0.0390561432058584,1028,0,102604,69643,41120,0,0,0.0293852532900667,0.0122383252818035,1,0,0,0,0.999999999999996,"Wayne",FALSE,"2020-2024"
"14569",1151,195,3021,0.38099966898378,911,0,61059,42159,36440,0.228292682926829,0.399024390243902,0.172242676484713,0.0519785378940309,0.877497827975673,0,0,0.0947002606429192,0.999999999999998,"Wyoming",FALSE,"2020-2024"
"14571",31,36,462,0.0670995670995671,NA,0,80833,NA,NA,0,0.225806451612903,0.116806722689076,0.0388059701492537,1,0,0,0,0.999999999999998,"Orleans",FALSE,"2020-2024"
"14572",357,98,1927,0.185262065386611,915,0.142857142857143,72557,30987,36600,0.251612903225806,0.458064516129032,0.158301158301158,0.0330504689593569,0.907563025210084,0,0,0.0476190476190476,1.00000000000001,"Steuben",FALSE,"2020-2024"
"14580",6767,535,23679,0.285780649520672,1532,0.035876993166287,98310,56710,61280,0.203189694832081,0.545468486428462,0.0495296173725505,0.025607377194538,0.842766366188858,0.0597014925373134,0.0379784247081425,0.0406383921974287,1,"Monroe",FALSE,"2020-2024"
"14585",25,22,107,0.233644859813084,NA,0,NA,38854,NA,0.333333333333333,0.333333333333333,0.0941176470588235,0,1,0,0,0,1.00000000000005,"Ontario",FALSE,"2020-2024"
"14586",1072,242,4927,0.217576618632028,1607,0.119868637110016,124457,34706,64280,0.429643527204503,0.630393996247655,0.128038526219233,0.0324451023932889,0.799440298507463,0.0485074626865672,0.0578358208955224,0.0727611940298507,1.00000000000001,"Monroe",FALSE,"2020-2024"
"14588",0,14,0,NA,NA,NA,NA,NA,NA,NA,NA,NA,NA,NA,NA,NA,NA,1,"Seneca",FALSE,"2020-2024"
"14589",487,143,3045,0.159934318555008,653,0,86885,42875,26120,0.140495867768595,0.233471074380165,0.104370761115298,0.0416873449131514,0.813141683778234,0,0,0.0102669404517454,1,"Wayne",FALSE,"2020-2024"
"14590",553,127,2306,0.2398091934085,729,0.0174216027874564,55682,20827,29160,0.317813765182186,0.518218623481781,0.193899358849815,0.0405529953917051,0.828209764918626,0.0108499095840868,0,0.0795660036166365,0.999999999999996,"Wayne",FALSE,"2020-2024"
"14591",84,41,669,0.125560538116592,796,0,85804,50000,31840,0.227272727272727,0.560606060606061,0.0511945392491468,0.0294478527607362,0.773809523809524,0,0,0.19047619047619,1,"Wyoming",FALSE,"2020-2024"
"14592",0,14,68,0,NA,NA,85000,NA,NA,NA,NA,0,0,NA,NA,NA,NA,0.999999999999998,"Livingston",FALSE,"2020-2024"
"14604",2219,297,2250,0.986222222222222,1212,0.0566512798992866,52105,50066,48480,0.191682600382409,0.421606118546845,0.33873986275733,0.0211168465509151,0.605227579990987,0.0671473636773321,0.101397025687247,0.157278053177107,1,"Monroe",FALSE,"2020-2024"
"14605",3350,345,4500,0.744444444444444,852,0.0413812785388128,21201,18337,34080,0.349306431273644,0.549495586380832,0.502487135506003,0.143505674653216,0.0913432835820896,0.484776119402985,0.022089552238806,0.385970149253731,0.999999999999993,"Monroe",FALSE,"2020-2024"
"14606",4134,426,10824,0.381929046563193,1055,0.028030833917309,55807,36667,42200,0.248738647830474,0.602421796165489,0.172321498858537,0.0679352361876148,0.393081761006289,0.349540396710208,0.00677310111272375,0.235123367198839,0.999999999999993,"Monroe",FALSE,"2020-2024"
"14607",9126,792,11167,0.817229336437718,1156,0.050252780586451,59787,53991,46240,0.225699067909454,0.425987572126054,0.170466883821933,0.0629080574544896,0.77591496822266,0.086565855796625,0.0208196362042516,0.0546789392943239,0.999999999999991,"Monroe",FALSE,"2020-2024"
"14608",4603,451,5902,0.779905116909522,990,0.0616207648107787,40646,38394,39600,0.290308173291648,0.52880750334971,0.364426877470356,0.129704301075269,0.251575059743645,0.543775798392353,0.0267217032370193,0.123397784053878,1.00000000000003,"Monroe",FALSE,"2020-2024"
"14609",6426,561,17785,0.361315715490582,1177,0.0559033338186053,64603,37301,47080,0.356466361854997,0.561724363161332,0.176580667697989,0.0741411286761459,0.352318705259882,0.355586679116091,0.00778089013383131,0.214752567693744,1,"Monroe",FALSE,"2020-2024"
"14610",3506,391,7383,0.474874712176622,1195,0.0595487932843652,85961,50992,47800,0.268235977913397,0.473408892763731,0.119185011042245,0.0419316843345112,0.771534512264689,0.0946948088990302,0.0262407301768397,0.0792926411865374,1.00000000000004,"Monroe",FALSE,"2020-2024"
"14611",4737,556,7344,0.645016339869281,1034,0.063609756097561,31376,26971,41360,0.500115340253749,0.673817762399077,0.377197819028365,0.0920853406744666,0.180916191682499,0.633945535148828,0.00527760185771585,0.160227992400253,0.999999999999991,"Monroe",FALSE,"2020-2024"
"14612",4145,609,15521,0.267057534952645,1120,0.0715078836331335,82800,38731,44800,0.270966097374458,0.528677032882998,0.0799144805269849,0.0365554726633273,0.726658624849216,0.139927623642943,0.00772014475271411,0.104463208685163,0.999999999999999,"Monroe",FALSE,"2020-2024"
"14613",3957,589,5860,0.675255972696246,945,0.025647288715193,37778,26670,37800,0.356004250797024,0.604675876726886,0.345340954406487,0.0613877551020408,0.191306545362648,0.518574677786202,0.089461713419257,0.170583775587566,1.00000000000002,"Monroe",FALSE,"2020-2024"
"14614",170,69,186,0.913978494623656,1394,0,62500,60500,55760,0.148809523809524,0.25,0.26,0.16289592760181,0.670588235294118,0.194117647058824,0,0.135294117647059,0.999999999999957,"Monroe",FALSE,"2020-2024"
"14615",3547,479,7780,0.455912596401028,1068,0.036664856056491,51262,36127,42720,0.36790780141844,0.530437352245863,0.227529820238562,0.0838529348527198,0.292077812235692,0.472793910346772,0.0112771356075557,0.198195658302791,1.00000000000001,"Monroe",FALSE,"2020-2024"
"14616",3196,428,11241,0.284316341962459,1106,0.080957810718358,66499,44833,44240,0.261344816164293,0.512090096058297,0.157240031568266,0.0562369129524379,0.587609511889862,0.235294117647059,0,0.137046307884856,1,"Monroe",FALSE,"2020-2024"
"14617",1374,300,9362,0.14676351207007,1212,0.0262225372076541,90192,38162,48480,0.344939271255061,0.57085020242915,0.057366482504604,0.039850991943169,0.689228529839884,0.12882096069869,0,0.122998544395924,0.999999999999998,"Monroe",FALSE,"2020-2024"
"14618",2029,285,8773,0.231277784110339,1453,0.0402081362346263,125098,69941,58120,0.28145865434001,0.45351823317925,0.0677106703760208,0.0363244574418963,0.722523410547067,0.0542138984721538,0.112370625924101,0.0133070478068014,1.00000000000001,"Monroe",FALSE,"2020-2024"
"14619",1827,315,5070,0.360355029585799,1330,0.09375,68333,46635,53200,0.275644699140401,0.444126074498567,0.166815875857953,0.0583737685634466,0.189928845101259,0.659551176792556,0.0481663929939792,0.0684181718664477,1.00000000000001,"Monroe",FALSE,"2020-2024"
"14620",8745,596,12359,0.707581519540416,1266,0.0536210211493271,61783,50346,50640,0.238422361719768,0.490110150420467,0.223418756815703,0.050290265964628,0.660263007432819,0.128873642081189,0.0699828473413379,0.0984562607204117,0.99999999999998,"Monroe",FALSE,"2020-2024"
"14621",8486,627,13141,0.64576516246861,1039,0.0544971200708906,35383,30266,41560,0.3500127000254,0.597155194310389,0.342552388144233,0.097735674676525,0.153900542069291,0.407966061748763,0.011312750412444,0.396888993636578,0.999999999999956,"Monroe",FALSE,"2020-2024"
"14622",1101,274,5831,0.188818384496656,1114,0.0308098591549296,75439,37861,44560,0.240963855421687,0.516064257028112,0.101876888818196,0.0315533980582524,0.53133514986376,0.176203451407811,0.0245231607629428,0.249772933696639,0.999999999999992,"Monroe",FALSE,"2020-2024"
"14623",4565,433,9245,0.493780421849648,1311,0.0325236722931247,65342,51920,52440,0.264344262295082,0.48747723132969,0.17728834739144,0.0692516812133352,0.63855421686747,0.134501642935378,0.160350492880613,0.0506024096385542,0.999999999999996,"Monroe",FALSE,"2020-2024"
"14624",3239,453,15365,0.210803774812886,1310,0.0561046511627907,87989,61616,52400,0.186700767263427,0.368925831202046,0.0967134905910416,0.0242012578616352,0.677060821241124,0.231861685705465,0.0104970669959864,0.0302562519296079,1,"Monroe",FALSE,"2020-2024"
"14625",811,182,4826,0.168048072938251,1563,0.0532407407407407,110865,64698,62520,0.197461212976023,0.413258110014104,0.0773547843980918,0.0227809652379345,0.786683107274969,0.0468557336621455,0.0147965474722565,0.0665844636251541,0.999999999999994,"Monroe",FALSE,"2020-2024"
"14626",4210,436,13109,0.321153406056907,1303,0.0936034115138593,78204,47167,52120,0.201894317048853,0.517946161515454,0.0838800535843094,0.0543442242693353,0.666745843230404,0.174109263657957,0.0320665083135392,0.1,1.00000000000001,"Monroe",FALSE,"2020-2024"
"14627",0,14,0,NA,NA,NA,NA,NA,NA,NA,NA,NA,0.076214405360134,NA,NA,NA,NA,0.999999999999995,"Monroe",FALSE,"2020-2024"
"14642",0,14,0,NA,NA,NA,NA,NA,NA,NA,NA,NA,NA,NA,NA,NA,NA,1.00000000000002,"Monroe",FALSE,"2020-2024"
"14701",7236,514,16921,0.427634300573252,784,0.0749717443174683,49685,30974,31360,0.272215639810427,0.517772511848341,0.219540077096903,0.0791749081661486,0.811774461028192,0.0255666113875069,0.00773908236594804,0.113460475400774,1,"Chautauqua",FALSE,"2020-2024"
"14706",502,114,2561,0.196017180788754,782,0.0664395229982964,73236,40326,31280,0.104738154613466,0.366583541147132,0.148781313473257,0.037125340599455,0.830677290836653,0.0717131474103586,0.00398406374501992,0.0816733067729084,0.999999999999999,"Cattaraugus",FALSE,"2020-2024"
"14707",14,14,63,0.222222222222222,NA,0,46250,2499,NA,0.727272727272727,0.727272727272727,0.252032520325203,0.380952380952381,1,0,0,0,0.999999999999984,"Allegany",FALSE,"2020-2024"
"14708",3,5,52,0.0576923076923077,NA,0,69286,NA,NA,1,1,0.0675675675675676,0,1,0,0,0,0.999999999999993,"Allegany",FALSE,"2020-2024"
"14709",97,31,564,0.171985815602837,605,0.0396039603960396,53889,42014,24200,0.0344827586206897,0.0804597701149425,0.113255033557047,0.0324786324786325,0.814432989690722,0,0,0,1,"Allegany",FALSE,"2020-2024"
"14710",109,56,1295,0.0841698841698842,623,0,66120,57634,24920,0.0379746835443038,0.164556962025316,0.103834407872413,0.0402826855123675,1,0,0,0,1,"Chautauqua",FALSE,"2020-2024"
"14711",101,39,730,0.138356164383562,568,0,65938,22009,22720,0.0659340659340659,0.32967032967033,0.0962099125364431,0.0266666666666667,0.94059405940594,0,0,0,1.00000000000001,"Allegany",FALSE,"2020-2024"
"14712",165,65,1504,0.109707446808511,859,0.01953125,86083,52875,34360,0.147286821705426,0.395348837209302,0.100871731008717,0.0632081097197376,0.915151515151515,0,0,0,1,"Chautauqua",FALSE,"2020-2024"
"14714",20,15,195,0.102564102564103,875,0,115230,53000,35000,0.15,0.15,0.169369369369369,0.0700934579439252,1,0,0,0,1.00000000000001,"Allegany",FALSE,"2020-2024"
"14715",296,75,1038,0.285163776493256,821,0.0358306188925081,55640,43000,32840,0.136929460580913,0.344398340248963,0.178527856852379,0.0650044523597507,0.956081081081081,0,0.0135135135135135,0.0101351351351351,0.999999999999998,"Allegany",FALSE,"2020-2024"
"14716",216,65,722,0.299168975069252,771,0.0526315789473684,60278,39000,30840,0.188118811881188,0.321782178217822,0.199362041467305,0.0439276485788114,0.75,0,0,0.157407407407407,0.999999999999995,"Chautauqua",FALSE,"2020-2024"
"14717",23,18,333,0.0690690690690691,718,0,83542,38875,28720,0.31578947368421,0.31578947368421,0.122866894197952,0.133891213389121,1,0,0,0,1.00000000000002,"Allegany",FALSE,"2020-2024"
"14718",101,37,743,0.135935397039031,870,0.0818181818181818,56250,NA,34800,0.351351351351351,0.608108108108108,0.149328859060403,0.0479616306954436,0.851485148514851,0,0,0.0396039603960396,1,"Chautauqua",FALSE,"2020-2024"
"14719",263,91,1416,0.185734463276836,726,0.0454545454545455,62188,40078,29040,0.305164319248826,0.408450704225352,0.184935521688159,0.0888738127544098,0.980988593155893,0,0,0,1,"Cattaraugus",FALSE,"2020-2024"
"14720",204,98,392,0.520408163265306,934,0.0555555555555556,51875,40588,37360,0.222772277227723,0.50990099009901,0.145555555555556,0.0306122448979592,0.926470588235294,0.0441176470588235,0,0.0441176470588235,1.00000000000001,"Chautauqua",FALSE,"2020-2024"
"14721",30,26,105,0.285714285714286,1053,0,40250,55556,42120,0.166666666666667,0.366666666666667,0.220264317180617,0.01,0.8,0,0,0,1,"Allegany",FALSE,"2020-2024"
"14722",31,44,124,0.25,NA,0,NA,NA,NA,0,0,0.33816425120773,0,1,0,0,0,1.00000000000001,"Chautauqua",FALSE,"2020-2024"
"14723",49,25,494,0.0991902834008097,738,0,68261,47917,29520,0.166666666666667,0.547619047619048,0.260320134793597,0.0959860383944154,1,0,0,0,1,"Chautauqua",FALSE,"2020-2024"
"14724",121,40,953,0.126967471143757,725,0.0718954248366013,83063,43393,29000,0.134615384615385,0.423076923076923,0.0670947030497592,0.0469591993841416,0.925619834710744,0,0,0.00826446280991736,1,"Chautauqua",FALSE,"2020-2024"
"14726",96,40,624,0.153846153846154,1063,0,55156,39500,42520,0,0.114285714285714,0.256214915797915,0.0488126649076517,0.958333333333333,0,0,0,1,"Cattaraugus",FALSE,"2020-2024"
"14727",461,86,2131,0.216330361332708,779,0.0455486542443064,63257,40268,31160,0.260975609756098,0.502439024390244,0.144329896907216,0.0336871250576834,0.926247288503254,0,0.00650759219088937,0.0216919739696312,0.999999999999988,"Allegany",FALSE,"2020-2024"
"14728",39,35,355,0.109859154929577,NA,0,67875,NA,NA,0,0.612903225806452,0.0783847980997625,0.0348583877995643,1,0,0,0,1,"Chautauqua",FALSE,"2020-2024"
"14729",76,30,361,0.210526315789474,840,0,64276,48750,33600,0.166666666666667,0.4375,0.0905459387483356,0.0778032036613272,0.868421052631579,0,0,0,1,"Cattaraugus",FALSE,"2020-2024"
"14731",115,47,603,0.190713101160862,774,0.0254237288135593,67583,27625,30960,0.238938053097345,0.690265486725664,0.0778050778050778,0.0724191063174114,0.91304347826087,0,0,0.0869565217391304,1,"Cattaraugus",FALSE,"2020-2024"
"14732",4,6,18,0.222222222222222,NA,0,31250,NA,NA,1,1,0.333333333333333,0,1,0,0,0,1.00000000000006,"Chautauqua",FALSE,"2020-2024"
"14733",341,82,1433,0.237962316817865,632,0.130023640661939,63068,33950,25280,0.222560975609756,0.414634146341463,0.0783437593089068,0.0288350634371396,0.929618768328446,0.00293255131964809,0,0.00293255131964809,0.999999999999999,"Chautauqua",FALSE,"2020-2024"
"14735",152,38,962,0.158004158004158,783,0,69891,40556,31320,0.130769230769231,0.261538461538462,0.103112840466926,0.0851433536055604,0.993421052631579,0,0,0.00657894736842105,1.00000000000001,"Allegany",FALSE,"2020-2024"
"14736",12,19,77,0.155844155844156,NA,0,92917,NA,NA,0,0,0.0174418604651163,0,1,0,0,0,0.999999999999999,"Chautauqua",FALSE,"2020-2024"
"14737",227,69,1708,0.132903981264637,841,0.038135593220339,60270,42578,33640,0.258241758241758,0.302197802197802,0.249771480804388,0.048030221262817,0.806167400881057,0,0,0.039647577092511,1,"Cattaraugus",FALSE,"2020-2024"
"14738",187,94,1441,0.129770992366412,819,0,80103,46719,32760,0.326666666666667,0.46,0.0667970933482392,0.0455856895556838,0.877005347593583,0,0,0,1,"Chautauqua",FALSE,"2020-2024"
"14739",187,67,1122,0.166666666666667,825,0.050761421319797,57794,38750,33000,0.150326797385621,0.30718954248366,0.261177347242921,0.0410839160839161,0.93048128342246,0.0213903743315508,0,0,1,"Allegany",FALSE,"2020-2024"
"14740",95,36,452,0.210176991150442,1417,0.0776699029126214,64853,45234,56680,0.289473684210526,0.644736842105263,0.171202809482002,0.0066079295154185,0.905263157894737,0,0,0.0947368421052632,0.999999999999998,"Chautauqua",FALSE,"2020-2024"
"14741",23,22,768,0.0299479166666667,1125,0,70962,48646,45000,0.666666666666667,0.666666666666667,0.0717891194615816,0.0459242250287026,1,0,0,0,1,"Cattaraugus",FALSE,"2020-2024"
"14742",13,19,39,0.333333333333333,NA,0,78750,NA,NA,0,0,0,0,1,0,0,0,1,"Chautauqua",FALSE,"2020-2024"
"14743",184,111,834,0.220623501199041,850,0,57244,56983,34000,0.0978260869565217,0.0978260869565217,0.183613030602172,0.0307167235494881,0.918478260869565,0,0,0,1,"Cattaraugus",FALSE,"2020-2024"
"14744",185,65,463,0.399568034557235,958,0,77750,49250,38320,0.0164835164835165,0.225274725274725,0.207376478775226,0.0607287449392713,0.962162162162162,0.00540540540540541,0.027027027027027,0.0108108108108108,1,"Allegany",FALSE,"2020-2024"
"14747",194,71,840,0.230952380952381,695,0,56667,53611,27800,0.19375,0.375,0.152380952380952,0.0458612975391499,0.855670103092783,0,0,0.128865979381443,1.00000000000001,"Chautauqua",FALSE,"2020-2024"
"14748",40,19,204,0.196078431372549,617,0.0652173913043478,47917,34583,24680,0.15,0.375,0.159192825112108,0.06282722513089,0.625,0,0,0,0.999999999999996,"Cattaraugus",FALSE,"2020-2024"
"14750",704,171,2062,0.341416100872939,1197,0.0736842105263158,66622,36325,47880,0.187028657616893,0.579185520361991,0.115470352206866,0.0704579768495219,0.693181818181818,0.0198863636363636,0.0667613636363636,0.132102272727273,1.00000000000001,"Chautauqua",FALSE,"2020-2024"
"14752",0,14,53,0,NA,NA,NA,NA,NA,NA,NA,0.306451612903226,0,NA,NA,NA,NA,0.999999999999997,"Chautauqua",FALSE,"2020-2024"
"14753",118,46,472,0.25,722,0.119402985074627,55000,30357,28880,0.0714285714285714,0.333333333333333,0.142992424242424,0.0545112781954887,0.830508474576271,0,0,0,1,"Cattaraugus",FALSE,"2020-2024"
"14754",32,25,287,0.111498257839721,488,0.2,62750,NA,19520,0.65625,0.78125,0.148464163822526,0.118881118881119,0.96875,0,0,0,0.999999999999999,"Allegany",FALSE,"2020-2024"
"14755",285,71,1189,0.239697224558452,724,0.0206185567010309,66103,23802,28960,0.251063829787234,0.463829787234043,0.189332391381137,0.0135242641209228,0.992982456140351,0,0,0,0.999999999999996,"Cattaraugus",FALSE,"2020-2024"
"14756",0,14,13,0,NA,NA,NA,NA,NA,NA,NA,0,0,NA,NA,NA,NA,0.99999999999994,"Chautauqua",FALSE,"2020-2024"
"14757",294,98,1312,0.224085365853659,712,0.100917431192661,67115,28529,28480,0.192825112107623,0.479820627802691,0.198722498225692,0.072043852779953,1,0,0,0,1,"Chautauqua",FALSE,"2020-2024"
"14760",3109,340,8092,0.384206623826001,785,0.107890961262554,54929,32831,31400,0.241919360213262,0.527157614128624,0.23794530931141,0.0613290032475643,0.853972338372467,0.0476037311032486,0.031843036346092,0.0138308137664844,1,"Cattaraugus",FALSE,"2020-2024"
"14767",129,48,765,0.168627450980392,782,0.0514705882352941,67607,41058,31280,0.104,0.384,0.0892770499757399,0.0111111111111111,0.976744186046512,0,0,0.0232558139534884,1,"Chautauqua",FALSE,"2020-2024"
"14769",46,48,301,0.152823920265781,615,0,49267,NA,24600,0.565217391304348,0.673913043478261,0.332892998678996,0.112094395280236,0.434782608695652,0,0,0.565217391304348,1.00000000000001,"Chautauqua",FALSE,"2020-2024"
"14770",155,63,1193,0.129924559932942,818,0.0662650602409639,56910,51518,32720,0.0268456375838926,0.355704697986577,0.134969325153374,0.0383673469387755,0.761290322580645,0,0,0,1,"Allegany",FALSE,"2020-2024"
"14772",196,61,1649,0.118859915100061,689,0.241509433962264,79583,43571,27560,0.196428571428571,0.375,0.135352144987382,0.0478589420654912,0.918367346938776,0,0,0,1,"Cattaraugus",FALSE,"2020-2024"
"14774",21,13,86,0.244186046511628,936,0,39250,NA,37440,0.153846153846154,0.846153846153846,0.212686567164179,0.0866141732283465,1,0,0,0,1.00000000000004,"Allegany",FALSE,"2020-2024"
"14775",223,68,967,0.230610134436401,677,0.0823045267489712,49961,37396,27080,0.131067961165049,0.257281553398058,0.14733676975945,0.0396341463414634,0.977578475336323,0,0,0,1,"Chautauqua",FALSE,"2020-2024"
"14777",17,13,164,0.103658536585366,NA,0.392857142857143,57500,NA,NA,0,0.461538461538462,0.16079295154185,0.025,1,0,0,0,1,"Allegany",FALSE,"2020-2024"
"14778",0,14,0,NA,NA,NA,NA,NA,NA,NA,NA,0.857142857142857,0.0813253012048193,NA,NA,NA,NA,1.00000000000004,"Cattaraugus",FALSE,"2020-2024"
"14779",1180,113,2906,0.406056434962147,697,0.0394524959742351,42593,30903,27880,0.227686703096539,0.457194899817851,0.226984606097193,0.0769501054111033,0.680508474576271,0.026271186440678,0,0.0508474576271186,0.999999999999997,"Cattaraugus",FALSE,"2020-2024"
"14781",136,48,713,0.190743338008415,838,0,61625,36053,33520,0.298245614035088,0.350877192982456,0.142940151074956,0.0600558659217877,0.985294117647059,0,0,0,1,"Chautauqua",FALSE,"2020-2024"
"14782",174,54,918,0.189542483660131,725,0.0459183673469388,71250,27083,29000,0.386363636363636,0.46969696969697,0.107193901858028,0.0182403433476395,0.931034482758621,0.0574712643678161,0,0,0.999999999999999,"Chautauqua",FALSE,"2020-2024"
"14783",16,13,47,0.340425531914894,NA,0,NA,NA,NA,0,0,0.325,0,0.6875,0,0,0,1,"Cattaraugus",FALSE,"2020-2024"
"14784",73,48,309,0.236245954692557,679,0,77750,46250,27160,0.185185185185185,0.185185185185185,0.0894409937888199,0.101522842639594,0.904109589041096,0.0958904109589041,0,0,1.00000000000001,"Chautauqua",FALSE,"2020-2024"
"14785",0,14,0,NA,NA,NA,NA,NA,NA,NA,NA,NA,NA,NA,NA,NA,NA,0.999999999999984,"Chautauqua",FALSE,"2020-2024"
"14787",651,192,2312,0.281574394463668,673,0.0869565217391304,53587,45503,26920,0.158478605388273,0.380348652931854,0.123984608807183,0.0834505391467417,0.990783410138249,0,0,0,0.999999999999997,"Chautauqua",FALSE,"2020-2024"
"14788",10,14,32,0.3125,NA,0,66000,NA,NA,0,1,0.127450980392157,0.787234042553192,0,1,0,0,1,"Cattaraugus",FALSE,"2020-2024"
"14801",347,103,1895,0.18311345646438,805,0.0334261838440111,63125,35450,32200,0.213768115942029,0.47463768115942,0.175592960979342,0.0489389346037246,0.982708933717579,0,0,0,0.999999999999999,"Steuben",FALSE,"2020-2024"
"14802",353,91,686,0.514577259475219,895,0,40489,20592,35800,0.470383275261324,0.588850174216028,0.375739644970414,0.164630908125332,0.858356940509915,0,0.0708215297450425,0.0169971671388102,1,"Allegany",FALSE,"2020-2024"
"14803",131,60,619,0.211631663974152,810,0,51694,18345,32400,0.687022900763359,0.755725190839695,0.329590488771466,0.136950904392765,0.977099236641221,0,0,0.0229007633587786,1,"Allegany",FALSE,"2020-2024"
"14804",51,16,521,0.0978886756238004,983,0.0892857142857143,83173,36250,39320,0.137931034482759,0.379310344827586,0.122690317812269,0.0564263322884013,0.92156862745098,0,0.0196078431372549,0.0196078431372549,0.999999999999999,"Allegany",FALSE,"2020-2024"
"14805",28,17,350,0.08,875,0,65000,48750,35000,0.214285714285714,0.607142857142857,0.224719101123595,0.0824175824175824,1,0,0,0,1.00000000000001,"Schuyler",FALSE,"2020-2024"
"14806",145,39,749,0.193591455273698,774,0,74688,41442,30960,0.0916666666666667,0.2,0.094687006838506,0.0928899082568807,0.958620689655172,0,0,0,0.999999999999998,"Allegany",FALSE,"2020-2024"
"14807",120,46,1103,0.108794197642792,868,0.0163934426229508,64408,38125,34720,0.0631578947368421,0.347368421052632,0.0961106955871354,0.0289855072463768,0.958333333333333,0,0,0.0333333333333333,1,"Steuben",FALSE,"2020-2024"
"14808",22,23,239,0.0920502092050209,NA,0,33203,NA,NA,0,0.5,0.306,0,1,0,0,0,1,"Steuben",FALSE,"2020-2024"
"14809",216,78,977,0.221084953940635,898,0,63875,55366,35920,0.308457711442786,0.328358208955224,0.253824756606398,0.0357675111773472,0.967592592592593,0.00462962962962963,0,0,1,"Steuben",FALSE,"2020-2024"
"14810",1498,229,5446,0.275064267352185,732,0.10493119266055,51950,26515,29280,0.261299435028249,0.446327683615819,0.171937116010119,0.0667039314328303,0.942590120160214,0.0353805073431242,0,0,1,"Steuben",FALSE,"2020-2024"
"14812",123,49,1206,0.101990049751244,947,0.0888888888888889,62073,47188,37880,0.0206185567010309,0.536082474226804,0.0894253655219313,0.0627476882430647,0.926829268292683,0.0650406504065041,0,0,0.999999999999993,"Schuyler",FALSE,"2020-2024"
"14813",203,58,1030,0.197087378640777,726,0.200787401574803,63750,39018,29040,0.29940119760479,0.479041916167665,0.156488549618321,0.0633147113594041,0.995073891625616,0,0,0,1,"Allegany",FALSE,"2020-2024"
"14814",271,114,901,0.300776914539401,1152,0,98783,NA,46080,0.475095785440613,0.636015325670498,0.0713952403173122,0.0185185185185185,0.988929889298893,0,0.00738007380073801,0,1.00000000000003,"Chemung",FALSE,"2020-2024"
"14815",56,29,304,0.184210526315789,950,0,56875,NA,38000,0.529411764705882,0.666666666666667,0.16565349544073,0.0357142857142857,0.964285714285714,0,0,0,0.999999999999995,"Schuyler",FALSE,"2020-2024"
"14816",15,22,207,0.072463768115942,NA,0,63487,NA,NA,NA,NA,0.0561797752808989,0.0355731225296443,1,0,0,0,1.00000000000001,"Chemung",FALSE,"2020-2024"
"14817",454,146,1177,0.385726423109601,1482,0,77228,56500,59280,0.0987654320987654,0.469135802469136,0.147130153597413,0.0615586116568435,0.610132158590308,0,0.013215859030837,0.229074889867841,1,"Tompkins",FALSE,"2020-2024"
"14818",121,82,771,0.156939040207523,1508,0,69107,60208,60320,0.158333333333333,0.75,0.15122470713525,0.0462046204620462,1,0,0,0,0.999999999999997,"Schuyler",FALSE,"2020-2024"
"14819",58,30,246,0.235772357723577,1317,0.107692307692308,50000,NA,52680,0.658536585365854,0.707317073170732,0.475928473177442,0.094488188976378,1,0,0,0,0.999999999999998,"Steuben",FALSE,"2020-2024"
"14820",37,25,233,0.158798283261803,854,0,64306,44712,34160,0.25,0.25,0.145214521452145,0.0374149659863946,1,0,0,0,0.999999999999987,"Steuben",FALSE,"2020-2024"
"14821",211,91,1150,0.183478260869565,894,0,77609,46172,35760,0.542682926829268,0.609756097560976,0.177914110429448,0.0377668308702791,0.981042654028436,0,0,0,0.999999999999996,"Steuben",FALSE,"2020-2024"
"14822",46,22,385,0.119480519480519,950,0.178571428571429,66771,50000,38000,0.28125,0.4375,0.138461538461538,0.0813648293963255,0.978260869565217,0,0,0,0.999999999999999,"Allegany",FALSE,"2020-2024"
"14823",348,81,1423,0.244553759662684,955,0.0842105263157895,63140,29821,38200,0.231833910034602,0.560553633217993,0.120842572062084,0.0819070904645477,0.827586206896552,0,0.10632183908046,0.0373563218390805,1,"Steuben",FALSE,"2020-2024"
"14824",58,28,308,0.188311688311688,1386,0,61061,88750,55440,0.3,0.4,0.138686131386861,0.121951219512195,1,0,0,0,1.00000000000001,"Schuyler",FALSE,"2020-2024"
"14825",76,45,301,0.252491694352159,768,0,61250,42237,30720,0.087719298245614,0.228070175438596,0.14780292942743,0.05,1,0,0,0,0.99999999999999,"Chemung",FALSE,"2020-2024"
"14826",79,36,819,0.0964590964590965,691,0,69464,50417,27640,0.2,0.373333333333333,0.104176904176904,0.0530973451327434,0.949367088607595,0.0253164556962025,0,0,0.999999999999989,"Steuben",FALSE,"2020-2024"
"14827",0,14,10,0,NA,NA,NA,NA,NA,NA,NA,0,0,NA,NA,NA,NA,0.999999999999967,"Steuben",FALSE,"2020-2024"
"14830",2935,310,8634,0.339935140143618,1043,0.0516962843295638,73263,40237,41720,0.20192994996426,0.433523945675482,0.0945744680851064,0.0635279605263158,0.839863713798978,0.0456558773424191,0.044633730834753,0.0398637137989779,1,"Steuben",FALSE,"2020-2024"
"14836",40,42,511,0.0782778864970646,1108,0,74130,73534,44320,0,0.0909090909090909,0.0857959961868446,0.0763473053892216,1,0,0,0,1.00000000000002,"Livingston",FALSE,"2020-2024"
"14837",423,107,2213,0.191143244464528,785,0.0536912751677852,65845,27292,31400,0.213513513513514,0.454054054054054,0.169350557423465,0.0556213017751479,0.964539007092199,0,0,0,0.999999999999996,"Yates",FALSE,"2020-2024"
"14838",53,32,741,0.0715249662618084,747,0,73884,32422,29880,0,0.25,0.083008356545961,0.0307855626326964,1,0,0,0,0.999999999999994,"Chemung",FALSE,"2020-2024"
"14839",52,27,263,0.197718631178707,845,0,79861,45556,33800,0,0.0666666666666667,0.0444078947368421,0.00986842105263158,1,0,0,0,0.999999999999995,"Steuben",FALSE,"2020-2024"
"14840",167,45,1179,0.141645462256149,825,0.241071428571429,84792,43958,33000,0.18,0.413333333333333,0.0396203054065208,0.0368705035971223,0.874251497005988,0,0,0.0598802395209581,0.999999999999998,"Steuben",FALSE,"2020-2024"
"14841",51,41,327,0.155963302752294,NA,0.532110091743119,89821,45341,NA,0.685714285714286,0.685714285714286,0.184813753581662,0,1,0,0,0,1.00000000000002,"Schuyler",FALSE,"2020-2024"
"14842",102,69,279,0.365591397849462,859,0,74821,NA,34360,0.440860215053763,0.623655913978495,0.027431421446384,0.0326409495548961,1,0,0,0,1.00000000000002,"Yates",FALSE,"2020-2024"
"14843",2233,286,5662,0.394383610031791,772,0.0393964794635373,57874,34873,30880,0.192218619731357,0.389069013432145,0.175086391311502,0.0919986495611074,0.891625615763547,0.0282131661442006,0.00761307657859382,0.0197044334975369,1.00000000000001,"Steuben",FALSE,"2020-2024"
"14845",2442,315,9030,0.270431893687708,1257,0.0273809523809524,76832,52305,50280,0.258480034349506,0.471017604121941,0.0743644808470259,0.0356474643032989,0.882063882063882,0.0253890253890254,0.0348075348075348,0.0307125307125307,1,"Chemung",FALSE,"2020-2024"
"14846",32,19,334,0.0958083832335329,644,0,73587,27188,25760,0,0.666666666666667,0.116926503340757,0.0226700251889169,1,0,0,0,1.00000000000001,"Livingston",FALSE,"2020-2024"
"14847",147,41,845,0.17396449704142,1214,0,73594,41250,48560,0.119266055045872,0.357798165137615,0.0744538564422648,0.0315893385982231,0.857142857142857,0,0,0,0.99999999999999,"Seneca",FALSE,"2020-2024"
"14850",15912,764,28826,0.552001665163394,1480,0.0287825059101655,71445,43389,59200,0.359707724425887,0.621990257480863,0.195829058619592,0.0569765441302976,0.738185017596782,0.0376445449974862,0.105015082956259,0.0683760683760684,0.999999999999996,"Tompkins",FALSE,"2020-2024"
"14853",0,14,0,NA,NA,NA,NA,NA,NA,NA,NA,NA,0.0348484848484849,NA,NA,NA,NA,1.00000000000002,"Tompkins",FALSE,"2020-2024"
"14854",0,14,47,0,NA,NA,NA,NA,NA,NA,NA,0,0.0454545454545455,NA,NA,NA,NA,1,"Tompkins",FALSE,"2020-2024"
"14855",52,30,306,0.169934640522876,658,0,76500,50313,26320,0.369565217391304,0.434782608695652,0.116803278688525,0,1,0,0,0,0.999999999999999,"Steuben",FALSE,"2020-2024"
"14856",0,14,0,NA,NA,NA,NA,NA,NA,NA,NA,NA,NA,NA,NA,NA,NA,0.999999999999967,"Steuben",FALSE,"2020-2024"
"14858",23,14,500,0.046,NA,0.452380952380952,81750,NA,NA,0.3,0.9,0.0898161244695898,0.05,0.956521739130435,0,0,0,1,"Steuben",FALSE,"2020-2024"
"14859",25,17,354,0.0706214689265537,1125,0,98750,NA,45000,0.65,0.65,0.0704800817160368,0.0490018148820327,1,0,0,0,0.999999999999994,"Tioga",FALSE,"2020-2024"
"14860",178,125,495,0.35959595959596,677,0,78170,78480,27080,0.0569620253164557,0.069620253164557,0.117351215423303,0.0523012552301255,0.955056179775281,0,0,0.0224719101123595,0.999999999999996,"Seneca",FALSE,"2020-2024"
"14861",89,42,520,0.171153846153846,1137,0,64904,28580,45480,0.438356164383562,0.712328767123288,0.0706349206349206,0.0402414486921529,0.932584269662921,0,0,0.0674157303370786,0.999999999999994,"Chemung",FALSE,"2020-2024"
"14864",66,37,534,0.123595505617978,825,0,63667,NA,33000,0.481481481481481,0.5,0.141186299081036,0.0508474576271186,1,0,0,0,0.999999999999987,"Chemung",FALSE,"2020-2024"
"14865",269,88,966,0.278467908902692,773,0.0594405594405594,53846,25234,30920,0.347169811320755,0.479245283018868,0.251466890192791,0.112185686653772,0.947955390334573,0,0,0,0.999999999999998,"Schuyler",FALSE,"2020-2024"
"14867",449,141,2365,0.18985200845666,1180,0.179159049360146,75507,54743,47200,0.249443207126949,0.590200445434298,0.0858419110506895,0.0483586304271091,0.89977728285078,0,0,0.0623608017817372,1.00000000000001,"Tompkins",FALSE,"2020-2024"
"14869",138,49,457,0.301969365426696,875,0,80481,32969,35000,0.350746268656716,0.559701492537313,0.105906313645621,0.066543438077634,0.905797101449275,0,0,0.0144927536231884,0.999999999999998,"Schuyler",FALSE,"2020-2024"
"14870",1236,194,4190,0.294988066825776,1221,0.0455598455598456,84476,48750,48840,0.244500846023689,0.528764805414552,0.0989010989010989,0.0404280618311534,0.720873786407767,0.0687702265372168,0.0622977346278317,0.0720064724919094,1,"Steuben",FALSE,"2020-2024"
"14871",261,101,1875,0.1392,1002,0,72484,46302,40080,0.142857142857143,0.342857142857143,0.139468008626887,0.0376695128076344,1,0,0,0,0.999999999999987,"Chemung",FALSE,"2020-2024"
"14872",90,52,230,0.391304347826087,790,0,62708,58587,31600,0.226190476190476,0.226190476190476,0.0967741935483871,0.0267379679144385,0.933333333333333,0,0,0,1.00000000000003,"Chemung",FALSE,"2020-2024"
"14873",88,40,765,0.115032679738562,1088,0,68239,43654,43520,0.0641025641025641,0.461538461538462,0.0680519480519481,0.0271444082519001,1,0,0,0,0.999999999999994,"Steuben",FALSE,"2020-2024"
"14874",12,8,70,0.171428571428571,1583,0,90500,61250,63320,0,0.6,0.0717703349282297,0.05,1,0,0,0,1.00000000000001,"Steuben",FALSE,"2020-2024"
"14877",43,36,219,0.19634703196347,733,0,57750,50855,29320,0,0.416666666666667,0.202127659574468,0.184126984126984,1,0,0,0,1.00000000000001,"Steuben",FALSE,"2020-2024"
"14878",10,10,235,0.0425531914893617,NA,0,NA,NA,NA,0,0.4,0.18936877076412,0.0151515151515152,1,0,0,0,1.00000000000002,"Schuyler",FALSE,"2020-2024"
"14879",141,62,870,0.162068965517241,849,0.0208333333333333,53750,38438,33960,0.036144578313253,0.265060240963855,0.119368323269856,0.0643513789581205,0.893617021276596,0,0,0,1,"Steuben",FALSE,"2020-2024"
"14880",79,40,753,0.104913678618858,827,0,58750,34028,33080,0.471428571428571,0.628571428571429,0.173997412677878,0.0744047619047619,0.974683544303797,0,0,0,1,"Allegany",FALSE,"2020-2024"
"14881",28,31,55,0.509090909090909,NA,0,89063,81250,NA,0,0,0,0.135593220338983,1,0,0,0,0.999999999999983,"Tompkins",FALSE,"2020-2024"
"14882",410,163,1605,0.255451713395639,982,0,91960,NA,39280,0.232984293193717,0.395287958115183,0.101470233791275,0.087881591119334,0.980487804878049,0.0195121951219512,0,0,1,"Tompkins",FALSE,"2020-2024"
"14883",374,112,1668,0.224220623501199,997,0,68750,37016,39880,0.282608695652174,0.532608695652174,0.111725132148006,0.056663644605621,0.957219251336898,0,0,0.0401069518716578,1.00000000000001,"Tioga",FALSE,"2020-2024"
"14884",16,10,169,0.0946745562130177,920,0,48750,32500,36800,0,0.571428571428571,0.107734806629834,0.0353535353535354,1,0,0,0,1,"Allegany",FALSE,"2020-2024"
"14885",23,10,274,0.083941605839416,675,0,75500,43750,27000,0,0,0.0697050938337802,0.0345821325648415,1,0,0,0,1.00000000000001,"Steuben",FALSE,"2020-2024"
"14886",593,198,3056,0.194044502617801,982,0.0116666666666667,82000,46300,39280,0.143356643356643,0.372377622377622,0.100420926037282,0.0675601750547046,0.90893760539629,0.00337268128161889,0,0.0320404721753794,1,"Tompkins",FALSE,"2020-2024"
"14889",111,37,544,0.204044117647059,1085,0.112,61944,44922,43400,0.16,0.453333333333333,0.115844544095665,0.0352760736196319,0.765765765765766,0,0,0,0.99999999999999,"Chemung",FALSE,"2020-2024"
"14891",678,110,2102,0.322549952426261,825,0.0188133140376266,61875,37826,33000,0.161137440758294,0.401263823064771,0.0808726311150287,0.0828779599271403,0.955752212389381,0.0191740412979351,0,0,0.999999999999997,"Schuyler",FALSE,"2020-2024"
"14892",965,223,3460,0.278901734104046,959,0.0493827160493827,54043,32682,38360,0.25699481865285,0.638341968911917,0.12099358974359,0.0601889338731444,0.945077720207254,0,0,0,0.999999999999983,"Tioga",FALSE,"2020-2024"
"14893",0,14,8,0,NA,NA,NA,NA,NA,NA,NA,0.810810810810811,0,NA,NA,NA,NA,1.00000000000007,"Steuben",FALSE,"2020-2024"
"14894",69,36,476,0.144957983193277,950,0.158536585365854,51250,38194,38000,0.26865671641791,0.626865671641791,0.218721037998146,0.0695825049701789,0.782608695652174,0,0,0,0.999999999999987,"Chemung",FALSE,"2020-2024"
"14895",946,156,3759,0.251662676243682,709,0.11340206185567,63910,17989,28360,0.341436464088398,0.591160220994475,0.146134434503326,0.0587002096436059,0.966173361522199,0.0137420718816068,0,0.00317124735729387,0.999999999999999,"Allegany",FALSE,"2020-2024"
"14897",48,29,279,0.172043010752688,619,0,66458,50000,24760,0.0434782608695652,0.239130434782609,0.0491803278688525,0.032934131736527,0.979166666666667,0,0,0,1,"Allegany",FALSE,"2020-2024"
"14898",112,48,528,0.212121212121212,817,0,58824,54500,32680,0.0857142857142857,0.257142857142857,0.109140518417462,0.0878048780487805,1,0,0,0,0.999999999999997,"Steuben",FALSE,"2020-2024"
"14901",2721,284,5418,0.502214839424142,873,0.103063178047224,40989,24241,34920,0.3664,0.5548,0.297110332749562,0.0672636401499375,0.700110253583241,0.133406835722161,0.018008085262771,0.0885703785373025,1.00000000000001,"Chemung",FALSE,"2020-2024"
"14903",1064,194,3056,0.348167539267016,991,0.0284951024042743,67012,45972,39640,0.187042842215256,0.380355276907001,0.183899871995449,0.0569977426636569,0.851503759398496,0.0460526315789474,0.0140977443609023,0.0620300751879699,1,"Chemung",FALSE,"2020-2024"
"14904",2504,355,6623,0.378076400422769,1070,0.0563951345374125,53174,30082,42800,0.42717206132879,0.616695059625213,0.237196765498652,0.117430226434966,0.789936102236422,0.168130990415335,0.00119808306709265,0.0243610223642173,1,"Chemung",FALSE,"2020-2024"
"14905",1223,238,3850,0.317662337662338,1009,0.033201581027668,90825,41373,40360,0.251724137931034,0.468103448275862,0.149528410397976,0.0493647156842325,0.708094848732625,0.134096484055601,0.00654129190515127,0.0547833197056419,0.99999999999998,"Chemung",FALSE,"2020-2024"
